"id","name","year","api_pitch_group","team_name","bat_side_formatted","miss_distance","flawed_percent","perfect_percent","tied_up_percent","avg_x_tied_up","centered_percent","flailed_percent","avg_x_flail","early_percent","avg_y_early","on_time_percent","late_percent","avg_y_late","n_swings","whiff_rate","competitive_percent","over_percent","avg_z_over","lined_up_percent","under_percent","avg_z_under"
693645,"Schlittler, Cam",2026,"FF","Yankees","R","1.22254627",0.048559670781893,0.19012345679012346,0.12510288065843622,-6.021213522531596,0.7234567901234568,0.151440329218107,7.0131661905688,0.015637860082304528,8.808445996694466,0.7382716049382716,0.24609053497942388,-10.467772801464843,1215,0.2831275720164609,0.9045267489711935,0.02962962962962963,-3.1649955414054105,0.51440329218107,0.45596707818930043,3.2551734486738435
801139,"Tolle, Payton",2026,"FF","Red Sox","L","1.888852948",0.056842105263157895,0.17789473684210527,0.14210526315789473,-6.15841465795062,0.6736842105263158,0.18421052631578946,7.760014327026278,0.09368421052631579,10.70193827035005,0.7273684210526316,0.17894736842105263,-10.67101495284102,950,0.2694736842105263,0.9273684210526316,0.06,-4.225900842559949,0.5189473684210526,0.42105263157894735,3.093114472422835
656876,"Rasmussen, Drew",2026,"FF","Rays","R","1.814304884",0.04585152838427948,0.22161572052401746,0.17685589519650655,-6.198516064164146,0.7183406113537117,0.10480349344978165,7.970794179915792,0.048034934497816595,10.199786999258146,0.722707423580786,0.2292576419213974,-10.156556713577544,916,0.2336244541484716,0.8941048034934498,0.09606986899563319,-3.7402263520218817,0.5906113537117904,0.3133187772925764,3.0224110791065963
676106,"Hancock, Emerson",2026,"FF","Mariners","R","1.389055111",0.048478015783540024,0.23900789177001128,0.10146561443066517,-5.579007688663753,0.7282976324689966,0.17023675310033823,6.985873144987499,0.05636978579481398,12.527987740379006,0.7170236753100339,0.2266065388951522,-10.152900377896316,887,0.21195039458850057,0.9357384441939121,0.0777903043968433,-3.1396553549656656,0.6133032694475761,0.3089064261555806,2.931016807511234
671737,"Bradley, Taj",2026,"FF","Twins","R","2.373076127",0.05328798185941043,0.25056689342403626,0.07256235827664399,-5.5835827117793535,0.7596371882086168,0.16780045351473924,8.421889806506188,0.08616780045351474,10.83464922681056,0.7346938775510204,0.17913832199546487,-10.641849513922192,882,0.23582766439909297,0.9126984126984127,0.0963718820861678,-3.66182919490721,0.5600907029478458,0.3435374149659864,2.9446198411889872
694819,"Misiorowski, Jacob",2026,"FF","Brewers","R","1.487341023",0.07462686567164178,0.1549942594718714,0.12743972445464982,-6.879161691125949,0.7129735935706085,0.15958668197474168,7.677149569613951,0.013777267508610792,9.354577647905707,0.6808266360505166,0.30539609644087257,-10.508807225995884,871,0.3788748564867968,0.8920780711825488,0.045924225028702644,-4.134861064700785,0.4293915040183697,0.5246842709529277,3.4631888476070913
645261,"Alcantara, Sandy",2026,"FF","Marlins","R","1.648064205",0.048406139315230225,0.2715466351829988,0.11334120425029516,-6.07165465144625,0.6977567886658795,0.18890200708382526,7.535404249182727,0.04132231404958678,11.399124617276819,0.7485242030696576,0.2101534828807556,-9.76248096379604,847,0.1770956316410862,0.9386068476977568,0.047225501770956316,-3.084217100671866,0.6552538370720189,0.2975206611570248,2.945095195275319
676440,"Bibee, Tanner",2026,"FF","Guardians","R","2.60662719",0.04424778761061947,0.2920353982300885,0.09355246523388117,-6.77855112121944,0.718078381795196,0.18836915297092288,8.50373860547232,0.1213653603034134,12.239579986488605,0.729456384323641,0.14917825537294563,-10.458561299721616,791,0.213653603034134,0.9077117572692794,0.09355246523388117,-3.6610620725407625,0.6814159292035398,0.225031605562579,2.9411578838549843
693433,"Woo, Bryan",2026,"FF","Mariners","R","0.983426996",0.02998696219035202,0.2542372881355932,0.09908735332464146,-5.819272077325007,0.7966101694915254,0.10430247718383312,6.1929728574665335,0.002607561929595828,7.7326595175717605,0.7796610169491526,0.21773142112125163,-10.296216648920767,767,0.22164276401564537,0.9152542372881356,0.035202086049543675,-2.661740853968294,0.5514993481095176,0.4132985658409387,3.099973391522942
680732,"Burke, Sean",2026,"FF","White Sox","R","1.165518814",0.04699738903394256,0.21801566579634465,0.10704960835509138,-5.774801932344678,0.7441253263707572,0.14882506527415143,6.531791673373383,0.030026109660574413,9.081816105367343,0.7036553524804178,0.26631853785900783,-10.308692609713049,766,0.2349869451697128,0.8942558746736292,0.04699738903394256,-3.5135976374018965,0.5391644908616188,0.41383812010443866,3.0208163936935795
669022,"Gore, MacKenzie",2026,"FF","Rangers","L","1.086152329",0.05213903743315508,0.2072192513368984,0.13770053475935828,-5.76903204117547,0.7513368983957219,0.11096256684491979,6.597238437939501,0.016042780748663103,9.653336461121162,0.7165775401069518,0.26737967914438504,-10.652561217504855,748,0.22994652406417113,0.9050802139037433,0.04946524064171123,-3.186344286258187,0.5401069518716578,0.410427807486631,3.0528618825994336
593958,"Rodriguez, Eduardo",2026,"FF","Diamondbacks","L","1.098712524",0.041891891891891894,0.22567567567567567,0.13918918918918918,-5.833608292804417,0.754054054054054,0.10675675675675676,7.099277708718811,0.016216216216216217,8.50467239675879,0.7067567567567568,0.27702702702702703,-11.056450317497701,740,0.1864864864864865,0.8905405405405405,0.022972972972972974,-3.301857907701607,0.5540540540540541,0.422972972972973,2.924470863986613
669432,"Rogers, Trevor",2026,"FF","Orioles","L","1.811120248",0.03424657534246575,0.21506849315068494,0.08356164383561644,-6.098959340247805,0.7712328767123288,0.14520547945205478,7.515472653803179,0.10410958904109589,11.893698826902636,0.7041095890410959,0.1917808219178082,-9.840354858730432,730,0.22602739726027396,0.9219178082191781,0.038356164383561646,-4.023294596455025,0.5657534246575342,0.3958904109589041,2.9633210117348074
800048,"Messick, Parker",2026,"FF","Guardians","L","1.270756746",0.050824175824175824,0.23214285714285715,0.11126373626373626,-6.021713358505896,0.7596153846153846,0.12912087912087913,6.648719791740766,0.017857142857142856,8.47583570558407,0.7156593406593407,0.2664835164835165,-10.851309898797298,728,0.23351648351648352,0.907967032967033,0.027472527472527472,-3.0716044154728532,0.5576923076923077,0.41483516483516486,3.14773324540224
690997,"McLean, Nolan",2026,"FF","Mets","R","1.657915326",0.048209366391184574,0.23002754820936638,0.12258953168044077,-6.452442172999908,0.6460055096418733,0.23140495867768596,7.867836601326273,0.024793388429752067,8.561673450153833,0.7382920110192838,0.2369146005509642,-10.970232487140262,726,0.19972451790633608,0.9049586776859504,0.0674931129476584,-3.1755776165706284,0.6515151515151515,0.2809917355371901,3.12824627116012
656492,"Griffin, Foster",2026,"FF","zMLB","L","1.168743581",0.04160887656033287,0.19972260748959778,0.1636615811373093,-5.983794550190069,0.7018030513176144,0.13453536754507628,6.734958247671364,0.024965325936199722,9.02041422061703,0.6421636615811374,0.332871012482663,-10.613911828961646,721,0.1927877947295423,0.9195561719833565,0.04854368932038835,-3.2004388373907235,0.6227461858529819,0.3287101248266297,3.0356065816955984
607259,"Martinez, Nick",2026,"FF","Rays","R","1.247284599",0.019553072625698324,0.28910614525139666,0.18156424581005587,-5.655223750692513,0.7262569832402235,0.09217877094972067,7.624089460027162,0.05865921787709497,9.419305976894636,0.7541899441340782,0.1871508379888268,-10.351291647793433,716,0.11312849162011174,0.9427374301675978,0.04189944134078212,-2.5748919986119323,0.7039106145251397,0.2541899441340782,2.835367751665241
669358,"Baz, Shane",2026,"FF","Orioles","R","1.301298139",0.039160839160839164,0.26433566433566436,0.0993006993006993,-5.761052702684101,0.7748251748251749,0.1258741258741259,7.191997516101307,0.05314685314685315,10.523101058806452,0.7426573426573426,0.2041958041958042,-10.246656537522266,715,0.1902097902097902,0.9272727272727272,0.03076923076923077,-2.9395356341788483,0.6167832167832168,0.35244755244755244,2.8763447646593363
622491,"Castillo, Luis",2026,"FF","zMLB","R","1.043911086",0.0345821325648415,0.22478386167146974,0.11815561959654179,-6.327930747501968,0.7651296829971181,0.11671469740634005,6.2371068595258565,0.005763688760806916,8.112958523302632,0.7680115273775217,0.22622478386167147,-9.955965697913916,694,0.23198847262247838,0.9322766570605188,0.024495677233429394,-3.149124535623511,0.5648414985590778,0.4106628242074928,3.049830961016345
641743,"Kay, Anthony",2026,"FF","White Sox","L","1.334923707",0.031791907514450865,0.2514450867052023,0.203757225433526,-6.5276987528889086,0.7167630057803468,0.07947976878612717,6.8395092045699695,0.033236994219653176,8.8206017721659,0.8164739884393064,0.15028901734104047,-10.078647004138077,692,0.19508670520231214,0.9234104046242775,0.09826589595375723,-3.3888207932439016,0.6430635838150289,0.2586705202312139,2.957057082416442
608379,"Wacha, Michael",2026,"FF","Royals","R","0.965416471",0.017518248175182483,0.27153284671532846,0.1386861313868613,-5.718692800263949,0.7591240875912408,0.10218978102189781,7.137912426127917,0.0364963503649635,9.801045700348254,0.7138686131386861,0.24963503649635035,-10.788086524178176,685,0.16934306569343066,0.8978102189781022,0.024817518248175182,-2.7703414252570835,0.6467153284671533,0.3284671532846715,2.8697981445805913
640455,"Manaea, Sean",2026,"FF","Mets","L","1.384414291",0.05555555555555555,0.24269005847953215,0.10964912280701754,-5.893518173431415,0.7017543859649122,0.18859649122807018,8.161412663806662,0.029239766081871343,10.984515882591198,0.6885964912280702,0.2821637426900585,-11.364376214333292,684,0.1915204678362573,0.9064327485380117,0.03508771929824561,-2.953025454045872,0.618421052631579,0.34649122807017546,3.1247542859406887
669160,"May, Dustin",2026,"FF","zMLB","R","1.403704652",0.030837004405286344,0.27606461086637296,0.1644640234948605,-6.261307054112245,0.7268722466960352,0.10866372980910426,7.945715920034621,0.027900146842878122,9.144021326426763,0.7870778267254038,0.18502202643171806,-10.049276286200724,681,0.2055800293685756,0.9251101321585903,0.1145374449339207,-3.093445678062516,0.6196769456681351,0.2657856093979442,3.0014394737642984
669923,"Kirby, George",2026,"FF","Mariners","R","1.023045824",0.026627218934911243,0.2559171597633136,0.11834319526627218,-5.732443631177798,0.7603550295857988,0.12130177514792899,6.681755119725338,0.0073964497041420114,8.459650768346489,0.7396449704142012,0.2529585798816568,-10.589315601577837,676,0.1997041420118343,0.8949704142011834,0.03550295857988166,-3.0322392729688827,0.5946745562130178,0.3698224852071006,2.9915012271345107
694477,"Patrick, Chad",2026,"FF","Brewers","R","1.442666058",0.04833836858006042,0.22507552870090636,0.10876132930513595,-6.062520204185422,0.6570996978851964,0.23413897280966767,7.636110537096834,0.09365558912386707,10.463768350152428,0.7220543806646526,0.18429003021148035,-10.54585503911941,662,0.2673716012084592,0.9274924471299094,0.0377643504531722,-3.2720846294679777,0.5649546827794562,0.3972809667673716,3.0501324375295344
681190,"Vásquez, Randy",2026,"FF","Padres","R","1.267193795",0.030395136778115502,0.2750759878419453,0.11702127659574468,-5.6698540937968485,0.7386018237082067,0.14437689969604864,7.136396347131973,0.05623100303951368,9.593904293026112,0.7948328267477204,0.14893617021276595,-9.4087660937992,658,0.18085106382978725,0.9407294832826748,0.05015197568389058,-2.7899843420388333,0.5866261398176292,0.36322188449848025,2.8744512822420685
694973,"Skenes, Paul",2026,"FF","Pirates","R","1.117724975",0.0441400304414003,0.1933028919330289,0.1171993911719939,-5.5576745077945935,0.7671232876712328,0.1156773211567732,6.465410749020652,0.0076103500761035,7.959456982827197,0.7366818873668188,0.2557077625570776,-10.601402583510206,657,0.2709284627092846,0.9025875190258752,0.0243531202435312,-2.7388970428456667,0.4824961948249619,0.4931506849315068,3.2200711151933508
554430,"Wheeler, Zack",2026,"FF","Phillies","R","1.160782267",0.045871559633027525,0.20336391437308868,0.18654434250764526,-6.671593124226158,0.7003058103975535,0.11314984709480122,6.871532775107921,0.013761467889908258,8.426355736037653,0.7003058103975535,0.28593272171253825,-10.785593125080428,654,0.2400611620795107,0.8807339449541285,0.05045871559633028,-3.144257273106654,0.555045871559633,0.3944954128440367,3.1270742905218856
695505,"Burns, Chase",2026,"FF","Reds","R","0.945821304",0.019908116385911178,0.25880551301684535,0.07656967840735068,-5.146090823027707,0.8254211332312404,0.09800918836140889,5.820658241547161,0.018376722817764167,8.647276231091963,0.7871362940275651,0.19448698315467075,-10.249694096004212,653,0.16845329249617153,0.9218989280245024,0.018376722817764167,-3.093529692919613,0.5865237366003063,0.39509954058192953,2.8653482208229497
592332,"Gausman, Kevin",2026,"FF","zMLB","R","0.935832516",0.015313935681470138,0.25880551301684535,0.10260336906584992,-5.543143434892633,0.8101071975497703,0.08728943338437979,5.970463028773821,0.006125574272588055,8.012628105499331,0.678407350689127,0.31546707503828486,-10.184239800943493,653,0.1546707503828484,0.9127105666156202,0.007656967840735069,-2.2485502344602586,0.5865237366003063,0.4058192955589586,2.9188624022745713
691587,"Pérez, Eury",2026,"FF","Marlins","R","1.313594789",0.030864197530864196,0.19907407407407407,0.12654320987654322,-6.259927686138157,0.6790123456790124,0.19444444444444445,7.03220704479016,0.029320987654320986,8.844842058278674,0.8441358024691358,0.12654320987654322,-10.359710683447318,648,0.2222222222222222,0.9367283950617284,0.035493827160493825,-3.7334662009343593,0.5648148148148148,0.39969135802469136,3.020810836120687
676917,"Cavalli, Cade",2026,"FF","Nationals","R","1.054704921",0.02786377708978328,0.2647058823529412,0.10990712074303406,-5.698238485736531,0.7306501547987616,0.15944272445820434,6.86650733966987,0.02476780185758514,9.203103477909046,0.7987616099071208,0.17647058823529413,-9.836931516052244,646,0.19504643962848298,0.9365325077399381,0.03560371517027864,-2.8381068634339215,0.6362229102167183,0.3281733746130031,2.9166665217572443
677944,"Cecconi, Slade",2026,"FF","Guardians","R","1.824240837",0.04075235109717868,0.29310344827586204,0.08463949843260188,-6.152352186138228,0.7147335423197492,0.2006269592476489,6.755910889454153,0.08150470219435736,10.073712971122177,0.7382445141065831,0.18025078369905956,-10.358230082305582,638,0.1724137931034483,0.9263322884012539,0.06583072100313479,-2.810989121040035,0.6880877742946708,0.24608150470219436,2.946131837545596
701542,"Warren, Will",2026,"FF","Yankees","R","1.157586477",0.03164556962025317,0.2927215189873418,0.05379746835443038,-5.971644252029301,0.7373417721518988,0.2088607594936709,6.361901192598422,0.03322784810126582,8.60978104587467,0.7848101265822784,0.1819620253164557,-9.993017476465079,632,0.20727848101265822,0.9335443037974683,0.06487341772151899,-3.0815779347445256,0.6012658227848101,0.3338607594936709,3.017503715303397
641778,"Lauer, Eric",2026,"FF","zMLB","L","0.795684741",0.02936378466557912,0.21859706362153344,0.13866231647634583,-5.812005503204868,0.7520391517128875,0.10929853181076672,6.376471138747337,0.04241435562805873,8.591039908249636,0.7292006525285482,0.22838499184339314,-10.542791258137152,613,0.20717781402936378,0.9119086460032626,0.021207177814029365,-2.7434663698678943,0.5628058727569332,0.4159869494290375,2.943428295367111
693821,"Elder, Bryce",2026,"FF","Braves","R","1.544012192",0.03130148270181219,0.3130148270181219,0.13509060955518945,-6.037506513527002,0.7627677100494233,0.10214168039538715,8.770302875582303,0.036243822075782535,9.460297043836075,0.729818780889621,0.23393739703459637,-10.811675938506044,607,0.16474464579901152,0.9159802306425041,0.06260296540362438,-3.1192170886423454,0.6754530477759473,0.26194398682042835,3.034274933168179
668909,"Williams, Gavin",2026,"CU","Guardians","R","5.175377233",0.1254125412541254,0.18151815181518152,0.11551155115511551,-7.102462826013211,0.5759075907590759,0.3085808580858086,10.303896524350435,0.38613861386138615,12.14236535980639,0.5610561056105611,0.052805280528052806,-10.345122786763717,606,0.3778877887788779,0.8613861386138614,0.32838283828382836,-4.764064707936134,0.5808580858085809,0.09075907590759076,2.89923915776989
642547,"Peralta, Freddy",2026,"FF","zMLB","R","1.097021465",0.023140495867768594,0.27107438016528923,0.0743801652892562,-5.754336652067959,0.8231404958677686,0.1024793388429752,6.011379724168991,0.008264462809917356,8.612153744915975,0.7586776859504132,0.23305785123966943,-9.933086107578324,605,0.21983471074380165,0.9338842975206612,0.0049586776859504135,-2.5112747258626316,0.5322314049586777,0.4628099173553719,3.1133017849108975
808967,"Yamamoto, Yoshinobu",2026,"FF","Dodgers","R","1.356649077",0.03986710963455149,0.21096345514950166,0.16611295681063123,-6.296142018159239,0.7109634551495017,0.12292358803986711,6.9496292624435805,0.023255813953488372,10.41493194548806,0.7009966777408638,0.2757475083056478,-9.818504756659237,602,0.23920265780730898,0.8970099667774086,0.054817275747508304,-3.6202139943979335,0.5863787375415282,0.3588039867109635,3.0183156713021724
677952,"Ashcraft, Braxton",2026,"CU","Pirates","R","3.550160348",0.11912751677852348,0.18791946308724833,0.06543624161073826,-6.599640536260857,0.6057046979865772,0.3288590604026846,8.496723109035463,0.3573825503355705,11.65179753247285,0.5989932885906041,0.0436241610738255,-9.471103642535134,596,0.35067114093959734,0.9043624161073825,0.31711409395973156,-3.983636734631504,0.6157718120805369,0.06711409395973154,2.6676237145947677
663903,"Singer, Brady",2026,"FF","Reds","R","0.986066214",0.03535353535353535,0.31986531986531985,0.12289562289562289,-6.145212976897895,0.7272727272727273,0.14983164983164984,6.854824042887006,0.03535353535353535,8.983055340071987,0.7592592592592593,0.2053872053872054,-11.227300882141323,594,0.16498316498316498,0.9090909090909091,0.03535353535353535,-2.959211335615264,0.6902356902356902,0.27441077441077444,3.021472771476408
687064,"Young, Brandon",2026,"FF","Orioles","R","0.969398689",0.04391891891891892,0.2685810810810811,0.12837837837837837,-5.926106943224689,0.7736486486486487,0.09797297297297297,6.5688177165631245,0.006756756756756757,7.634022215036278,0.7246621621621622,0.2685810810810811,-10.209999754312486,592,0.18074324324324326,0.9003378378378378,0.013513513513513514,-2.249037919565141,0.5962837837837838,0.3902027027027027,2.9449944214893344
667755,"Soriano, José",2026,"FF","zMLB","R","1.346512312",0.023688663282571912,0.2859560067681895,0.10152284263959391,-6.288859659671733,0.7191201353637902,0.1793570219966159,6.194269654652674,0.021996615905245348,9.051779876994626,0.8409475465313029,0.13705583756345177,-9.914395695714457,591,0.20473773265651438,0.949238578680203,0.16751269035532995,-3.02761442498707,0.626057529610829,0.20642978003384094,3.0401065671820393
669302,"Gilbert, Logan",2026,"FF","Mariners","R","0.85030098",0.015280135823429542,0.25127334465195245,0.07809847198641766,-5.673730813607244,0.8505942275042445,0.07130730050933787,6.107340685635716,0.01697792869269949,8.686974277697548,0.8098471986417657,0.1731748726655348,-9.559534696233897,589,0.22580645161290322,0.9388794567062818,0.022071307300509338,-3.183129785570825,0.5297113752122241,0.44821731748726656,2.8691550679388724
657277,"Webb, Logan",2026,"FF","Giants","R","1.05258201",0.054514480408858604,0.293015332197615,0.141396933560477,-6.201785946312699,0.7018739352640545,0.1567291311754685,7.076095725592127,0.018739352640545145,9.755916614946662,0.7461669505962522,0.23509369676320271,-10.728562504468005,587,0.17206132879045996,0.9182282793867121,0.04770017035775128,-2.933702639019066,0.6695059625212947,0.282793867120954,3.0172801276695473
677958,"Rocker, Kumar",2026,"FF","Rangers","R","1.616912014",0.029159519725557463,0.27615780445969124,0.1646655231560892,-5.785697867817212,0.6723842195540308,0.16295025728987994,7.044871743671033,0.04974271012006861,10.536455869805412,0.8164665523156089,0.13379073756432247,-9.961181167323021,583,0.16123499142367068,0.9519725557461407,0.06518010291595197,-3.022127648528784,0.7015437392795884,0.2332761578044597,2.8695923940291603
519242,"Sale, Chris",2026,"FF","Braves","L","0.975252631",0.053726169844020795,0.19584055459272098,0.09358752166377816,-5.712547129160951,0.7313691507798961,0.17504332755632582,6.9469847813691326,0.005199306759098787,9.205496658048128,0.5927209705372617,0.4020797227036395,-10.928564045707743,577,0.24263431542461006,0.8804159445407279,0.024263431542461005,-2.6523377051750523,0.5060658578856152,0.4696707105719237,3.0628763586794334
657746,"Ryan, Joe",2026,"FF","Twins","R","1.060975702",0.029513888888888888,0.2361111111111111,0.10243055555555555,-5.766789603619352,0.8020833333333334,0.0954861111111111,6.071673047202437,0.015625,8.61377652730864,0.7864583333333334,0.19791666666666666,-10.322429343029002,576,0.2361111111111111,0.9270833333333334,0.012152777777777778,-2.1874855735357155,0.5,0.4878472222222222,3.0604573713824976
607625,"Lugo, Seth",2026,"FF","Royals","R","1.015900959",0.04,0.2921739130434783,0.06260869565217392,-6.230752512279028,0.7617391304347826,0.17565217391304347,6.809055953409244,0.04173913043478261,8.836324467373256,0.7391304347826086,0.21913043478260869,-11.155234525925682,575,0.1791304347826087,0.9408695652173913,0.04869565217391304,-2.6056920502642904,0.6417391304347826,0.3095652173913043,2.9462737655473528
672282,"Detmers, Reid",2026,"FF","Angels","L","1.07049355",0.04363001745200698,0.2513089005235602,0.06806282722513089,-6.154549656266463,0.8045375218150087,0.1273996509598604,7.052053398040236,0.010471204188481676,9.221393108582799,0.7556719022687609,0.2338568935427574,-10.954468586736231,573,0.22164048865619546,0.900523560209424,0.006980802792321117,-2.404610443095011,0.5130890052356021,0.4799301919720768,2.9715602815363638
696149,"Chandler, Bubba",2026,"FF","Pirates","R","1.060640304",0.04020979020979021,0.22552447552447552,0.12062937062937062,-5.818083264103887,0.7814685314685315,0.0979020979020979,7.628996811557421,0.006993006993006993,8.807190378770436,0.7255244755244755,0.2674825174825175,-10.610948038852907,572,0.21153846153846154,0.8933566433566433,0.01048951048951049,-2.8468688338484007,0.5262237762237763,0.4632867132867133,3.027918611040488
624133,"Suarez, Ranger",2026,"FF","Red Sox","L","0.838365255",0.01926444833625219,0.25569176882662,0.1646234676007005,-5.747181318052342,0.6987740805604203,0.13660245183887915,6.382022287227024,0.02626970227670753,10.350057494154843,0.7320490367775832,0.24168126094570927,-11.044216402956467,571,0.15061295971978983,0.9001751313485113,0.03502626970227671,-2.6847659796266377,0.7040280210157618,0.2609457092819615,2.9341975194557666
668909,"Williams, Gavin",2026,"FF","Guardians","R","1.261087666",0.06830122591943957,0.21541155866900175,0.0893169877408056,-5.768151070906901,0.7443082311733801,0.16637478108581435,7.1203032135602395,0.01576182136602452,9.08199387197495,0.6777583187390543,0.3064798598949212,-10.549599694333233,571,0.2609457092819615,0.9036777583187391,0.040280210157618214,-2.9637932592786345,0.5096322241681261,0.4500875656742557,3.153772602051627
671096,"Abbott, Andrew",2026,"FF","Reds","L","1.002646778",0.0351493848857645,0.31985940246045697,0.0843585237258348,-5.785016848885173,0.7750439367311072,0.140597539543058,6.130849003757871,0.019332161687170474,8.396388514925508,0.7592267135325131,0.22144112478031636,-10.538347112166479,569,0.13532513181019332,0.9226713532513181,0.029876977152899824,-2.978173992467179,0.648506151142355,0.3216168717047452,2.8110282547096563
663567,"Lambert, Peter",2026,"FF","Astros","R","1.09108343",0.026455026455026454,0.2239858906525573,0.14814814814814814,-5.473274828118167,0.7601410934744268,0.09171075837742504,6.911961471706144,0.010582010582010581,7.915421382518842,0.7954144620811288,0.19400352733686066,-10.49916318344146,567,0.2204585537918871,0.9171075837742504,0.014109347442680775,-2.8294764914543276,0.5555555555555556,0.43033509700176364,3.044343438971104
621111,"Buehler, Walker",2026,"FF","Padres","R","1.281319145",0.03723404255319149,0.2730496453900709,0.12056737588652482,-5.815183034443715,0.725177304964539,0.15425531914893617,6.966294373515535,0.031914893617021274,10.076349391688604,0.75,0.21808510638297873,-10.37387856294834,564,0.15425531914893617,0.9042553191489362,0.044326241134751775,-3.057897830032538,0.6294326241134752,0.3262411347517731,2.9266574500534124
681035,"Scott, Christian",2026,"FF","Mets","R","1.244671305",0.06227758007117438,0.1601423487544484,0.1298932384341637,-6.343122466987252,0.7224199288256228,0.14768683274021352,7.593805162353264,0.026690391459074734,10.032119853203067,0.6512455516014235,0.3220640569395018,-10.990091739987063,562,0.2704626334519573,0.8825622775800712,0.033807829181494664,-3.3960336742217074,0.48398576512455516,0.4822064056939502,3.1281347767701506
677952,"Ashcraft, Braxton",2026,"FF","Pirates","R","1.217105084",0.014285714285714285,0.2857142857142857,0.1,-6.274655040393848,0.7660714285714286,0.13392857142857142,6.234405356583965,0.007142857142857143,7.967602801743211,0.8357142857142857,0.15714285714285714,-9.585954070037516,560,0.1767857142857143,0.9285714285714286,0.09464285714285714,-3.2521810471460695,0.6196428571428572,0.2857142857142857,2.844713797940781
543243,"Gray, Sonny",2026,"FF","Red Sox","R","2.368491289",0.03214285714285714,0.35535714285714287,0.10892857142857143,-5.608152624013324,0.7267857142857143,0.16428571428571428,7.951853329333671,0.11071428571428571,10.212881527935732,0.7732142857142857,0.11607142857142858,-10.840826300845425,560,0.14642857142857144,0.9303571428571429,0.13035714285714287,-2.7144252432036566,0.7589285714285714,0.11071428571428571,3.064783405232619
702070,"Cameron, Noah",2026,"FF","Royals","L","1.137800041",0.023297491039426525,0.2885304659498208,0.13620071684587814,-5.7668003855030525,0.7652329749103942,0.0985663082437276,6.777781888733994,0.043010752688172046,9.390835898004735,0.7688172043010753,0.1881720430107527,-10.907929693796598,558,0.1917562724014337,0.9390681003584229,0.05734767025089606,-3.3214449344567236,0.6792114695340502,0.26344086021505375,2.960003705860494
680736,"Wrobleski, Justin",2026,"FF","Dodgers","L","1.010123237",0.02872531418312388,0.25314183123877915,0.13644524236983843,-5.492146203443255,0.7755834829443446,0.08797127468581688,7.284713636117331,0.008976660682226212,8.597878739707987,0.6947935368043088,0.296229802513465,-10.543858384383833,557,0.21723518850987433,0.9174147217235189,0.010771992818671455,-2.5116103850748503,0.5727109515260324,0.41651705565529623,3.12353950391812
663436,"Martin, Davis",2026,"FF","White Sox","R","1.433715889",0.03237410071942446,0.25539568345323743,0.1564748201438849,-5.823578406120275,0.7068345323741008,0.1366906474820144,6.982999509995103,0.04136690647482014,9.460361240490935,0.7859712230215827,0.17266187050359713,-9.954395609946857,556,0.19964028776978418,0.9442446043165468,0.050359712230215826,-2.986600250092445,0.6528776978417267,0.29676258992805754,3.023709511063369
690986,"Harrison, Kyle",2026,"FF","Brewers","L","0.984952634",0.055855855855855854,0.1837837837837838,0.07567567567567568,-6.0122375604474,0.7675675675675676,0.15675675675675677,6.908655288974022,0.007207207207207207,8.26967110167259,0.6684684684684684,0.32432432432432434,-10.521828013463955,555,0.2918918918918919,0.9333333333333333,0.010810810810810811,-2.7160894987048723,0.46306306306306305,0.5261261261261261,3.165208745060436
669372,"Ginn, J.T.",2026,"FF","Athletics","R","1.625936401",0.032846715328467155,0.2773722627737226,0.16058394160583941,-6.124729340007458,0.656934306569343,0.18248175182481752,7.023053493227023,0.060218978102189784,9.883123652479359,0.8284671532846716,0.11131386861313869,-10.51248195201686,548,0.21715328467153286,0.9343065693430657,0.1551094890510949,-3.2040719918659692,0.6788321167883211,0.16605839416058393,3.070407828835054
650911,"Sánchez, Cristopher",2026,"CH","Phillies","L","4.057519289",0.18299445471349354,0.12754158964879853,0.009242144177449169,-7.573439194015437,0.34011090573012936,0.6506469500924215,9.195076692993142,0.5693160813308688,12.04786698213586,0.41589648798521256,0.014787430683918669,-12.903676459887814,541,0.4731977818853974,0.944547134935305,0.32717190388170053,-3.2151406287149333,0.6487985212569316,0.024029574861367836,2.6457964120820394
684007,"Imanaga, Shota",2026,"FF","Cubs","L","0.935145307",0.020446096654275093,0.29182156133828996,0.05947955390334572,-5.281225352775632,0.8234200743494424,0.1171003717472119,6.47128767276032,0.03531598513011153,9.459134208700489,0.8234200743494424,0.1412639405204461,-10.26027923941303,538,0.20817843866171004,0.9460966542750929,0.026022304832713755,-2.850552597330136,0.6059479553903345,0.3680297397769517,3.016561257542006
669373,"Skubal, Tarik",2026,"FF","zMLB","L","1.001995171",0.05947955390334572,0.2100371747211896,0.12825278810408922,-5.552013496920984,0.7713754646840149,0.10037174721189591,6.758614918478882,0.0037174721189591076,7.830344225908416,0.6579925650557621,0.3382899628252788,-10.87269902575166,538,0.2379182156133829,0.8884758364312267,0.03717472118959108,-2.6743646510312624,0.5148698884758365,0.4479553903345725,3.0258389408543436
700241,"McGreevy, Michael",2026,"FF","Cardinals","R","1.055161094",0.03171641791044776,0.2947761194029851,0.1044776119402985,-6.101032595480398,0.7817164179104478,0.11380597014925373,7.031541216671728,0.016791044776119403,9.737309798470172,0.7220149253731343,0.26119402985074625,-10.763414345727568,536,0.1455223880597015,0.9123134328358209,0.041044776119402986,-2.7486051509602323,0.6716417910447762,0.2873134328358209,3.006498609871374
687075,"Sproat, Brandon",2026,"FF","Brewers","R","1.397646655",0.04307116104868914,0.20973782771535582,0.12172284644194757,-6.03238786310788,0.6685393258426966,0.20973782771535582,9.077209296813475,0.04307116104868914,8.945804994209032,0.7528089887640449,0.20411985018726592,-10.427169496789928,534,0.21910112359550563,0.9419475655430711,0.0599250936329588,-2.8936773317487363,0.6123595505617978,0.32771535580524347,3.095981569056735
594798,"deGrom, Jacob",2026,"FF","Rangers","R","0.891403928",0.03759398496240601,0.21804511278195488,0.05827067669172932,-5.725398568687186,0.7857142857142857,0.15601503759398497,6.373737631653315,0.009398496240601503,8.536390276251103,0.7838345864661654,0.20676691729323307,-9.830953746685172,532,0.24812030075187969,0.9266917293233082,0.013157894736842105,-2.524312316985118,0.5488721804511278,0.43796992481203006,3.0965378914104957
656302,"Cease, Dylan",2026,"FF","Blue Jays","R","0.994687563",0.05451127819548872,0.16165413533834586,0.13533834586466165,-5.901991416847668,0.7424812030075187,0.12218045112781954,6.550708605511955,0.009398496240601503,10.576367166982575,0.6578947368421053,0.33270676691729323,-10.36852618201592,532,0.2593984962406015,0.8872180451127819,0.022556390977443608,-3.4408654594287045,0.4868421052631579,0.4906015037593985,3.018634790309929
607067,"Rea, Colin",2026,"FF","Cubs","R","1.02117079",0.028517110266159697,0.2946768060836502,0.11026615969581749,-6.191964672353799,0.7566539923954373,0.13307984790874525,6.134505172983365,0.019011406844106463,10.310237191179745,0.7319391634980988,0.24904942965779467,-9.701340598096174,526,0.13688212927756654,0.9315589353612167,0.03231939163498099,-2.7962076926006234,0.6463878326996197,0.32129277566539927,2.944192718309564
592662,"Ray, Robbie",2026,"FF","zMLB","L","1.208151262",0.04182509505703422,0.2376425855513308,0.0779467680608365,-5.744763782255407,0.7813688212927756,0.14068441064638784,6.586159611370565,0.009505703422053232,9.259557407521147,0.6844106463878327,0.3060836501901141,-10.536451347222274,526,0.18250950570342206,0.8973384030418251,0,,0.5171102661596958,0.4828897338403042,3.0366954052436004
680694,"Bradish, Kyle",2026,"CU","Orioles","R","5.927539774",0.13549618320610687,0.17938931297709923,0.05725190839694656,-5.807190679495803,0.5782442748091603,0.36450381679389315,9.793858814286759,0.3377862595419847,12.216886002780566,0.6202290076335878,0.04198473282442748,-10.686301801744126,524,0.3702290076335878,0.8854961832061069,0.3377862595419847,-5.062271034700065,0.5706106870229007,0.0916030534351145,2.7406978486692863
518876,"Kelly, Merrill",2026,"FF","Diamondbacks","R","1.016385538",0.0076481835564053535,0.3135755258126195,0.0994263862332696,-6.190306775980796,0.7992351816443595,0.10133843212237094,6.285631966038097,0.045889101338432124,9.159153812065163,0.875717017208413,0.07839388145315487,-9.765138108576334,523,0.12237093690248566,0.9674952198852772,0.022944550669216062,-2.9826518524280163,0.6902485659655831,0.28680688336520077,2.8088376527637586
650911,"Sánchez, Cristopher",2026,"FF","Phillies","L","1.083028199",0.019157088122605363,0.31800766283524906,0.1053639846743295,-6.2005169822387325,0.6819923371647509,0.21264367816091953,6.661049091244004,0.011494252873563218,8.67454455288561,0.7681992337164751,0.22030651340996169,-10.022614639969083,522,0.11494252873563218,0.9616858237547893,0.1053639846743295,-2.7392676061077688,0.7222222222222222,0.1724137931034483,2.6764279689124
680694,"Bradish, Kyle",2026,"FF","Orioles","R","1.34532291",0.03488372093023256,0.313953488372093,0.12015503875968993,-5.858327127836787,0.7151162790697675,0.16472868217054262,6.782916924181443,0.005813953488372093,7.876493140110431,0.7538759689922481,0.24031007751937986,-10.49553885659942,516,0.12209302325581395,0.8934108527131783,0.04844961240310078,-2.9621001110733673,0.7248062015503876,0.22674418604651161,3.0369916599575295
669467,"Pallante, Andre",2026,"FF","Cardinals","R","1.220358645",0.04271844660194175,0.2446601941747573,0.22330097087378642,-5.6431071575240415,0.6893203883495146,0.08737864077669903,7.8203770125413845,0,,0.6427184466019418,0.3572815533980582,-10.310336234580447,515,0.13203883495145632,0.8737864077669902,0.05242718446601942,-3.2383961464225477,0.7456310679611651,0.20194174757281552,2.982613848613745
605288,"Houser, Adrian",2026,"FF","Giants","R","1.152188018",0.03300970873786408,0.32427184466019415,0.14563106796116504,-5.751039922253322,0.7223300970873786,0.13203883495145632,6.18835679631289,0.013592233009708738,8.491067019879766,0.8,0.18640776699029127,-10.245723916586815,515,0.13009708737864079,0.916504854368932,0.06990291262135923,-2.911053455038642,0.7048543689320388,0.22524271844660193,2.945239344980645
592332,"Gausman, Kevin",2026,"CH","zMLB","R","4.548781084",0.1786407766990291,0.13592233009708737,0.021359223300970873,-5.2794894171981195,0.4077669902912621,0.570873786407767,9.635947830500617,0.6058252427184466,12.687583055819628,0.3844660194174757,0.009708737864077669,-11.910912689599122,515,0.4097087378640777,0.9087378640776699,0.2970873786407767,-3.2983132037087812,0.6504854368932039,0.05242718446601942,2.639381291162639
666200,"Luzardo, Jesús",2026,"FF","Phillies","L","0.908671472",0.031067961165048542,0.26796116504854367,0.1262135922330097,-5.568669571181076,0.7553398058252427,0.11844660194174757,6.497023952064393,0.005825242718446602,10.994769394439688,0.6796116504854369,0.3145631067961165,-10.584798927408846,515,0.15922330097087378,0.9067961165048544,0.04660194174757282,-2.788244450175534,0.654368932038835,0.29902912621359223,2.8829527419164007
547179,"Lorenzen, Michael",2026,"FF","zMLB","R","1.318062114",0.009746588693957114,0.34502923976608185,0.0682261208576998,-6.261637306667934,0.7738791423001949,0.15789473684210525,6.841665638709363,0.04873294346978557,9.04342722795048,0.7563352826510721,0.1949317738791423,-9.574141226602412,513,0.10916179337231968,0.9532163742690059,0.05458089668615984,-2.776837154503331,0.7407407407407407,0.2046783625730994,2.766970302747656
650644,"Civale, Aaron",2026,"FF","zMLB","R","1.501363704",0.03131115459882583,0.26810176125244617,0.09784735812133072,-5.524029337781769,0.7318982387475538,0.17025440313111545,7.175538301129578,0.11741682974559686,10.509963804763983,0.7632093933463796,0.11937377690802348,-10.186674456063706,511,0.20156555772994128,0.9197651663405088,0.05283757338551859,-2.9210685737724456,0.6203522504892368,0.3268101761252446,2.8692491758942
664285,"Valdez, Framber",2026,"FF","Tigers","L","1.468692587",0.033268101761252444,0.35812133072407043,0.10371819960861056,-5.795428493575432,0.776908023483366,0.11937377690802348,6.425517109596752,0.011741682974559686,9.273536989630104,0.7318982387475538,0.2563600782778865,-10.169309700047716,511,0.1095890410958904,0.9315068493150684,0.0958904109589041,-2.9352679972191473,0.7123287671232876,0.1917808219178082,2.9401341000049634
641816,"Mahle, Tyler",2026,"FF","zMLB","R","1.388629175",0.039761431411530816,0.28628230616302186,0.05168986083499006,-5.758749515620284,0.7833001988071571,0.16500994035785288,7.014208201308228,0.033797216699801194,10.389421342034547,0.7852882703777336,0.18091451292246521,-10.544515644978894,503,0.21073558648111332,0.9065606361829026,0.02584493041749503,-3.438931422293943,0.562624254473161,0.4115308151093439,3.0361341455610837
656605,"Keller, Mitch",2026,"FF","Pirates","R","0.990399141",0.022,0.278,0.112,-5.548925404011265,0.78,0.108,6.984949089132142,0.012,8.512395469997312,0.728,0.26,-10.34075348034697,500,0.172,0.906,0.046,-3.0126520721494354,0.598,0.356,2.9468020191143194
650633,"King, Michael",2026,"FF","Padres","R","1.074982877",0.04024144869215292,0.21730382293762576,0.11267605633802817,-7.0066357306479565,0.7062374245472837,0.18108651911468812,6.814911922618597,0.014084507042253521,7.928560550370434,0.7082494969818913,0.2776659959758551,-10.677657461889043,497,0.22736418511066397,0.8712273641851107,0.07042253521126761,-3.138499748502398,0.5533199195171026,0.3762575452716298,2.9805825267633512
605400,"Nola, Aaron",2026,"FF","Phillies","R","1.31042079",0.022357723577235773,0.3150406504065041,0.08943089430894309,-5.876153056024578,0.7479674796747967,0.16260162601626016,6.698588991561614,0.09349593495934959,9.738657517322386,0.782520325203252,0.12398373983739837,-10.625075321047609,492,0.15447154471544716,0.9308943089430894,0.052845528455284556,-3.143880014759149,0.6747967479674797,0.27235772357723576,2.8672110302407003
656849,"Peterson, David",2026,"FF","zMLB","L","1.307146774",0.0326530612244898,0.2816326530612245,0.14489795918367346,-6.022008868093574,0.6959183673469388,0.15918367346938775,6.877021571153796,0.024489795918367346,9.399565346609952,0.6836734693877551,0.29183673469387755,-10.259562556226099,490,0.17142857142857143,0.9081632653061225,0.08571428571428572,-3.088137588461275,0.6591836734693878,0.25510204081632654,3.009154387814222
672456,"Montero, Keider",2026,"FF","Tigers","R","0.89545537",0.018404907975460124,0.31901840490797545,0.11860940695296524,-5.453768584834253,0.7750511247443763,0.10633946830265849,6.056022595778049,0.002044989775051125,9.41283285235122,0.7648261758691206,0.2331288343558282,-9.573226511577028,489,0.12269938650306748,0.9366053169734151,0.026584867075664622,-2.6328196073750623,0.6687116564417178,0.3047034764826176,2.889642329062233
700712,"Ureña, Walbert",2026,"FF","Angels","R","1.749876118",0.030737704918032786,0.22950819672131148,0.16393442622950818,-6.040544860489866,0.6700819672131147,0.16598360655737704,7.333969022718874,0.014344262295081968,11.627309661026105,0.7889344262295082,0.19672131147540983,-9.96073694433772,488,0.20081967213114754,0.9282786885245902,0.12295081967213115,-3.5204743322870184,0.6352459016393442,0.24180327868852458,2.9584348376690897
675660,"Drohan, Shane",2026,"FF","Brewers","L","1.298288912",0.0430327868852459,0.25614754098360654,0.13114754098360656,-6.009174456577294,0.7090163934426229,0.1598360655737705,7.216519401745182,0.0389344262295082,9.146666378917976,0.7418032786885246,0.2192622950819672,-10.420902012369764,488,0.22745901639344263,0.9344262295081968,0.05122950819672131,-3.0769165269242658,0.6229508196721312,0.32581967213114754,3.2082074392009163
594798,"deGrom, Jacob",2026,"CU","Rangers","R","3.891813995",0.102880658436214,0.20164609053497942,0.06584362139917696,-6.360316410171461,0.5288065843621399,0.4053497942386831,9.668012094368267,0.294238683127572,11.975776101646316,0.654320987654321,0.051440329218107,-10.10402391286225,486,0.41358024691358025,0.8991769547325102,0.2962962962962963,-3.650748894423615,0.6255144032921811,0.07818930041152264,3.091410753028765
656302,"Cease, Dylan",2026,"CU","Blue Jays","R","4.60896865",0.1748971193415638,0.1419753086419753,0.03292181069958848,-6.3412107942227935,0.5123456790123457,0.4547325102880658,9.397274896170297,0.3950617283950617,11.659311293381167,0.551440329218107,0.053497942386831275,-10.85208564873924,486,0.41358024691358025,0.845679012345679,0.345679012345679,-3.8982031858450523,0.5534979423868313,0.10082304526748971,3.2085827815193886
571945,"Mikolas, Miles",2026,"FF","Nationals","R","1.262239702",0.012396694214876033,0.359504132231405,0.07851239669421488,-5.949198478529538,0.8119834710743802,0.10950413223140495,6.683671799515903,0.01859504132231405,9.2486343944203,0.8223140495867769,0.1590909090909091,-9.777145535210913,484,0.11983471074380166,0.9421487603305785,0.022727272727272728,-3.172281426084529,0.7231404958677686,0.25413223140495866,2.7583945581370264
694738,"Roupp, Landen",2026,"FF","Giants","R","1.43383802",0.04132231404958678,0.2892561983471074,0.1446280991735537,-5.626357369322297,0.7066115702479339,0.1487603305785124,8.31062630380921,0.03512396694214876,9.981847756207678,0.7169421487603306,0.24793388429752067,-11.38818395860175,484,0.17148760330578514,0.8884297520661157,0.03305785123966942,-2.7072567085483583,0.6694214876033058,0.2975206611570248,2.891946581514806
663903,"Singer, Brady",2026,"CU","Reds","R","4.431929994",0.15320910973084886,0.2153209109730849,0.031055900621118012,-8.089955618427336,0.5900621118012422,0.37888198757763975,9.140504544450579,0.5238095238095238,12.762111312517618,0.4616977225672878,0.014492753623188406,-11.417576371874512,483,0.3498964803312629,0.9316770186335404,0.3167701863354037,-3.782365434372802,0.6480331262939959,0.035196687370600416,2.6270987634846796
672282,"Detmers, Reid",2026,"CU","Angels","L","4.374002654",0.125,0.15625,0.1125,-6.338294475000664,0.6333333333333333,0.25416666666666665,9.317829623999833,0.4083333333333333,13.506432575899238,0.5125,0.07916666666666666,-11.871653930948451,480,0.36666666666666664,0.8354166666666667,0.34375,-4.686389623065381,0.5916666666666667,0.06458333333333334,2.9449456792083444
607536,"Freeland, Kyle",2026,"FF","Rockies","L","1.395612886",0.03549060542797495,0.2881002087682672,0.10855949895615867,-5.656086893114754,0.7035490605427975,0.18789144050104384,6.836255489940733,0.054279749478079335,10.372718440985524,0.7640918580375783,0.18162839248434237,-11.556382652959456,479,0.15866388308977036,0.9331941544885177,0.05219206680584551,-3.0077171699943563,0.697286012526096,0.25052192066805845,2.96733672022556
676974,"Meyer, Max",2026,"CU","Marlins","R","3.499536877",0.0880503144654088,0.1928721174004193,0.14465408805031446,-7.0581281744382895,0.59958071278826,0.2557651991614256,8.164002277015022,0.1488469601677149,10.025160446088265,0.7085953878406709,0.14255765199161424,-10.856423407999122,477,0.38155136268343814,0.8658280922431866,0.389937106918239,-4.3702231769581115,0.5220125786163522,0.0880503144654088,2.8450624181400443
669461,"Liberatore, Matthew",2026,"FF","Cardinals","L","1.254826709",0.025477707006369428,0.3057324840764331,0.09978768577494693,-5.621334065686299,0.7685774946921444,0.1316348195329087,6.935166764795731,0.025477707006369428,8.940762729702646,0.7791932059447984,0.19532908704883228,-10.08159367816902,471,0.12951167728237792,0.9320594479830149,0.036093418259023353,-2.755431262002625,0.6560509554140127,0.3078556263269639,2.9791465039787144
656550,"Holmes, Grant",2026,"CU","Braves","R","5.741542526",0.17834394904458598,0.21656050955414013,0.036093418259023353,-7.823944280824206,0.5668789808917197,0.3970276008492569,9.70109694997847,0.4840764331210191,12.539546606970541,0.4692144373673036,0.04670912951167728,-11.640352103602229,471,0.386411889596603,0.8895966029723992,0.3248407643312102,-4.769167622037928,0.6263269639065817,0.04883227176220807,2.86250548602059
681517,"Leahy, Kyle",2026,"CU","Cardinals","R","4.016738619",0.06823027718550106,0.2345415778251599,0.07036247334754797,-5.674009694267418,0.6588486140724946,0.27078891257995735,8.566277819865675,0.24093816631130063,11.077174580463058,0.6695095948827292,0.08955223880597014,-11.040409783345593,469,0.2601279317697228,0.8848614072494669,0.17697228144989338,-4.5658374720054065,0.652452025586354,0.17057569296375266,2.8974746407114673
608372,"Sugano, Tomoyuki",2026,"FF","Rockies","R","1.705288511",0.019271948608137045,0.3875802997858672,0.06638115631691649,-6.410244977834607,0.7601713062098501,0.1734475374732334,6.497807321360395,0.021413276231263382,10.908282182128348,0.8394004282655246,0.139186295503212,-10.486747723991426,467,0.11134903640256959,0.9550321199143469,0.044967880085653104,-2.971889035013654,0.721627408993576,0.2334047109207709,2.9935334596014886
695505,"Burns, Chase",2026,"CU","Reds","R","5.242284159",0.24130434782608695,0.16956521739130434,0.04565217391304348,-5.942703627899219,0.55,0.4043478260869565,9.292197849748252,0.40869565217391307,11.32147449695042,0.5521739130434783,0.0391304347826087,-11.205799955683107,460,0.5173913043478261,0.8717391304347826,0.5195652173913043,-4.974856419218459,0.44565217391304346,0.034782608695652174,2.7603213316633854
669194,"Nelson, Ryne",2026,"FF","Diamondbacks","R","1.030883117",0.010869565217391304,0.25869565217391305,0.11956521739130435,-5.980179896395135,0.8021739130434783,0.0782608695652174,6.266759713052239,0.004347826086956522,9.006145751552932,0.75,0.24565217391304348,-10.111460696532124,460,0.1956521739130435,0.9,0.010869565217391304,-5.613566400783241,0.5695652173913044,0.41956521739130437,2.905995170698687
684007,"Imanaga, Shota",2026,"CH","Cubs","L","5.169000496",0.1830065359477124,0.12854030501089325,0.010893246187363835,-6.362384993532591,0.42919389978213507,0.5599128540305011,10.198013015749517,0.6601307189542484,13.930974206004878,0.32679738562091504,0.013071895424836602,-12.800217490021677,459,0.4139433551198257,0.9172113289760349,0.26143790849673204,-3.6339609597446154,0.6514161220043573,0.08714596949891068,2.6954105012331055
615698,"Quantrill, Cal",2026,"FF","Rangers","R","1.032616694",0.046460176991150445,0.24778761061946902,0.1592920353982301,-6.484110906767148,0.6946902654867256,0.14601769911504425,7.014976568152473,0.022123893805309734,11.399904718639792,0.7831858407079646,0.19469026548672566,-10.596354177386154,452,0.2013274336283186,0.915929203539823,0.03982300884955752,-3.0295322640494007,0.5929203539823009,0.3672566371681416,2.7673952594924653
678394,"Bello, Brayan",2026,"FF","Red Sox","R","3.326321256",0.0975609756097561,0.3148558758314856,0.08647450110864745,-6.812515536862788,0.6541019955654102,0.25942350332594233,8.38556308992923,0.19068736141906872,12.59591505409253,0.6940133037694013,0.11529933481152993,-10.747166969140535,451,0.2394678492239468,0.9401330376940134,0.20620842572062084,-3.4597729309343914,0.6341463414634146,0.15964523281596452,2.742906206015366
675512,"Melton, Troy",2026,"FF","Tigers","R","1.533060575",0.028953229398663696,0.30734966592427615,0.14253897550111358,-6.227490165617843,0.6837416481069042,0.17371937639198218,7.150143426160477,0.0556792873051225,9.916720284801038,0.821826280623608,0.12249443207126949,-9.979686430939779,449,0.20935412026726058,0.933184855233853,0.10467706013363029,-2.9919482412773806,0.6703786191536748,0.22494432071269488,3.015621119918321
607625,"Lugo, Seth",2026,"CU","Royals","R","3.65151943",0.06306306306306306,0.22972972972972974,0.05630630630630631,-5.420191626150418,0.6644144144144144,0.27927927927927926,8.493445209242061,0.4572072072072072,12.624709069662579,0.4954954954954955,0.0472972972972973,-9.156576859732267,444,0.21171171171171171,0.9256756756756757,0.18018018018018017,-3.3211104999121996,0.7117117117117117,0.10810810810810811,2.5625691843988663
669923,"Kirby, George",2026,"CU","Mariners","R","4.26746639",0.06981981981981981,0.23648648648648649,0.10585585585585586,-6.53919998706966,0.6171171171171171,0.27702702702702703,8.519775471265762,0.24324324324324326,11.30600441326234,0.6734234234234234,0.08333333333333333,-10.769234755145241,444,0.25,0.8896396396396397,0.26576576576576577,-4.121342093540948,0.6576576576576577,0.07657657657657657,2.7266127055521774
665871,"Assad, Javier",2026,"FF","Cubs","R","1.206930354",0.02262443438914027,0.30995475113122173,0.12217194570135746,-5.768953274762068,0.7624434389140271,0.11538461538461539,6.827546167968867,0.029411764705882353,9.215522307452188,0.7737556561085973,0.19683257918552036,-11.01701553578945,442,0.11990950226244344,0.9411764705882353,0.027149321266968326,-2.586091841540303,0.7149321266968326,0.2579185520361991,2.972254741692011
656550,"Holmes, Grant",2026,"FF","Braves","R","1.048175324",0.02947845804988662,0.3401360544217687,0.06575963718820861,-5.523726197368085,0.7959183673469388,0.1383219954648526,6.149382385056985,0.031746031746031744,9.076057588828181,0.7936507936507936,0.1746031746031746,-9.723852960816505,441,0.16099773242630386,0.9546485260770975,0.045351473922902494,-2.983589042171374,0.6780045351473923,0.2766439909297052,2.9196604190841318
805673,"Matthews, Zebby",2026,"FF","Twins","R","0.941619023",0.02288329519450801,0.28832951945080093,0.07551487414187644,-5.2634757830139876,0.8123569794050344,0.11212814645308924,6.294703426018617,0.038901601830663615,9.195364600096868,0.7528604118993135,0.20823798627002288,-9.988462289759195,437,0.14645308924485126,0.9473684210526315,0.041189931350114416,-2.656376866919896,0.6498855835240275,0.30892448512585813,2.859341419072416
682052,"Lopez, Jacob",2026,"FF","Athletics","L","1.262046379",0.05034324942791762,0.2379862700228833,0.11212814645308924,-6.049994792353042,0.7162471395881007,0.17162471395881007,7.2762689313465705,0.08237986270022883,10.669560485006091,0.7345537757437071,0.18306636155606407,-11.937821660434283,437,0.2242562929061785,0.8993135011441648,0.020594965675057208,-4.000745458885218,0.5926773455377574,0.38672768878718533,3.094726050369813
677960,"Weathers, Ryan",2026,"FF","Yankees","L","1.185737694",0.027522935779816515,0.31880733944954126,0.06880733944954129,-5.630085031918378,0.7591743119266054,0.1720183486238532,6.445748121368617,0.022935779816513763,9.096710645839492,0.7545871559633027,0.22247706422018348,-9.925371866188112,436,0.15825688073394495,0.9472477064220184,0.034403669724770644,-2.701958235663939,0.6376146788990825,0.32798165137614677,2.998981163683324
694297,"Pfaadt, Brandon",2026,"FF","Diamondbacks","R","1.357113948",0.029885057471264367,0.32413793103448274,0.14942528735632185,-5.457857794833789,0.7103448275862069,0.14022988505747128,7.067363349734514,0.0367816091954023,9.841155527240943,0.8160919540229885,0.1471264367816092,-10.174919767525754,435,0.1471264367816092,0.9356321839080459,0.05747126436781609,-2.6772798625134717,0.7172413793103448,0.22528735632183908,3.07103144656199
607200,"Fedde, Erick",2026,"FF","White Sox","R","1.057622227",0.03917050691244239,0.3064516129032258,0.16129032258064516,-5.903121692925967,0.6705069124423964,0.16820276497695852,6.927618214042378,0.020737327188940093,8.714601357746442,0.7465437788018433,0.23271889400921658,-11.198793688607934,434,0.14285714285714285,0.9216589861751152,0.03456221198156682,-2.785742631063649,0.6774193548387096,0.2880184331797235,2.9964716451250877
676917,"Cavalli, Cade",2026,"CU","Nationals","R","4.792138153",0.12702078521939955,0.19168591224018475,0.14549653579676675,-7.064620307026431,0.5704387990762124,0.2840646651270208,10.050142041395405,0.3140877598152425,11.60043608719932,0.6073903002309469,0.07852193995381063,-10.58356415380816,433,0.38799076212471134,0.8475750577367206,0.4133949191685912,-4.528090560882079,0.5450346420323325,0.04157043879907621,2.842990583577024
605400,"Nola, Aaron",2026,"CU","Phillies","R","4.155340569",0.1888111888111888,0.13053613053613053,0.006993006993006993,-9.543138343893041,0.5058275058275058,0.48717948717948717,9.120657170840952,0.710955710955711,14.640532365094623,0.2773892773892774,0.011655011655011656,-11.568280466910608,429,0.4219114219114219,0.8997668997668997,0.38927738927738925,-3.5295342668673872,0.5944055944055944,0.016317016317016316,2.7053895773333188
666200,"Luzardo, Jesús",2026,"CU","Phillies","L","5.969923021",0.15566037735849056,0.1320754716981132,0.1391509433962264,-7.189928454465578,0.5330188679245284,0.3278301886792453,12.595583320080545,0.39622641509433965,13.044687905113749,0.5283018867924528,0.07547169811320754,-11.401122165084635,424,0.47641509433962265,0.8113207547169812,0.4268867924528302,-4.619490964589593,0.5094339622641509,0.06367924528301887,2.7486777256670716
622608,"Senzatela, Antonio",2026,"FF","zMLB","R","1.316059083",0.05673758865248227,0.2127659574468085,0.14420803782505912,-6.533520298802491,0.6690307328605201,0.1867612293144208,8.453213907580015,0.01182033096926714,9.856229537699702,0.6572104018912529,0.3309692671394799,-11.205542668153601,423,0.24822695035460993,0.8652482269503546,0.07092198581560284,-3.0578778812667915,0.5768321513002365,0.35224586288416077,3.119269713648362
647336,"Soroka, Michael",2026,"FF","Diamondbacks","R","1.340512949",0.026066350710900472,0.22985781990521326,0.17298578199052134,-5.902002473425772,0.7037914691943128,0.12322274881516587,6.772969403220834,0.04265402843601896,9.670701102379835,0.7677725118483413,0.1895734597156398,-9.634656169740506,422,0.16350710900473933,0.9265402843601895,0.06872037914691943,-2.6646111110464075,0.6018957345971564,0.3293838862559242,2.8565004058923464
808963,"Sasaki, Roki",2026,"FF","Dodgers","R","1.10205461",0.054502369668246446,0.23933649289099526,0.0971563981042654,-5.696965752239422,0.7393364928909952,0.16350710900473933,6.33665567343698,0.016587677725118485,8.318114864143071,0.7464454976303317,0.23696682464454977,-10.534975944511878,422,0.2037914691943128,0.9407582938388626,0.009478672985781991,-2.348031374065587,0.566350710900474,0.42417061611374407,2.9588431025597868
527048,"Pérez, Martín",2026,"FF","Braves","L","1.591299055",0.035545023696682464,0.3578199052132701,0.1018957345971564,-6.61284755177613,0.7417061611374408,0.15639810426540285,6.862884985547879,0.0995260663507109,10.767020705285123,0.7819905213270142,0.11848341232227488,-10.539295158462627,422,0.12796208530805686,0.943127962085308,0.0971563981042654,-2.6128064741684285,0.7251184834123223,0.17772511848341233,2.832378830194224
669461,"Liberatore, Matthew",2026,"CU","Cardinals","L","4.423141434",0.12826603325415678,0.15676959619952494,0.10688836104513064,-6.65038751830665,0.6247030878859857,0.2684085510688836,9.381060526917546,0.3990498812351544,12.356874112905944,0.5391923990498813,0.06175771971496437,-11.054939244567372,421,0.38717339667458434,0.8764845605700713,0.37767220902612825,-4.42756058701182,0.5249406175771971,0.09738717339667459,2.9713996635110695
687562,"Bennett, Jake",2026,"FF","Red Sox","L","1.773079204",0.07159904534606205,0.27923627684964203,0.09069212410501193,-7.5540001045626735,0.7088305489260143,0.20047732696897375,7.434449591419934,0.050119331742243436,11.979651979069082,0.7064439140811456,0.24343675417661098,-11.181207013019602,419,0.1957040572792363,0.9140811455847255,0.07398568019093078,-2.7461980738710947,0.6205250596658711,0.3054892601431981,3.0542314401894313
682243,"Miller, Bryce",2026,"FF","Mariners","R","1.127462703",0.021479713603818614,0.24105011933174225,0.1288782816229117,-5.981397435656431,0.7446300715990454,0.12649164677804295,6.707932720031995,0.026252983293556086,10.650443165876906,0.8568019093078759,0.11694510739856802,-10.435385734819928,419,0.21957040572792363,0.9427207637231504,0.014319809069212411,-2.7193680854915314,0.5727923627684964,0.4128878281622912,2.9692692521138575
621237,"Alvarado, José",2026,"FF","Phillies","L","2.635108743",0.07194244604316546,0.18225419664268586,0.1630695443645084,-6.140210532332203,0.6067146282973621,0.2302158273381295,8.178124603786218,0.12949640287769784,11.304958505666452,0.7122302158273381,0.15827338129496402,-9.921853975762126,417,0.290167865707434,0.9040767386091128,0.18944844124700239,-3.743363048669233,0.5899280575539568,0.22062350119904076,2.992211367243287
543135,"Eovaldi, Nathan",2026,"CH","Rangers","R","2.310197303",0.09592326139088729,0.22062350119904076,0.04316546762589928,-5.546895644208323,0.5611510791366906,0.39568345323741005,6.6774987630072795,0.2685851318944844,9.911284576717078,0.6906474820143885,0.0407673860911271,-10.331170558373408,417,0.3405275779376499,0.9712230215827338,0.3764988009592326,-3.0927200890904993,0.5779376498800959,0.045563549160671464,2.780629018450669
688107,"Gasser, Robert",2026,"FF","Brewers","L","1.28837086",0.03365384615384615,0.23798076923076922,0.125,-5.508284149553247,0.7427884615384616,0.13221153846153846,6.7968260810216785,0.06490384615384616,10.417038275692784,0.75,0.18509615384615385,-10.567272817163119,416,0.20432692307692307,0.9375,0.028846153846153848,-2.921385393075891,0.5985576923076923,0.37259615384615385,3.0713772400821227
669467,"Pallante, Andre",2026,"CU","Cardinals","R","4.232195261",0.1466346153846154,0.24759615384615385,0.02403846153846154,-5.160956079723338,0.6057692307692307,0.3701923076923077,8.842190485460067,0.3605769230769231,12.933023628265738,0.5721153846153846,0.0673076923076923,-11.77700904397202,416,0.3125,0.8798076923076923,0.23076923076923078,-4.022241879090624,0.6538461538461539,0.11538461538461539,3.273435901609684
702193,"Morris, Andrew",2026,"FF","Twins","R","1.689767291",0.05048076923076923,0.21634615384615385,0.12980769230769232,-6.406743896617403,0.7283653846153846,0.14182692307692307,8.034144552612005,0.028846153846153848,9.65190443943833,0.7091346153846154,0.2620192307692308,-10.083757204362072,416,0.22596153846153846,0.9110576923076923,0.06490384615384616,-3.299177654417906,0.6057692307692307,0.3293269230769231,3.031065846070856
695076,"Lowder, Rhett",2026,"FF","Reds","R","0.936445834",0.03132530120481928,0.3204819277108434,0.13012048192771083,-5.798276906844058,0.7807228915662651,0.0891566265060241,6.554706208200229,0.016867469879518072,8.96238973584771,0.7542168674698795,0.2289156626506024,-10.206267650322527,415,0.09156626506024096,0.9349397590361446,0.014457831325301205,-2.7977800520897764,0.7421686746987952,0.2433734939759036,2.814522939752338
519242,"Sale, Chris",2026,"CU","Braves","L","5.987745169",0.18357487922705315,0.10386473429951691,0.06280193236714976,-10.506804851197924,0.5265700483091788,0.4106280193236715,11.163435075592167,0.6835748792270532,14.995479797004851,0.2826086956521739,0.033816425120772944,-10.348229403309437,414,0.37922705314009664,0.8140096618357487,0.34541062801932365,-4.140449865198473,0.6352657004830918,0.01932367149758454,2.4584700149668444
669302,"Gilbert, Logan",2026,"CU","Mariners","R","4.413970279",0.14527845036319612,0.23002421307506055,0.053268765133171914,-6.031429012917061,0.6246973365617433,0.3220338983050847,9.442255549628483,0.44794188861985473,12.7830001317964,0.5230024213075061,0.029055690072639227,-10.124666132273504,413,0.3486682808716707,0.9007263922518159,0.3220338983050847,-3.994302665467386,0.6150121065375302,0.06295399515738499,2.46785022656421
669387,"Mlodzinski, Carmen",2026,"FF","Pirates","R","1.342125392",0.03201970443349754,0.3226600985221675,0.08620689655172414,-5.219617066537111,0.8029556650246306,0.11083743842364532,6.951586345108477,0.012315270935960592,8.360959757967075,0.7216748768472906,0.2660098522167488,-9.831901943650724,406,0.1330049261083744,0.9334975369458128,0.034482758620689655,-2.724235032320834,0.6847290640394089,0.28078817733990147,3.046260527287451
669358,"Baz, Shane",2026,"CU","Orioles","R","5.06163527",0.1188118811881188,0.2623762376237624,0.11386138613861387,-6.194754725740796,0.6707920792079208,0.21534653465346534,9.137969671885797,0.2623762376237624,12.041946061910178,0.6683168316831684,0.06930693069306931,-10.140242726018943,404,0.3118811881188119,0.8861386138613861,0.37376237623762376,-4.605104126021086,0.5965346534653465,0.0297029702970297,2.8073790169073543
608331,"Fried, Max",2026,"FF","Yankees","L","1.501898729",0.04950495049504951,0.20297029702970298,0.2004950495049505,-5.819528524704767,0.6534653465346535,0.14603960396039603,6.948667948900109,0.027227722772277228,9.271624951801606,0.7153465346534653,0.25742574257425743,-10.683777706383042,404,0.2301980198019802,0.9158415841584159,0.11633663366336634,-3.2092663550047633,0.6237623762376238,0.2599009900990099,3.194238489664216
677958,"Rocker, Kumar",2026,"CU","Rangers","R","6.032170285",0.2344139650872818,0.1546134663341646,0.04488778054862843,-6.881767227429756,0.49875311720698257,0.456359102244389,10.411429298292614,0.5835411471321695,13.912731314839185,0.38403990024937656,0.032418952618453865,-12.517643669964137,401,0.4239401496259352,0.830423940149626,0.3740648379052369,-4.575592207026702,0.5785536159600998,0.04738154613466334,2.8730130311231954
641793,"Littell, Zack",2026,"FF","zMLB","R","1.145148658",0.035175879396984924,0.3316582914572864,0.08793969849246232,-5.541840948025495,0.7939698492462312,0.11809045226130653,7.388850567735233,0.017587939698492462,8.636570946275894,0.7914572864321608,0.19095477386934673,-9.945083950743093,398,0.135678391959799,0.9422110552763819,0.020100502512562814,-3.0130797849533764,0.6457286432160804,0.3341708542713568,2.9226616926892897
605135,"Bassitt, Chris",2026,"FF","Orioles","R","1.145106745",0.04568527918781726,0.2563451776649746,0.14720812182741116,-6.292247197692507,0.7055837563451777,0.14720812182741116,7.567683519539143,0.030456852791878174,8.86282541962657,0.6446700507614214,0.3248730964467005,-11.529926324962975,394,0.1751269035532995,0.8730964467005076,0.04314720812182741,-3.3185056586987214,0.6776649746192893,0.27918781725888325,3.00463031281103
656427,"Flaherty, Jack",2026,"FF","Tigers","R","1.102570578",0.027918781725888325,0.233502538071066,0.06091370558375635,-6.142738265201566,0.7715736040609137,0.16751269035532995,6.17359608986045,0.048223350253807105,9.876540520287575,0.7817258883248731,0.1700507614213198,-10.067423053815741,394,0.21065989847715735,0.9517766497461929,0.02030456852791878,-3.4597135585606056,0.5583756345177665,0.4213197969543147,2.908398027562777
808963,"Sasaki, Roki",2026,"CH","Dodgers","R","4.04492901",0.12468193384223919,0.22137404580152673,0.06615776081424936,-5.7613097134089974,0.6463104325699746,0.2875318066157761,8.309252523840428,0.26208651399491095,11.206909714634566,0.6870229007633588,0.05089058524173028,-11.237885712748504,393,0.3511450381679389,0.9007633587786259,0.3994910941475827,-4.134067174014725,0.5572519083969466,0.043256997455470736,2.72226912118863
663623,"Irvin, Jake",2026,"FF","Nationals","R","1.314330222",0.043256997455470736,0.2697201017811705,0.11450381679389313,-5.692272585409766,0.7608142493638677,0.12468193384223919,8.252799241294912,0.04071246819338423,8.801765877759623,0.7455470737913485,0.21374045801526717,-10.288457044580898,393,0.17048346055979643,0.910941475826972,0.05597964376590331,-2.6585454962755866,0.6463104325699746,0.29770992366412213,2.981358462779204
805123,"Blubaugh, AJ",2026,"FF","Astros","R","1.235845896",0.04603580562659847,0.21227621483375958,0.05115089514066496,-5.384385321622132,0.8005115089514067,0.1483375959079284,7.10357074376709,0.02557544757033248,11.318612241369449,0.659846547314578,0.3145780051150895,-10.50107253445755,391,0.2557544757033248,0.9207161125319693,0.017902813299232736,-2.717507688933825,0.5012787723785166,0.48081841432225064,3.103741041517096
605488,"Springs, Jeffrey",2026,"FF","Athletics","L","1.074889888",0.030690537084398978,0.28388746803069054,0.05115089514066496,-5.160997453256578,0.8439897698209718,0.10485933503836317,6.516266669032455,0.020460358056265986,8.604163985032326,0.7493606138107417,0.23017902813299232,-10.602773280578267,391,0.1636828644501279,0.8849104859335039,0.005115089514066497,-4.876781896586422,0.5575447570332481,0.4373401534526854,2.8818579979784453
680732,"Burke, Sean",2026,"CU","White Sox","R","5.114667037",0.12051282051282051,0.19230769230769232,0.06923076923076923,-5.906446403079594,0.6153846153846154,0.3153846153846154,9.929646381318937,0.5102564102564102,12.342342534759206,0.441025641025641,0.04871794871794872,-12.099158106591766,390,0.30512820512820515,0.9025641025641026,0.2692307692307692,-4.175173263997964,0.6666666666666666,0.0641025641025641,2.8655023980706638
695611,"Jump, Gage",2026,"FF","Athletics","L","1.131906709",0.056555269922879174,0.2365038560411311,0.09511568123393316,-5.317582877076129,0.7506426735218509,0.15424164524421594,6.627316416854366,0.007712082262210797,9.215458888319496,0.6709511568123393,0.3213367609254499,-10.452652229647391,389,0.22879177377892032,0.8946015424164524,0.012853470437017995,-2.38384502175506,0.4961439588688946,0.4910025706940874,3.117353112610721
543135,"Eovaldi, Nathan",2026,"FF","Rangers","R","0.766842822",0.02077922077922078,0.2649350649350649,0.17402597402597403,-5.817694015961858,0.7402597402597403,0.08571428571428572,6.426305971889834,0.01818181818181818,9.835425504131774,0.7714285714285715,0.21038961038961038,-10.636764461707156,385,0.22597402597402597,0.9376623376623376,0.03636363636363636,-2.598398056807198,0.6207792207792208,0.34285714285714286,3.045762998399917
543037,"Cole, Gerrit",2026,"FF","Yankees","R","1.084237433",0.049479166666666664,0.2578125,0.0625,-5.707705073863959,0.7604166666666666,0.17708333333333334,5.92436486881623,0.0026041666666666665,7.491232278617037,0.765625,0.23177083333333334,-10.394580693870848,384,0.21614583333333334,0.9114583333333334,0.015625,-2.7435376783789347,0.5364583333333334,0.4479166666666667,3.114462034472343
695418,"Lord, Brad",2026,"FF","Nationals","R","0.972363972",0.044270833333333336,0.171875,0.1171875,-6.057440706358731,0.7317708333333334,0.15104166666666666,7.114293079907741,0.005208333333333333,8.802573255242018,0.578125,0.4166666666666667,-10.39698394580229,384,0.19270833333333334,0.9010416666666666,0.015625,-2.804083527498915,0.5989583333333334,0.3854166666666667,3.03695356463072
683004,"Leiter, Jack",2026,"FF","Rangers","R","0.902903851",0.0291005291005291,0.2222222222222222,0.1111111111111111,-6.205255079031616,0.791005291005291,0.09788359788359788,6.0246804097796165,0.018518518518518517,9.493605689395709,0.8121693121693122,0.1693121693121693,-10.135011821661339,378,0.20634920634920634,0.9047619047619048,0.03968253968253968,-2.580322500529568,0.5476190476190477,0.4126984126984127,2.9845228520796314
543243,"Gray, Sonny",2026,"CU","Red Sox","R","4.74673137",0.12533333333333332,0.2,0.072,-6.9635420216330415,0.592,0.336,8.844683842775414,0.456,12.696782887902144,0.52,0.024,-11.383156524024553,375,0.37066666666666664,0.8826666666666667,0.38133333333333336,-4.505550900095693,0.5973333333333334,0.021333333333333333,2.484509293670332
676282,"Cantillo, Joey",2026,"FF","Guardians","L","1.925793697",0.026737967914438502,0.3155080213903743,0.08288770053475936,-5.944062432264119,0.7647058823529411,0.15240641711229946,7.691780365726159,0.0855614973262032,10.38840445183842,0.7352941176470589,0.17914438502673796,-11.168295593668859,374,0.18181818181818182,0.9144385026737968,0.045454545454545456,-3.4347774534101,0.6524064171122995,0.30213903743315507,3.0742177837019904
650633,"King, Michael",2026,"CH","Padres","R","3.5514595",0.08288770053475936,0.20320855614973263,0.02406417112299465,-5.808559892855616,0.4385026737967914,0.5374331550802139,8.444722675100532,0.5320855614973262,11.91766545490344,0.45187165775401067,0.016042780748663103,-8.483981875479978,374,0.28342245989304815,0.9438502673796791,0.12032085561497326,-3.071383737896639,0.7967914438502673,0.08288770053475936,2.6657939227011638
701656,"Henderson, Logan",2026,"FF","Brewers","R","0.869212749",0.016042780748663103,0.19786096256684493,0.08021390374331551,-12.855839607322029,0.7887700534759359,0.13101604278074866,6.472387422441917,0.08021390374331551,9.869267488524144,0.7540106951871658,0.1657754010695187,-10.076858526910037,374,0.22459893048128343,0.9385026737967914,0.0106951871657754,-5.720345381839189,0.49732620320855614,0.4919786096256685,2.9329579860232413
813349,"Early, Connelly",2026,"FF","Red Sox","L","0.78405792",0.040106951871657755,0.23529411764705882,0.11497326203208556,-6.211086597509675,0.7780748663101604,0.10695187165775401,6.367180107466344,0.01871657754010695,7.936394826610163,0.7700534759358288,0.21122994652406418,-9.837807014752874,374,0.21122994652406418,0.9251336898395722,0.034759358288770054,-2.518226192635841,0.5561497326203209,0.4090909090909091,2.8943829697345196
595345,"Okert, Steven",2026,"CU","Astros","L","3.597698966",0.07297297297297298,0.15405405405405406,0.032432432432432434,-5.942167868689538,0.6486486486486487,0.31891891891891894,10.506315545465007,0.47297297297297297,13.538438756833813,0.4783783783783784,0.04864864864864865,-11.397702469167594,370,0.35945945945945945,0.9297297297297298,0.1,-3.8270164355858447,0.6432432432432432,0.25675675675675674,3.0749573135321118
592662,"Ray, Robbie",2026,"CU","zMLB","L","5.001754205",0.13513513513513514,0.15675675675675677,0.05945945945945946,-6.889958012564694,0.5324324324324324,0.4081081081081081,9.923618885960623,0.4972972972972973,12.562190999633755,0.4540540540540541,0.04864864864864865,-9.695005504860223,370,0.372972972972973,0.9135135135135135,0.2702702702702703,-4.624915289347706,0.654054054054054,0.07567567567567568,2.864995964232444
671096,"Abbott, Andrew",2026,"CU","Reds","L","6.602430174",0.07837837837837838,0.1837837837837838,0.07837837837837838,-6.854030927867441,0.6243243243243243,0.2972972972972973,10.545092651941335,0.4027027027027027,13.104710361666665,0.5378378378378378,0.05945945945945946,-9.13231278255321,370,0.2702702702702703,0.8567567567567568,0.17027027027027028,-6.10682140170151,0.6945945945945946,0.13513513513513514,2.577027984326854
688642,"Agnos, Zach",2026,"FF","Rockies","R","1.419855754",0.019021739130434784,0.33695652173913043,0.08695652173913043,-5.955109052366168,0.75,0.16304347826086957,7.140950519376557,0.043478260869565216,9.105614196269164,0.8342391304347826,0.12228260869565218,-10.33977586529177,368,0.1331521739130435,0.9320652173913043,0.043478260869565216,-2.899673338387021,0.717391304347826,0.2391304347826087,2.9337431968034187
676282,"Cantillo, Joey",2026,"CU","Guardians","L","3.978119355",0.1307901907356948,0.20435967302452315,0.1008174386920981,-5.751970872321093,0.6975476839237057,0.2016348773841962,8.585289357734181,0.3460490463215259,12.390820654708019,0.5776566757493188,0.07629427792915532,-10.291821283673565,367,0.34877384196185285,0.8801089918256131,0.46321525885558584,-4.150095451660821,0.5068119891008175,0.02997275204359673,2.5123707745299453
693855,"Seymour, Ian",2026,"FF","Rays","L","0.934842954",0.04087193460490463,0.23160762942779292,0.10899182561307902,-6.0225867585972415,0.782016348773842,0.10899182561307902,6.669656392832427,0.035422343324250684,8.809194757714774,0.667574931880109,0.2970027247956403,-10.417054651804193,367,0.21525885558583105,0.9182561307901907,0.021798365122615803,-2.699136431368598,0.5122615803814714,0.4659400544959128,2.9827662585600634
800311,"Fuentes, Didier",2026,"FF","Braves","R","1.092187266",0.06284153005464481,0.16666666666666666,0.07923497267759563,-5.92360007676402,0.7240437158469946,0.19672131147540983,6.767933013782563,0.00273224043715847,7.383521630944526,0.7459016393442623,0.25136612021857924,-10.160564327090448,366,0.2814207650273224,0.9153005464480874,0.00819672131147541,-3.3103091534105364,0.46994535519125685,0.5218579234972678,3.0655993270533166
678022,"Perkins, Jack",2026,"FF","Athletics","R","1.204721615",0.0273224043715847,0.2568306010928962,0.09562841530054644,-5.501893131566774,0.7349726775956285,0.16939890710382513,7.0388577115955275,0.03551912568306011,8.73677547480198,0.7213114754098361,0.24316939890710382,-10.38574203392106,366,0.16393442622950818,0.907103825136612,0.04644808743169399,-2.9244166935532143,0.6666666666666666,0.28688524590163933,2.9496873249894744
686218,"Sheehan, Emmet",2026,"FF","Dodgers","R","0.982275984",0.0547945205479452,0.20821917808219179,0.11232876712328767,-5.009216866747154,0.7835616438356164,0.10410958904109589,6.297573953277187,0.0273972602739726,8.205806174749622,0.7671232876712328,0.2054794520547945,-10.5791552025043,365,0.29315068493150687,0.8876712328767123,0,,0.44931506849315067,0.5506849315068493,3.1171208639225396
680755,"Fisher, Braydon",2026,"CU","Blue Jays","R","4.22694754",0.11357340720221606,0.22160664819944598,0.04986149584487535,-5.884568774404644,0.6011080332409973,0.3490304709141274,8.827730501723357,0.3601108033240997,12.47161660592038,0.5789473684210527,0.060941828254847646,-12.428009019716418,361,0.30193905817174516,0.8753462603878116,0.2188365650969529,-3.82790850389646,0.6509695290858726,0.13019390581717452,2.9064751885371565
656794,"Newcomb, Sean",2026,"FF","White Sox","L","1.243629164",0.055401662049861494,0.22714681440443213,0.12465373961218837,-5.590728234687622,0.7229916897506925,0.1523545706371191,7.927547155295842,0.0221606648199446,8.326318342335158,0.7590027700831025,0.2188365650969529,-11.316711430148901,361,0.23545706371191136,0.9390581717451524,0.027700831024930747,-2.7231294546726668,0.5844875346260388,0.3878116343490305,3.1197990783325635
663554,"Mize, Casey",2026,"FF","zMLB","R","0.856777294",0.025139664804469275,0.2905027932960894,0.09776536312849161,-5.328737205447521,0.7849162011173184,0.11731843575418995,6.010931618481635,0.0223463687150838,9.025184613445623,0.8240223463687151,0.15363128491620112,-10.461641695925934,358,0.2011173184357542,0.9189944134078212,0.019553072625698324,-3.5987942428682658,0.553072625698324,0.4273743016759777,2.962566792127528
693686,"Miles, Spencer",2026,"FF","Blue Jays","R","1.167423599",0.05027932960893855,0.20670391061452514,0.1340782122905028,-6.4658679216435395,0.6955307262569832,0.17039106145251395,8.410414197404142,0,,0.6089385474860335,0.39106145251396646,-10.80220397446875,358,0.17039106145251395,0.8435754189944135,0.04189944134078212,-2.4317077556516806,0.61731843575419,0.3407821229050279,3.055562536335359
571578,"Corbin, Patrick",2026,"FF","Blue Jays","L","1.722796177",0.036414565826330535,0.2857142857142857,0.13165266106442577,-5.998282244211936,0.6834733893557423,0.18487394957983194,6.931497345063686,0.058823529411764705,10.020125261270419,0.7366946778711485,0.20448179271708683,-11.023290654290891,357,0.11484593837535013,0.9187675070028011,0.0896358543417367,-2.986941652922093,0.7170868347338936,0.19327731092436976,2.7716169046490307
607200,"Fedde, Erick",2026,"CU","White Sox","R","3.649266943",0.05337078651685393,0.22752808988764045,0.05056179775280899,-5.843129375611663,0.601123595505618,0.34831460674157305,8.382143348948139,0.46348314606741575,11.967692135637632,0.5,0.03651685393258427,-8.65762778408792,356,0.21348314606741572,0.901685393258427,0.10674157303370786,-3.7834272881528683,0.7696629213483146,0.12359550561797752,2.6209879178544897
660271,"Ohtani, Shohei",2026,"FF","Dodgers","R","1.182289579",0.05898876404494382,0.20224719101123595,0.13202247191011235,-6.3274933320654485,0.7134831460674157,0.1544943820224719,7.205630445284484,0.0056179775280898875,7.940117611766393,0.6882022471910112,0.3061797752808989,-10.346129188846437,356,0.2612359550561798,0.9466292134831461,0.03932584269662921,-3.3615893343075154,0.5533707865168539,0.40730337078651685,3.2245662846204515
680570,"Rodriguez, Grayson",2026,"FF","Angels","R","0.843139651",0.028169014084507043,0.2704225352112676,0.1295774647887324,-5.590125223220936,0.7464788732394366,0.12394366197183099,5.924795034925184,0.005633802816901409,9.09560503507763,0.7492957746478873,0.24507042253521127,-9.995559212880826,355,0.16338028169014085,0.9380281690140845,0.005633802816901409,-2.710192311817247,0.6197183098591549,0.37464788732394366,2.9199011721078905
605280,"Holmes, Clay",2026,"FF","zMLB","R","3.217821855",0.036619718309859155,0.29577464788732394,0.04788732394366197,-5.434584982319741,0.6845070422535211,0.2676056338028169,7.8337519295942,0.12394366197183099,11.737671299465331,0.7915492957746478,0.08450704225352113,-9.681122063335463,355,0.17183098591549295,0.9464788732394366,0.17183098591549295,-2.9598088011900807,0.723943661971831,0.10422535211267606,2.725659913026971
674444,"Cruz, Steven",2026,"FF","Royals","R","1.191820813",0.03380281690140845,0.19718309859154928,0.15774647887323945,-5.639033499919693,0.6901408450704225,0.15211267605633802,6.551259461363466,0.036619718309859155,8.722524477731296,0.7577464788732394,0.2056338028169014,-9.883245402898055,355,0.28732394366197184,0.9183098591549296,0.08732394366197183,-3.2793877376333276,0.5521126760563381,0.36056338028169016,3.1468653500234605
518876,"Kelly, Merrill",2026,"CH","Diamondbacks","R","2.409914045",0.10764872521246459,0.2237960339943343,0.042492917847025496,-7.005090067048351,0.5325779036827195,0.42492917847025496,6.933022710331372,0.2577903682719547,9.96510028886975,0.7138810198300283,0.028328611898016998,-13.01930087368064,353,0.31728045325779036,0.9121813031161473,0.34560906515580736,-3.285557885595919,0.6288951841359773,0.025495750708215296,2.5705584355459234
687396,"Headrick, Brent",2026,"FF","Yankees","L","0.937973695",0.039660056657223795,0.2577903682719547,0.0821529745042493,-5.971072475528063,0.7932011331444759,0.12464589235127478,6.707648536186829,0.0169971671388102,8.781388924312994,0.8073654390934845,0.17563739376770537,-11.033608495267186,353,0.22946175637393768,0.9461756373937678,0.04815864022662889,-3.1285903988778396,0.5495750708215298,0.40226628895184136,2.9336905436309872
687570,"Prielipp, Connor",2026,"CU","Twins","L","3.480238219",0.0708215297450425,0.17847025495750707,0.15864022662889518,-6.009358834274055,0.623229461756374,0.21813031161473087,9.570737782774664,0.254957507082153,11.87006882601241,0.6572237960339944,0.08781869688385269,-11.894680563586693,353,0.34560906515580736,0.8725212464589235,0.29745042492917845,-4.368125598695531,0.623229461756374,0.07932011331444759,2.729348039488276
700712,"Ureña, Walbert",2026,"CH","Angels","R","3.428314152",0.13428571428571429,0.18857142857142858,0.03142857142857143,-5.565377808086265,0.4685714285714286,0.5,8.098005806400334,0.44285714285714284,11.428793519638168,0.54,0.017142857142857144,-11.978829332335952,350,0.36,0.9514285714285714,0.30857142857142855,-3.415017239725201,0.6342857142857142,0.05714285714285714,2.7455479278344272
571510,"Boyd, Matthew",2026,"FF","Cubs","L","1.268528673",0.02005730659025788,0.27793696275071633,0.06303724928366762,-5.333742067287318,0.7994269340974212,0.13753581661891118,7.326981855179237,0.02865329512893983,8.210587440795058,0.7478510028653295,0.22349570200573066,-10.480915795637147,349,0.15472779369627507,0.9283667621776505,0.017191977077363897,-2.5944052309963257,0.5816618911174785,0.40114613180515757,3.0227083694810832
622663,"Severino, Luis",2026,"FF","Athletics","R","0.945607199",0.045845272206303724,0.22922636103151864,0.15759312320916904,-5.777116097139764,0.7020057306590258,0.14040114613180515,7.538574044784556,0.011461318051575931,9.45498336604412,0.6934097421203438,0.29512893982808025,-10.593123869493793,349,0.20057306590257878,0.9054441260744985,0.05157593123209169,-2.960983120788612,0.6074498567335244,0.34097421203438394,3.0222066175235804
608718,"Suter, Brent",2026,"FF","zMLB","L","1.258923963",0.057803468208092484,0.24855491329479767,0.11560693641618497,-5.707878752605733,0.7196531791907514,0.16473988439306358,7.724446326527996,0.011560693641618497,9.546555890578901,0.5780346820809249,0.41040462427745666,-11.320769635948537,346,0.16184971098265896,0.8410404624277457,0.02601156069364162,-2.9761891260271995,0.638728323699422,0.3352601156069364,2.898518086795899
674841,"Alvarez, Andrew",2026,"CU","Nationals","L","5.692924503",0.11304347826086956,0.2289855072463768,0.1246376811594203,-6.653435473525668,0.6231884057971014,0.25217391304347825,10.189395979157313,0.3159420289855073,12.963144409148462,0.6028985507246377,0.08115942028985507,-11.037429213083755,345,0.34202898550724636,0.8782608695652174,0.3333333333333333,-5.330671797012443,0.6173913043478261,0.04927536231884058,2.6104023135894288
689266,"Dodd, Dylan",2026,"FF","Braves","L","1.972980287",0.055232558139534885,0.19767441860465115,0.08430232558139535,-5.14624811649065,0.7558139534883721,0.15988372093023256,7.548362149967287,0.1744186046511628,11.013058401641322,0.7122093023255814,0.11337209302325581,-9.5865587554467,344,0.27906976744186046,0.9622093023255814,0.09593023255813954,-3.3898668517988026,0.5552325581395349,0.3488372093023256,2.971998112881178
608379,"Wacha, Michael",2026,"CH","Royals","R","3.288059823",0.11661807580174927,0.22740524781341107,0.029154518950437316,-5.663342061999927,0.6209912536443148,0.3498542274052478,8.798104372372995,0.49854227405247814,13.761914559326256,0.478134110787172,0.023323615160349854,-10.335790642071085,343,0.2857142857142857,0.8775510204081632,0.18658892128279883,-3.1765907384796934,0.6822157434402333,0.13119533527696792,2.5633317596969527
670970,"Morejon, Adrian",2026,"FF","Padres","L","1.135949409",0.06140350877192982,0.17543859649122806,0.18421052631578946,-6.175155605242859,0.6432748538011696,0.17251461988304093,6.730492740143409,0,,0.6140350877192983,0.38596491228070173,-10.299588368153925,342,0.2719298245614035,0.8508771929824561,0.05555555555555555,-2.9325635953917386,0.5555555555555556,0.3888888888888889,3.25575955032564
691587,"Pérez, Eury",2026,"CU","Marlins","R","4.997278539",0.15249266862170088,0.12316715542521994,0.05865102639296188,-6.500552223299498,0.5278592375366569,0.41348973607038125,11.21959600891696,0.592375366568915,13.800314054804087,0.3841642228739003,0.02346041055718475,-10.464063131567308,341,0.39589442815249265,0.8357771260997068,0.25219941348973607,-4.221071056242303,0.592375366568915,0.15542521994134897,2.8604084194018244
670950,"Richards, Trevor",2026,"FF","zMLB","R","0.941832508",0.011764705882352941,0.2823529411764706,0.047058823529411764,-5.23166673491275,0.8441176470588235,0.10882352941176471,5.9216295474826,0.04411764705882353,9.126762511726879,0.7823529411764706,0.17352941176470588,-10.024480565016338,340,0.1323529411764706,0.9441176470588235,0.0058823529411764705,-2.508449232432832,0.5794117647058824,0.4147058823529412,2.759429812257432
664285,"Valdez, Framber",2026,"CU","Tigers","L","3.929293838",0.1323529411764706,0.1676470588235294,0.052941176470588235,-6.330128654175317,0.6323529411764706,0.31470588235294117,8.867379493534575,0.5470588235294118,13.079952512248285,0.42058823529411765,0.03235294117647059,-9.276235641801616,340,0.3352941176470588,0.8676470588235294,0.3558823529411765,-3.6431341791138006,0.6088235294117647,0.03529411764705882,2.2693901060608512
593958,"Rodriguez, Eduardo",2026,"CH","Diamondbacks","L","2.742695783",0.08259587020648967,0.21238938053097345,0.032448377581120944,-6.04912462195005,0.4247787610619469,0.5427728613569321,7.491060531504184,0.4306784660766962,11.063121028150276,0.5398230088495575,0.029498525073746312,-12.128736449484633,339,0.2743362831858407,0.9292035398230089,0.18289085545722714,-3.094616782325209,0.7581120943952803,0.058997050147492625,2.760972425595398
702056,"Yesavage, Trey",2026,"FF","Blue Jays","R","1.27893682",0.038348082595870206,0.26548672566371684,0.0943952802359882,-5.84256697490904,0.7876106194690266,0.11799410029498525,6.146997332067791,0.008849557522123894,7.9633940170505,0.7404129793510325,0.25073746312684364,-9.651674790720243,339,0.20058997050147492,0.9174041297935103,0.014749262536873156,-5.221932282140735,0.5545722713864307,0.4306784660766962,2.977311692195239
681517,"Leahy, Kyle",2026,"FF","Cardinals","R","1.170496944",0.038461538461538464,0.3106508875739645,0.11834319526627218,-5.827439802040604,0.7840236686390533,0.09763313609467456,7.832035677420524,0.014792899408284023,8.30995214939244,0.7218934911242604,0.26331360946745563,-10.540001610633773,338,0.15384615384615385,0.8994082840236687,0.03550295857988166,-2.602704028265649,0.6568047337278107,0.3076923076923077,2.990977433033026
592791,"Taillon, Jameson",2026,"FF","zMLB","R","1.988358884",0.026706231454005934,0.27002967359050445,0.07418397626112759,-6.715220237898631,0.7418397626112759,0.18397626112759644,7.655064185063579,0.10089020771513353,11.313345420101403,0.7774480712166172,0.12166172106824925,-10.911425311247019,337,0.2314540059347181,0.9258160237388724,0.03560830860534125,-3.1333782236563104,0.6172106824925816,0.34718100890207715,3.12761697934591
643511,"Rogers, Tyler",2026,"FF","Blue Jays","R","1.064474404",0.05934718100890208,0.19881305637982197,0.10385756676557864,-5.827787319545997,0.6439169139465876,0.2522255192878338,7.08791945292445,0.011869436201780416,10.131684129639053,0.47774480712166173,0.5103857566765578,-12.48937411172383,337,0.12462908011869436,0.887240356083086,0.09792284866468842,-2.582035754443178,0.7655786350148368,0.13649851632047477,3.0081784763904995
676083,"Junk, Janson",2026,"CU","Marlins","R","2.59391685",0.03869047619047619,0.25,0.08035714285714286,-5.6330654454259514,0.6964285714285714,0.22321428571428573,7.1188042391782425,0.25892857142857145,11.921642075549773,0.6666666666666666,0.0744047619047619,-12.183564955724423,336,0.15476190476190477,0.9434523809523809,0.13690476190476192,-3.3441943492362047,0.7202380952380952,0.14285714285714285,2.6442828261822355
691725,"Painter, Andrew",2026,"FF","Phillies","R","0.96209458",0.026785714285714284,0.28869047619047616,0.1875,-6.123758496122826,0.6875,0.125,6.865512103355002,0.002976190476190476,7.942051537104427,0.8184523809523809,0.17857142857142858,-10.664109078610155,336,0.13988095238095238,0.9285714285714286,0.044642857142857144,-2.843882286418328,0.6875,0.26785714285714285,2.910972165290142
702273,"Schultz, Noah",2026,"FF","White Sox","L","1.249489344",0.047619047619047616,0.2619047619047619,0.11607142857142858,-6.126381197479806,0.6815476190476191,0.20238095238095238,7.441677151898381,0.047619047619047616,9.79391819504013,0.7410714285714286,0.2113095238095238,-10.856609853936485,336,0.16964285714285715,0.9136904761904762,0.06845238095238096,-2.6909310337622707,0.6488095238095238,0.28273809523809523,3.0747145236252402
686218,"Sheehan, Emmet",2026,"CU","Dodgers","R","5.340866216",0.1317365269461078,0.16467065868263472,0.08083832335329341,-6.945862613132069,0.5209580838323353,0.39820359281437123,11.050130378218231,0.4820359281437126,13.398651303301657,0.47904191616766467,0.038922155688622756,-10.606634025303478,334,0.3592814371257485,0.8892215568862275,0.23053892215568864,-4.028307611243684,0.6916167664670658,0.07784431137724551,2.7208093397323445
686613,"Brown, Hunter",2026,"FF","Astros","R","1.073394103",0.03903903903903904,0.16816816816816818,0.1891891891891892,-6.49316539502826,0.6216216216216216,0.1891891891891892,6.427050648841791,0.003003003003003003,8.522395733384812,0.6756756756756757,0.3213213213213213,-10.602867485149194,333,0.1981981981981982,0.8858858858858859,0.04804804804804805,-3.162797034455037,0.5735735735735735,0.3783783783783784,3.121923056366155
641793,"Littell, Zack",2026,"CU","zMLB","R","1.905408203",0.05120481927710843,0.2921686746987952,0.11746987951807229,-6.291905122512005,0.7198795180722891,0.16265060240963855,7.4971258049953935,0.20783132530120482,10.872963518834402,0.7198795180722891,0.07228915662650602,-11.849274820485615,332,0.18072289156626506,0.9337349397590361,0.06626506024096386,-3.3368807464190016,0.6746987951807228,0.25903614457831325,2.8189939875344927
681293,"Arrighetti, Spencer",2026,"FF","zMLB","R","1.034769361",0.03614457831325301,0.25903614457831325,0.13253012048192772,-6.228529171753538,0.7590361445783133,0.10843373493975904,6.216776787974875,0.03313253012048193,9.421815866894073,0.7620481927710844,0.20481927710843373,-10.6815473130286,332,0.1716867469879518,0.9337349397590361,0.02108433734939759,-2.5355882372524405,0.6385542168674698,0.34036144578313254,3.16178354079226
671922,"Smith, Cade",2026,"FF","Guardians","R","1.126885328",0.04216867469879518,0.19578313253012047,0.0572289156626506,-7.002192825010498,0.8072289156626506,0.1355421686746988,5.934045365022319,0,,0.6204819277108434,0.3795180722891566,-10.049832464583226,332,0.3102409638554217,0.8825301204819277,0.006024096385542169,-5.5794784774959485,0.44879518072289154,0.5451807228915663,3.2354939165396908
667755,"Soriano, José",2026,"CU","zMLB","R","7.341946821",0.16012084592145015,0.1299093655589124,0.09063444108761329,-6.7584795845121,0.48036253776435045,0.42900302114803623,12.185487119009386,0.46827794561933533,13.48662745966185,0.47129909365558914,0.06042296072507553,-11.568536564955284,331,0.42900302114803623,0.8157099697885196,0.3806646525679758,-4.545876743323241,0.552870090634441,0.06646525679758308,2.5084448452750707
657746,"Ryan, Joe",2026,"CU","Twins","R","4.106414285",0.1094224924012158,0.1458966565349544,0.06382978723404255,-7.541335969873244,0.5653495440729484,0.3708206686930091,9.433218636775084,0.5592705167173252,13.18663545773823,0.41033434650455924,0.030395136778115502,-10.600410829419971,329,0.3100303951367781,0.8723404255319149,0.2127659574468085,-3.7874746660732694,0.6747720364741642,0.11246200607902736,2.6173347050456006
685299,"Gordon, Tanner",2026,"FF","Rockies","R","0.80970518",0.0425531914893617,0.2826747720364742,0.0547112462006079,-4.840391650585584,0.8389057750759878,0.10638297872340426,5.7473875314025875,0.00303951367781155,9.429465027189147,0.668693009118541,0.3282674772036474,-10.463887185441177,329,0.23100303951367782,0.9118541033434651,0.00303951367781155,-2.253067276189725,0.5379939209726444,0.45896656534954405,2.9489261539674865
678606,"Ferrer, José A.",2026,"FF","Mariners","L","1.095584243",0.030395136778115502,0.2006079027355623,0.11854103343465046,-6.008855284895059,0.6990881458966566,0.182370820668693,6.166680126315059,0.00911854103343465,7.888057118775115,0.6139817629179332,0.3768996960486322,-10.33726173213341,329,0.1276595744680851,0.9118541033434651,0.07598784194528875,-2.9599859153155905,0.6747720364741642,0.24924012158054712,2.7078341290457586
663372,"Feltner, Ryan",2026,"FF","Rockies","R","1.191321881",0.030395136778115502,0.3009118541033435,0.12158054711246201,-6.1988242560504245,0.7507598784194529,0.1276595744680851,6.511612890070974,0.015197568389057751,8.64065467421739,0.7811550151975684,0.20364741641337386,-10.753244345935656,329,0.14285714285714285,0.9179331306990881,0.08206686930091185,-2.71029399276628,0.6869300911854104,0.23100303951367782,3.2300761903484903
668984,"Legumina, Casey",2026,"FF","zMLB","R","1.345183526",0.0547112462006079,0.22492401215805471,0.1519756838905775,-6.075797842329052,0.6899696048632219,0.1580547112462006,7.230765521245489,0,,0.6930091185410334,0.3069908814589666,-10.80236553679297,329,0.2066869300911854,0.9088145896656535,0.0182370820668693,-3.204682853319149,0.5653495440729484,0.41641337386018235,3.157100414658701
808967,"Yamamoto, Yoshinobu",2026,"CH","Dodgers","R","2.63455133",0.07317073170731707,0.24390243902439024,0.04878048780487805,-5.739945876928522,0.5853658536585366,0.36585365853658536,7.017027935152768,0.13109756097560976,9.751654504175898,0.8079268292682927,0.06097560975609756,-10.695484628623408,328,0.3353658536585366,0.9573170731707317,0.4024390243902439,-3.385061033430081,0.5792682926829268,0.018292682926829267,2.6285962819415056
691799,"Taylor, Grant",2026,"FF","White Sox","R","1.441861844",0.07621951219512195,0.1951219512195122,0.10975609756097561,-5.459931203844598,0.7652439024390244,0.125,9.00426996051738,0.006097560975609756,8.479792377024655,0.5945121951219512,0.39939024390243905,-11.275992507069919,328,0.25609756097560976,0.8536585365853658,0.039634146341463415,-2.541492121328381,0.5182926829268293,0.4420731707317073,3.2802552131353675
680736,"Wrobleski, Justin",2026,"CU","Dodgers","L","2.324424376",0.024390243902439025,0.3018292682926829,0.08841463414634146,-6.352496962785119,0.75,0.16158536585365854,6.379649021976749,0.22865853658536586,11.261435559443942,0.6737804878048781,0.0975609756097561,-10.771664611280535,328,0.17378048780487804,0.9237804878048781,0.19817073170731708,-3.701884047722527,0.7164634146341463,0.08536585365853659,2.5247682408401304
625643,"López, Reynaldo",2026,"FF","Braves","R","1.023013216",0.027777777777777776,0.24691358024691357,0.1111111111111111,-5.489910290797683,0.7530864197530864,0.13580246913580246,6.1541272095787605,0.009259259259259259,10.35653112482926,0.7067901234567902,0.2839506172839506,-10.292906646027358,324,0.16049382716049382,0.8981481481481481,0.006172839506172839,-2.51077748698318,0.6234567901234568,0.37037037037037035,2.9741133377910733
687911,"King, Bryan",2026,"FF","Astros","L","1.779921014",0.04938271604938271,0.19753086419753085,0.19135802469135801,-6.088062561472378,0.7098765432098766,0.09876543209876543,7.1588920799431,0.006172839506172839,9.274474691609559,0.6018518518518519,0.39197530864197533,-10.931673068332104,324,0.17592592592592593,0.8364197530864198,0.037037037037037035,-4.097169047352555,0.654320987654321,0.30864197530864196,3.1897503711399766
656848,"Petersen, Michael",2026,"FF","Marlins","R","0.866142693",0.024691358024691357,0.1728395061728395,0.06790123456790123,-5.532507136925028,0.8240740740740741,0.10802469135802469,6.04844915895865,0.006172839506172839,10.871771844870567,0.808641975308642,0.18518518518518517,-9.72714161697208,324,0.2623456790123457,0.9166666666666666,0.006172839506172839,-2.4736284814895018,0.4506172839506173,0.5432098765432098,2.9599837450960775
607536,"Freeland, Kyle",2026,"CU","Rockies","L","4.000423237",0.1238390092879257,0.21671826625386997,0.1021671826625387,-6.441456484799145,0.6037151702786377,0.29411764705882354,9.276379648360834,0.37770897832817335,11.994681972058027,0.5634674922600619,0.058823529411764705,-11.461399480585264,323,0.33746130030959753,0.8761609907120743,0.30030959752321984,-3.8338252413762994,0.631578947368421,0.06811145510835913,2.8728539508534126
666157,"Lodolo, Nick",2026,"FF","Reds","L","1.076190942",0.043343653250773995,0.29102167182662536,0.06191950464396285,-5.135727057894828,0.7554179566563467,0.1826625386996904,6.409410241262236,0.01238390092879257,8.087157352003095,0.7120743034055728,0.2755417956656347,-10.24895276296122,323,0.1393188854489164,0.9226006191950464,0.030959752321981424,-2.7207062395902426,0.6408668730650154,0.3281733746130031,2.9867230010557315
687570,"Prielipp, Connor",2026,"FF","Twins","L","0.818821681",0.03115264797507788,0.24610591900311526,0.06542056074766354,-5.180092037059157,0.7757009345794392,0.1588785046728972,6.75150251237352,0,,0.7040498442367601,0.29595015576323985,-10.34140621682765,321,0.14953271028037382,0.897196261682243,0.006230529595015576,-2.6053280973098802,0.632398753894081,0.3613707165109034,2.755409143928801
645261,"Alcantara, Sandy",2026,"CH","Marlins","R","2.524151535",0.09657320872274143,0.24299065420560748,0.04984423676012461,-6.162970721684104,0.4797507788161994,0.470404984423676,7.266729713500033,0.2616822429906542,10.25512400327646,0.7040498442367601,0.03426791277258567,-9.958721612529521,321,0.2834890965732087,0.9439252336448598,0.26791277258566976,-3.0608958882068515,0.6853582554517134,0.04672897196261682,2.6548588682535703
668678,"Gallen, Zac",2026,"CU","Diamondbacks","R","3.306479747",0.11635220125786164,0.2672955974842767,0.04716981132075472,-5.363136145134953,0.6069182389937107,0.34591194968553457,7.892902627437355,0.3867924528301887,11.123617707250837,0.5723270440251572,0.040880503144654086,-10.449864742271368,318,0.2610062893081761,0.9245283018867925,0.2358490566037736,-3.4961862449826113,0.710691823899371,0.05345911949685535,2.7039788280947037
669022,"Gore, MacKenzie",2026,"CU","Rangers","L","4.405110817",0.11635220125786164,0.21069182389937108,0.09433962264150944,-6.650956619129969,0.5911949685534591,0.31446540880503143,8.077177126697958,0.4056603773584906,11.76047780708524,0.5377358490566038,0.05660377358490566,-10.646144244227443,318,0.31446540880503143,0.8710691823899371,0.2578616352201258,-5.134512861439171,0.6666666666666666,0.07547169811320754,2.7470189029574392
683618,"Henriquez, Edgardo",2026,"FF","Dodgers","R","1.619385337",0.02830188679245283,0.18238993710691823,0.22641509433962265,-6.411130391194072,0.6666666666666666,0.1069182389937107,8.769388555885568,0.050314465408805034,9.797141565741503,0.7767295597484277,0.17295597484276728,-10.465711194531718,318,0.279874213836478,0.940251572327044,0.09748427672955975,-3.5335942970347776,0.5408805031446541,0.36163522012578614,3.1159935575257736
670245,"Watson, Ryan",2026,"FF","zMLB","R","1.241195728",0.01892744479495268,0.2744479495268139,0.11987381703470032,-6.62102830870257,0.7255520504731862,0.15457413249211358,6.845230897035747,0.05993690851735016,9.811956222238658,0.7476340694006309,0.19242902208201892,-9.503029660130139,317,0.17981072555205047,0.9337539432176656,0.0914826498422713,-2.9941816385639894,0.6719242902208202,0.23659305993690852,2.9391690685622454
571945,"Mikolas, Miles",2026,"CU","Nationals","R","2.9165752",0.0473186119873817,0.22082018927444794,0.10410094637223975,-6.05212414503472,0.6561514195583596,0.23974763406940064,7.645858298941553,0.33753943217665616,12.196445811383526,0.5993690851735016,0.06309148264984227,-10.391418132936117,317,0.19242902208201892,0.9116719242902208,0.11987381703470032,-3.5545094612104218,0.7539432176656151,0.12618296529968454,2.811603968354401
681347,"Burrows, Mike",2026,"FF","Astros","R","1.028685398",0.028481012658227847,0.2974683544303797,0.16772151898734178,-6.550492094016963,0.7310126582278481,0.10126582278481013,7.09097314395429,0.006329113924050633,10.231371292943345,0.8259493670886076,0.16772151898734178,-10.02931202736535,316,0.12025316455696203,0.8987341772151899,0.028481012658227847,-2.9326564679274645,0.6550632911392406,0.31645569620253167,2.8136291037805146
682254,"Montgomery, Mason",2026,"FF","Pirates","L","1.107048259",0.10759493670886076,0.1518987341772152,0.09177215189873418,-5.410887081454072,0.6993670886075949,0.2088607594936709,7.032737467022186,0.0031645569620253164,8.17670745453683,0.5664556962025317,0.43037974683544306,-10.860962927590196,316,0.31962025316455694,0.8512658227848101,0.022151898734177215,-3.0751428767098283,0.4525316455696203,0.5253164556962026,3.2409365869251507
702070,"Cameron, Noah",2026,"CU","Royals","L","4.722351244",0.13333333333333333,0.23174603174603176,0.1111111111111111,-6.723721513680599,0.6285714285714286,0.26031746031746034,9.93441050655975,0.346031746031746,11.798547109930022,0.5396825396825397,0.11428571428571428,-12.140045165297767,315,0.326984126984127,0.8761904761904762,0.3111111111111111,-4.29988821680254,0.6031746031746031,0.08571428571428572,2.82051884511616
696149,"Chandler, Bubba",2026,"CU","Pirates","R","2.80647663",0.07301587301587302,0.2634920634920635,0.08253968253968254,-6.579542978782704,0.6793650793650794,0.23809523809523808,7.389608217733996,0.18095238095238095,10.722293324990158,0.7365079365079366,0.08253968253968254,-10.393212863584218,315,0.24761904761904763,0.9015873015873016,0.2,-3.669702254239748,0.6634920634920635,0.1365079365079365,2.9422942396196627
672456,"Montero, Keider",2026,"CU","Tigers","R","3.573890026",0.10476190476190476,0.23492063492063492,0.050793650793650794,-5.045166683703286,0.6412698412698413,0.30793650793650795,8.744018067897981,0.4380952380952381,11.927400267188327,0.526984126984127,0.03492063492063492,-11.721708813327009,315,0.2571428571428571,0.9047619047619048,0.18095238095238095,-3.2171472891543464,0.6825396825396826,0.1365079365079365,3.0430468938997013
623454,"Anderson, Drew",2026,"FF","Tigers","R","1.076906933",0.04792332268370607,0.21725239616613418,0.1182108626198083,-5.591321315893049,0.7603833865814696,0.12140575079872204,6.426145504277577,0.006389776357827476,10.183209804124676,0.6837060702875399,0.30990415335463256,-10.12625207326553,313,0.19169329073482427,0.8753993610223643,0.009584664536741214,-3.0696454427401494,0.5463258785942492,0.4440894568690096,3.0486534601126993
657612,"Hill, Tim",2026,"FF","Yankees","L","1.280117013",0.019169329073482427,0.30670926517571884,0.13099041533546327,-5.802803773023644,0.7124600638977636,0.15654952076677317,6.177532480973128,0.02875399361022364,9.427610961256784,0.6837060702875399,0.28753993610223644,-10.587372494552534,313,0.11182108626198083,0.9361022364217252,0.12460063897763578,-2.9591988952772788,0.7763578274760383,0.09904153354632587,2.712555636354304
663542,"Hudson, Bryan",2026,"FF","White Sox","L","0.963087246",0.08974358974358974,0.23397435897435898,0.10576923076923077,-6.068414373301569,0.6891025641025641,0.20512820512820512,7.064432432650607,0.016025641025641024,8.953714201165061,0.6153846153846154,0.3685897435897436,-11.54496122216805,312,0.23717948717948717,0.8685897435897436,0.035256410256410256,-2.6680763473113003,0.5737179487179487,0.391025641025641,3.1462335288121093
800048,"Messick, Parker",2026,"CH","Guardians","L","3.511264777",0.16025641025641027,0.15384615384615385,0.028846153846153848,-5.978705201559107,0.4326923076923077,0.5384615384615384,8.504452450250596,0.44871794871794873,11.4261623182731,0.5256410256410257,0.02564102564102564,-10.91032616048786,312,0.36538461538461536,0.8942307692307693,0.30448717948717946,-3.1732717361904803,0.6602564102564102,0.035256410256410256,3.1046163004582294
527048,"Pérez, Martín",2026,"CH","Braves","L","3.639553249",0.15112540192926044,0.13183279742765272,0.01607717041800643,-4.769400775387675,0.40514469453376206,0.5787781350482315,8.658883653077101,0.662379421221865,12.621724737639724,0.3279742765273312,0.00964630225080386,-9.136465680230563,311,0.3665594855305466,0.977491961414791,0.2379421221864952,-2.8305008769632702,0.7266881028938906,0.03536977491961415,2.3091854245561914
672782,"Gómez, Yoendrys",2026,"FF","zMLB","R","1.125045317",0.022508038585209004,0.2379421221864952,0.1157556270096463,-6.361172226403962,0.7202572347266881,0.1639871382636656,6.747450293551679,0.03536977491961415,8.892278907497829,0.7556270096463023,0.2090032154340836,-10.343747971864742,311,0.2282958199356913,0.9389067524115756,0.05144694533762058,-2.6117609372490054,0.5787781350482315,0.36977491961414793,3.1267463884608047
641816,"Mahle, Tyler",2026,"CH","zMLB","R","3.517035106",0.12580645161290321,0.2032258064516129,0.0032258064516129032,-5.148106068973764,0.5483870967741935,0.4483870967741935,7.485536350329688,0.43548387096774194,10.74255104903815,0.5483870967741935,0.016129032258064516,-11.358318283612546,310,0.267741935483871,0.9580645161290322,0.3096774193548387,-3.1730302034277424,0.6516129032258065,0.03870967741935484,2.5709100833009995
676760,"Marinaccio, Ron",2026,"FF","zMLB","R","1.517812529",0.054838709677419356,0.21935483870967742,0.1,-6.160607951283041,0.7161290322580646,0.18387096774193548,7.567046630720872,0.1032258064516129,10.386713074163978,0.6483870967741936,0.24838709677419354,-10.763118375915477,310,0.25806451612903225,0.896774193548387,0.01935483870967742,-4.0286209501949175,0.5451612903225806,0.43548387096774194,3.1757200762302027
656849,"Peterson, David",2026,"CU","zMLB","L","3.691550031",0.0967741935483871,0.22903225806451613,0.06129032258064516,-6.238206551479353,0.6161290322580645,0.3225806451612903,8.530225413701789,0.3548387096774194,11.556879393569677,0.5612903225806452,0.08387096774193549,-9.6512910233247,310,0.31290322580645163,0.8903225806451613,0.25161290322580643,-3.8856173904969786,0.6580645161290323,0.09032258064516129,2.927488202156713
804267,"Thornton, Zac",2026,"FF","Mets","L","1.793704141",0.022653721682847898,0.23300970873786409,0.16181229773462782,-5.950324967712578,0.656957928802589,0.18122977346278318,7.58297495771621,0.05177993527508091,9.62009758993162,0.7475728155339806,0.20064724919093851,-10.450589369619708,309,0.1650485436893204,0.9223300970873787,0.05501618122977346,-2.9427713745592547,0.7055016181229773,0.23948220064724918,3.0316643669278194
696270,"Johnson, Ryan",2026,"FF","Angels","R","1.829707827",0.022653721682847898,0.29449838187702265,0.13268608414239483,-6.134820388001677,0.6472491909385113,0.22006472491909385,8.084614035651716,0.05501618122977346,9.465571218943484,0.8025889967637541,0.1423948220064725,-9.93325897410414,309,0.15210355987055016,0.9449838187702265,0.038834951456310676,-3.071827735885718,0.7475728155339806,0.21359223300970873,2.8332565836160932
693433,"Woo, Bryan",2026,"CU","Mariners","R","4.328907448",0.09061488673139159,0.20711974110032363,0.038834951456310676,-5.02485882651014,0.6666666666666666,0.29449838187702265,10.228567345246466,0.4692556634304207,11.638448395822186,0.511326860841424,0.019417475728155338,-9.581621147247233,309,0.33980582524271846,0.9223300970873787,0.26537216828478966,-3.7234493892751632,0.656957928802589,0.07766990291262135,2.801291540932388
656427,"Flaherty, Jack",2026,"CU","Tigers","R","4.557754548",0.13636363636363635,0.1590909090909091,0.048701298701298704,-6.052320212196649,0.525974025974026,0.4253246753246753,9.749776590971729,0.6071428571428571,13.761159412511535,0.37012987012987014,0.022727272727272728,-10.35152648109955,308,0.3538961038961039,0.9058441558441559,0.2564935064935065,-3.631175300102911,0.6655844155844156,0.07792207792207792,2.876452933648031
663556,"McClanahan, Shane",2026,"FF","Rays","L","1.020022396",0.019672131147540985,0.2786885245901639,0.06557377049180328,-5.510276563193598,0.8229508196721311,0.11147540983606558,6.605756768238625,0.009836065573770493,10.08094989402962,0.7967213114754098,0.19344262295081968,-10.012558531857731,305,0.2098360655737705,0.9377049180327869,0.022950819672131147,-2.581646242315285,0.5573770491803278,0.419672131147541,3.0051335390626956
544150,"Suárez, Albert",2026,"FF","Orioles","R","1.76294863",0.039473684210526314,0.29276315789473684,0.03618421052631579,-5.300889256747855,0.7335526315789473,0.23026315789473684,7.5829805468651905,0.15789473684210525,11.981507446582711,0.6842105263157895,0.15789473684210525,-10.6750797688169,304,0.22697368421052633,0.9276315789473685,0.04276315789473684,-2.9999937846161,0.6480263157894737,0.3092105263157895,2.9427916216711045
691725,"Painter, Andrew",2026,"CU","Phillies","R","3.843556749",0.11221122112211221,0.19801980198019803,0.07590759075907591,-5.422927189141001,0.5610561056105611,0.36303630363036304,9.815537261193104,0.42244224422442245,13.629293926873677,0.5346534653465347,0.0429042904290429,-11.817283349175739,303,0.3102310231023102,0.9075907590759076,0.16831683168316833,-3.1907402549399655,0.693069306930693,0.13861386138613863,2.865254185411441
641927,"Ober, Bailey",2026,"CH","Twins","R","3.73115146",0.09900990099009901,0.20132013201320131,0.009900990099009901,-7.634689392229166,0.5775577557755776,0.41254125412541254,8.477030933510903,0.5841584158415841,12.786854654072128,0.39603960396039606,0.019801980198019802,-9.764835063884183,303,0.22442244224422442,0.9405940594059405,0.13861386138613863,-2.831928201106723,0.7920792079207921,0.06930693069306931,2.5779344207453736
837227,"Imai, Tatsuya",2026,"CU","Astros","R","4.014292522",0.15894039735099338,0.16556291390728478,0.06291390728476821,-6.0281879697433425,0.5066225165562914,0.4304635761589404,8.807085245089334,0.4503311258278146,12.366272299622834,0.5099337748344371,0.039735099337748346,-10.419020355882287,302,0.40397350993377484,0.9205298013245033,0.30132450331125826,-4.115955184139281,0.6026490066225165,0.09602649006622517,2.9943890731805074
686799,"Kochanowicz, Jack",2026,"FF","Angels","R","1.291122835",0.03333333333333333,0.31666666666666665,0.06333333333333334,-5.647796070195833,0.7566666666666667,0.18,6.69914014002345,0.01,10.102825978689056,0.7866666666666666,0.20333333333333334,-10.636727431305927,300,0.18333333333333332,0.92,0.16,-3.049433548849307,0.64,0.2,2.9766524175413283
669199,"Bachar, Lake",2026,"CU","zMLB","R","5.508229132",0.14333333333333334,0.22,0.06666666666666667,-5.712211569413242,0.6033333333333334,0.33,10.770548182894258,0.32666666666666666,12.111569634640363,0.5666666666666667,0.10666666666666667,-11.396169099760183,300,0.38,0.87,0.33,-4.453663413028351,0.57,0.1,2.6338753616718327
694973,"Skenes, Paul",2026,"CH","Pirates","R","3.237460617",0.12040133779264214,0.19732441471571907,0.03678929765886288,-6.003031851072796,0.5284280936454849,0.43478260869565216,7.623478061050087,0.3177257525083612,11.292245508642303,0.6488294314381271,0.033444816053511704,-12.282325802624438,299,0.28762541806020064,0.8963210702341137,0.3277591973244147,-3.150756644163458,0.5852842809364549,0.08695652173913043,2.785653421105647
681293,"Arrighetti, Spencer",2026,"CU","zMLB","R","4.31775685",0.15384615384615385,0.13377926421404682,0.043478260869565216,-7.006650605914285,0.5719063545150501,0.38461538461538464,9.104263596368616,0.6655518394648829,14.509455259601397,0.32441471571906355,0.010033444816053512,-12.280271609938504,299,0.3612040133779264,0.8695652173913043,0.3010033444816054,-3.8011805052605863,0.6187290969899666,0.0802675585284281,2.617770616056573
669373,"Skubal, Tarik",2026,"CH","zMLB","L","5.049186697",0.18394648829431437,0.12374581939799331,0.023411371237458192,-7.7940902262745535,0.34448160535117056,0.6321070234113713,10.248237922268881,0.5852842809364549,13.657419659666116,0.39464882943143814,0.020066889632107024,-9.419243602530873,299,0.4816053511705686,0.9163879598662207,0.2976588628762542,-3.881379308858533,0.6354515050167224,0.06688963210702341,2.7122841439308556
641927,"Ober, Bailey",2026,"FF","Twins","R","1.099794016",0.020134228187919462,0.2986577181208054,0.0738255033557047,-5.781040760037008,0.8087248322147651,0.1174496644295302,6.355754257210563,0.10738255033557047,10.401505963319782,0.802013422818792,0.09060402684563758,-10.212253958319785,298,0.14429530201342283,0.9530201342281879,0.010067114093959731,-2.504294450637763,0.6409395973154363,0.348993288590604,2.9673796982191405
657277,"Webb, Logan",2026,"CH","Giants","R","2.912143852",0.08389261744966443,0.2181208053691275,0.03691275167785235,-7.458769797436928,0.6073825503355704,0.35570469798657717,7.241732349969337,0.2986577181208054,10.50448332332242,0.6812080536912751,0.020134228187919462,-9.032738408110424,298,0.28187919463087246,0.9530201342281879,0.35906040268456374,-3.1989874849982196,0.6241610738255033,0.016778523489932886,2.6129799481742175
676083,"Junk, Janson",2026,"FF","Marlins","R","0.900726376",0.016835016835016835,0.30976430976430974,0.10437710437710437,-5.461876140319938,0.8282828282828283,0.06734006734006734,5.642609647668299,0.016835016835016835,9.855797508080748,0.7643097643097643,0.21885521885521886,-9.46086130057144,297,0.1111111111111111,0.9326599326599326,0.016835016835016835,-2.9754527007487557,0.6868686868686869,0.2962962962962963,2.636105312527453
663372,"Feltner, Ryan",2026,"CU","Rockies","R","3.047557575",0.06397306397306397,0.20202020202020202,0.09090909090909091,-5.715400446148378,0.6531986531986532,0.2558922558922559,8.966916199698918,0.3872053872053872,11.77133346332829,0.5488215488215489,0.06397306397306397,-10.781571117449303,297,0.23905723905723905,0.9393939393939394,0.16161616161616163,-2.9764627094799234,0.6835016835016835,0.15488215488215487,2.93111038557444
663947,"Holton, Tyler",2026,"FF","Tigers","L","1.282368336",0.037162162162162164,0.32094594594594594,0.1554054054054054,-5.936138285038158,0.7297297297297297,0.11486486486486487,6.8831751501119705,0.057432432432432436,9.9828417895029,0.777027027027027,0.16554054054054054,-10.26479196542504,296,0.16891891891891891,0.9459459459459459,0.07432432432432433,-2.9374737126382127,0.7027027027027027,0.22297297297297297,2.970054706448356
607074,"Rodón, Carlos",2026,"FF","Yankees","L","1.16160714",0.03389830508474576,0.22033898305084745,0.07457627118644068,-5.890123185403991,0.7898305084745763,0.13559322033898305,6.644132607837161,0.01694915254237288,8.135480368581193,0.7864406779661017,0.19661016949152543,-10.236055077486368,295,0.22372881355932203,0.9152542372881356,0.0711864406779661,-3.3080958038454122,0.5288135593220339,0.4,2.9047572774119335
675848,"Mejia, Juan",2026,"FF","Rockies","R","1.171630186",0.04406779661016949,0.2305084745762712,0.12203389830508475,-6.373959002155542,0.6949152542372882,0.18305084745762712,7.171240321510891,0,,0.6847457627118644,0.3152542372881356,-10.09879472223944,295,0.17627118644067796,0.8915254237288136,0.030508474576271188,-3.04629655600498,0.6203389830508474,0.34915254237288135,2.8956796610318065
679883,"Avila, Luinder",2026,"FF","Royals","R","1.249010402",0.030508474576271188,0.26440677966101694,0.1694915254237288,-6.098006355549681,0.6542372881355932,0.17627118644067796,7.362899715150016,0.020338983050847456,9.084392756346077,0.8203389830508474,0.15932203389830507,-10.120401917643989,295,0.17966101694915254,0.9559322033898305,0.07457627118644068,-3.0068987299234413,0.7288135593220338,0.19661016949152543,3.0592870525966767
700669,"Graceffo, Gordon",2026,"FF","Cardinals","R","2.379861779",0.05782312925170068,0.3401360544217687,0.09863945578231292,-5.836950828453863,0.7380952380952381,0.16326530612244897,7.051772913565162,0.08163265306122448,11.011373852750726,0.7414965986394558,0.17687074829931973,-10.305573850989793,294,0.17006802721088435,0.9115646258503401,0.10204081632653061,-3.217178790457219,0.6462585034013606,0.25170068027210885,2.778063563517056
682052,"Lopez, Jacob",2026,"CU","Athletics","L","4.508574361",0.08163265306122448,0.0782312925170068,0.030612244897959183,-7.1492348436121675,0.5374149659863946,0.43197278911564624,10.92130557640775,0.7585034013605442,15.622599051330873,0.22448979591836735,0.017006802721088437,-9.765120987948842,294,0.30952380952380953,0.8231292517006803,0.1292517006802721,-3.8425345665364454,0.7414965986394558,0.1292517006802721,2.6392723137088283
663969,"Phillips, Tyler",2026,"CU","Marlins","R","5.033035065",0.09863945578231292,0.2619047619047619,0.05782312925170068,-7.063469424302343,0.6870748299319728,0.25510204081632654,10.337877338018943,0.3707482993197279,12.14276986957995,0.5986394557823129,0.030612244897959183,-8.906420346388172,294,0.38095238095238093,0.8741496598639455,0.3163265306122449,-5.230180891531351,0.5952380952380952,0.08843537414965986,2.8457029302401398
621111,"Buehler, Walker",2026,"CU","Padres","R","2.744234283",0.07508532423208192,0.17064846416382254,0.05460750853242321,-5.762637620957784,0.590443686006826,0.35494880546075086,8.16973306937144,0.39590443686006827,12.63365672238274,0.5085324232081911,0.09556313993174062,-11.105154153486003,293,0.26621160409556316,0.9078498293515358,0.14675767918088736,-3.3561157532991146,0.6723549488054608,0.18088737201365188,2.9946658300737923
690997,"McLean, Nolan",2026,"CU","Mets","R","3.072149674",0.1,0.1482758620689655,0.0896551724137931,-6.709505302502111,0.5758620689655173,0.33448275862068966,8.285457281035614,0.4413793103448276,12.069156066288674,0.4793103448275862,0.07931034482758621,-10.551854222052848,290,0.3586206896551724,0.8793103448275862,0.3482758620689655,-3.5337253048894266,0.5655172413793104,0.08620689655172414,2.8220102541955026
660825,"Bazardo, Eduard",2026,"FF","Mariners","R","0.998768427",0.034482758620689655,0.3,0.1,-6.020185196344474,0.7241379310344828,0.17586206896551723,6.67635374362415,0.017241379310344827,9.853348374737369,0.8206896551724138,0.16206896551724137,-10.471696478062936,290,0.15172413793103448,0.9482758620689655,0.041379310344827586,-2.81687171434267,0.6517241379310345,0.30689655172413793,2.8334747917459713
656605,"Keller, Mitch",2026,"CU","Pirates","R","3.60789165",0.10034602076124567,0.20761245674740483,0.09688581314878893,-5.574533816414011,0.6055363321799307,0.2975778546712803,8.597769057785786,0.42560553633217996,12.374863970652417,0.5294117647058824,0.04498269896193772,-12.721260381125472,289,0.25259515570934254,0.8996539792387543,0.1903114186851211,-3.4915132793966137,0.7093425605536332,0.10034602076124567,2.7056077869803645
805673,"Matthews, Zebby",2026,"CU","Twins","R","4.17867677",0.1314878892733564,0.23529411764705882,0.03460207612456748,-6.401902635040676,0.6055363321799307,0.35986159169550175,9.33683376229769,0.43252595155709345,12.44012897799062,0.5259515570934256,0.04152249134948097,-8.748569906026226,289,0.35294117647058826,0.9134948096885813,0.2698961937716263,-3.9214629478106806,0.657439446366782,0.0726643598615917,2.7878292533868447
607259,"Martinez, Nick",2026,"CH","Rays","R","5.838480253",0.13194444444444445,0.16666666666666666,0.027777777777777776,-11.670706808456998,0.53125,0.4409722222222222,10.545843903383954,0.6805555555555556,14.467692198918671,0.2951388888888889,0.024305555555555556,-9.730138233125974,288,0.3090277777777778,0.8090277777777778,0.1736111111111111,-4.005095063796332,0.7326388888888888,0.09375,2.721614179271356
686790,"McDonald, Trevor",2026,"FF","Giants","R","1.316218458",0.024390243902439025,0.3588850174216028,0.08362369337979095,-6.067477419980861,0.7526132404181185,0.16376306620209058,6.937240025620207,0.020905923344947737,9.341280387029853,0.8013937282229965,0.17770034843205576,-10.140513705608523,287,0.10452961672473868,0.9442508710801394,0.0975609756097561,-2.7977546049249318,0.759581881533101,0.14285714285714285,2.888265232730178
695611,"Jump, Gage",2026,"CU","Athletics","L","3.897167663",0.07665505226480836,0.24041811846689895,0.09059233449477352,-5.93061272904926,0.6689895470383276,0.24041811846689895,9.467237529086649,0.3170731707317073,11.71913107425152,0.6097560975609756,0.07317073170731707,-10.099956150401242,287,0.289198606271777,0.8710801393728222,0.2264808362369338,-4.127519885871489,0.6341463414634146,0.13937282229965156,2.8350813708143354
640455,"Manaea, Sean",2026,"CU","Mets","L","5.15183227",0.0979020979020979,0.08041958041958042,0.08391608391608392,-6.226032648474938,0.5,0.4160839160839161,11.154658003712141,0.7027972027972028,15.405614488088526,0.25874125874125875,0.038461538461538464,-12.982185496390672,286,0.3146853146853147,0.7832167832167832,0.16433566433566432,-3.453204646546717,0.7202797202797203,0.11538461538461539,3.0172474613062232
669330,"Wells, Tyler",2026,"FF","zMLB","R","1.603483108",0.04895104895104895,0.2517482517482518,0.08741258741258741,-6.140948005821749,0.7587412587412588,0.15384615384615385,9.122748934222532,0.07692307692307693,10.268796699046549,0.7517482517482518,0.17132867132867133,-11.201129947050092,286,0.2937062937062937,0.9125874125874126,0.024475524475524476,-3.4570289992416847,0.527972027972028,0.44755244755244755,3.0728637401416004
641835,"Mayza, Tim",2026,"FF","Phillies","L","1.517328595",0.07368421052631578,0.21403508771929824,0.1543859649122807,-6.025382896890162,0.5719298245614035,0.2736842105263158,7.214736273268671,0.014035087719298246,9.235006993680775,0.7228070175438597,0.2631578947368421,-11.270254738556979,285,0.22105263157894736,0.9052631578947369,0.10175438596491228,-3.127669168602978,0.5614035087719298,0.3368421052631579,3.164098031922888
663687,"Harris, Hogan",2026,"FF","Athletics","L","1.020991221",0.05964912280701754,0.18596491228070175,0.06315789473684211,-5.406877410484765,0.8175438596491228,0.11929824561403508,7.4351378575003,0.007017543859649123,8.619930671346385,0.6491228070175439,0.34385964912280703,-10.862844443942304,285,0.23859649122807017,0.887719298245614,0.017543859649122806,-3.097300996770968,0.48771929824561405,0.49473684210526314,2.948890365760103
642547,"Peralta, Freddy",2026,"CH","zMLB","R","3.295988924",0.0989399293286219,0.14840989399293286,0.04240282685512368,-6.57254190444897,0.4275618374558304,0.5300353356890459,7.7074487773917335,0.38162544169611307,10.622728727672085,0.5901060070671378,0.028268551236749116,-8.436124403521745,283,0.29328621908127206,0.9575971731448764,0.254416961130742,-3.3100596889043414,0.6749116607773852,0.0706713780918728,2.4515034357579597
642547,"Peralta, Freddy",2026,"CU","zMLB","R","4.118160494",0.127208480565371,0.1413427561837456,0.024734982332155476,-7.733052200651641,0.5335689045936396,0.4416961130742049,9.214319388969049,0.6148409893992933,14.375064000492953,0.36042402826855124,0.024734982332155476,-9.933523545394047,283,0.3286219081272085,0.8374558303886925,0.18374558303886926,-3.686513326371664,0.6713780918727915,0.14487632508833923,2.6610138698118604
667297,"Nance, Tommy",2026,"CU","zMLB","R","4.334064411",0.0812720848056537,0.19081272084805653,0.10954063604240283,-6.736760358282724,0.5759717314487632,0.31448763250883394,9.09499683533439,0.24734982332155478,11.384384288944142,0.6678445229681979,0.08480565371024736,-10.01811673867398,283,0.31095406360424027,0.8869257950530035,0.2756183745583039,-3.993417934773521,0.6395759717314488,0.08480565371024736,3.0805004590404006
643377,"Jax, Griffin",2026,"FF","Rays","R","1.530479229",0.02120141342756184,0.26855123674911663,0.1413427561837456,-6.198734022682272,0.7137809187279152,0.14487632508833923,6.642720094119893,0.0176678445229682,9.484456451825658,0.8056537102473498,0.17667844522968199,-10.689744683542232,283,0.20141342756183744,0.901060070671378,0.08480565371024736,-3.557892939393934,0.6113074204946997,0.303886925795053,3.2118509723939046
677960,"Weathers, Ryan",2026,"CH","Yankees","L","3.890905625",0.17314487632508835,0.20848056537102475,0.02120141342756184,-8.811203349121012,0.4734982332155477,0.5053003533568905,8.230371122615807,0.4628975265017668,11.98057961876169,0.5123674911660777,0.024734982332155476,-10.051778369343461,283,0.36042402826855124,0.911660777385159,0.30742049469964666,-3.730666479755564,0.6395759717314488,0.053003533568904596,2.9956126391032036
663567,"Lambert, Peter",2026,"CH","Astros","R","3.091447218",0.15602836879432624,0.14184397163120568,0.024822695035460994,-6.184684955761679,0.4326241134751773,0.5425531914893617,7.785007651155742,0.5460992907801419,11.41691114758111,0.43617021276595747,0.01773049645390071,-10.321657844005454,282,0.3475177304964539,0.9326241134751773,0.24822695035460993,-3.0287986164243086,0.6985815602836879,0.05319148936170213,2.5395471985190423
592773,"Stanek, Ryne",2026,"FF","Cardinals","R","1.057820181",0.028469750889679714,0.21708185053380782,0.07829181494661921,-6.02559578170915,0.7437722419928826,0.17793594306049823,6.555193426906015,0.010676156583629894,9.458905918104692,0.8362989323843416,0.15302491103202848,-10.156371149628209,281,0.2491103202846975,0.9181494661921709,0.042704626334519574,-2.678258573286982,0.5302491103202847,0.42704626334519574,3.116407039835061
641755,"Kinley, Tyler",2026,"CU","zMLB","R","4.755515965",0.10320284697508897,0.2206405693950178,0.0498220640569395,-10.522010099252316,0.6263345195729537,0.3238434163701068,9.527773368675403,0.3914590747330961,12.460906252673476,0.5658362989323843,0.042704626334519574,-11.657905105420408,281,0.302491103202847,0.8932384341637011,0.20640569395017794,-4.269373971501587,0.6725978647686833,0.12099644128113879,2.8792194198516654
656641,"Latz, Jacob",2026,"FF","Rangers","L","1.081613655",0.017857142857142856,0.22857142857142856,0.04285714285714286,-6.757750278874805,0.8107142857142857,0.14642857142857144,5.850136509504878,0.03214285714285714,9.126773806163206,0.8035714285714286,0.16428571428571428,-9.964369041948132,280,0.21785714285714286,0.9357142857142857,0.0035714285714285713,-2.123298521322514,0.44642857142857145,0.55,2.980141589058668
693855,"Seymour, Ian",2026,"CH","Rays","L","3.576250163",0.1510791366906475,0.15467625899280577,0.03597122302158273,-7.118471816388515,0.45323741007194246,0.5107913669064749,9.25809733955782,0.579136690647482,12.466644442582899,0.3920863309352518,0.02877697841726619,-11.027240900878178,278,0.39928057553956836,0.9064748201438849,0.16906474820143885,-3.3471478736379656,0.7050359712230215,0.12589928057553956,2.875679030461102
687473,"Gusto, Ryan",2026,"FF","Marlins","R","1.440379659",0.06859205776173286,0.24548736462093862,0.13357400722021662,-6.6349094164054,0.7328519855595668,0.13357400722021662,8.805621839610621,0.010830324909747292,8.904939340786086,0.6642599277978339,0.3249097472924188,-10.917713318363528,277,0.2490974729241877,0.8700361010830325,0.05054151624548736,-3.244591049022543,0.5884476534296029,0.36101083032490977,3.219595753860508
676879,"Ashby, Aaron",2026,"FF","Brewers","L","2.178518644",0.018050541516245487,0.24548736462093862,0.11552346570397112,-5.996426351423519,0.6209386281588448,0.26353790613718414,6.654869893697049,0.021660649819494584,9.187959958565465,0.779783393501805,0.19855595667870035,-10.64004717135077,277,0.1552346570397112,0.924187725631769,0.1263537906137184,-3.6773302433703354,0.6714801444043321,0.20216606498194944,2.718220817987165
694738,"Roupp, Landen",2026,"CH","Giants","R","3.276901174",0.13818181818181818,0.19272727272727272,0.01818181818181818,-5.35830628643974,0.5236363636363637,0.4581818181818182,7.528075993251163,0.36727272727272725,10.922112665509097,0.6072727272727273,0.025454545454545455,-9.820937868765137,275,0.3018181818181818,0.9454545454545454,0.27636363636363637,-3.097757043723706,0.7090909090909091,0.014545454545454545,2.531168630328806
623211,"Brazobán, Huascar",2026,"FF","zMLB","R","1.722768589",0.04363636363636364,0.22545454545454546,0.14181818181818182,-6.687850158143802,0.6218181818181818,0.23636363636363636,6.977567472966943,0.09454545454545454,9.123338227700836,0.7927272727272727,0.11272727272727273,-10.196397671072342,275,0.2,0.9454545454545454,0.13090909090909092,-3.457095392446629,0.6872727272727273,0.18181818181818182,2.8952103224690493
669711,"Weissert, Greg",2026,"FF","Red Sox","R","1.112359006",0.025547445255474453,0.24817518248175183,0.10948905109489052,-6.014905958826562,0.6861313868613139,0.20437956204379562,6.676699163183394,0.01824817518248175,9.928886414465039,0.8211678832116789,0.16058394160583941,-10.53614724429832,274,0.1897810218978102,0.9306569343065694,0.058394160583941604,-2.6285598278021003,0.6496350364963503,0.291970802919708,3.039909118149378
666661,"Morillo, Juan",2026,"FF","Diamondbacks","R","1.410541901",0.047619047619047616,0.14652014652014653,0.15018315018315018,-6.61722938151823,0.6703296703296703,0.1794871794871795,7.500097318990672,0.003663003663003663,9.353020263903776,0.5860805860805861,0.41025641025641024,-11.105618613703212,273,0.27472527472527475,0.8498168498168498,0.02197802197802198,-2.7839330430887967,0.48717948717948717,0.4908424908424908,3.2998821637085545
594027,"Guerrero, Tyron",2026,"FF","Red Sox","R","1.075523171",0.047619047619047616,0.2087912087912088,0.12454212454212454,-5.676187958873702,0.7106227106227107,0.16483516483516483,6.85355081192805,0.003663003663003663,7.567306633545947,0.6703296703296703,0.326007326007326,-9.989831712961893,273,0.2271062271062271,0.8974358974358975,0.047619047619047616,-2.583742116791382,0.5604395604395604,0.39194139194139194,3.121288005413699
677960,"Weathers, Ryan",2026,"CU","Yankees","L","4.799983163",0.1213235294117647,0.19117647058823528,0.10661764705882353,-6.199642665663828,0.5992647058823529,0.29411764705882354,11.17818556794584,0.40441176470588236,13.7629658485642,0.5330882352941176,0.0625,-10.679267933631325,272,0.375,0.8602941176470589,0.2647058823529412,-4.5016236212417855,0.6176470588235294,0.11764705882352941,3.1056170291097254
683003,"Jones, Jared",2026,"FF","Pirates","R","1.364419378",0.04059040590405904,0.26199261992619927,0.09225092250922509,-5.563919503525226,0.8265682656826568,0.08118081180811808,7.478245682548728,0.014760147601476014,10.082832054822887,0.7601476014760148,0.22509225092250923,-10.141595655985373,271,0.23616236162361623,0.9298892988929889,0.014760147601476014,-2.893327109527098,0.5608856088560885,0.42435424354243545,3.2556483378294114
605488,"Springs, Jeffrey",2026,"CH","Athletics","L","4.538182547",0.1033210332103321,0.0959409594095941,0.007380073800738007,-6.684278330931221,0.36162361623616235,0.6309963099630996,10.217161051135808,0.6974169741697417,14.567917540673932,0.28044280442804426,0.02214022140221402,-10.556031506603201,271,0.36900369003690037,0.8450184501845018,0.12546125461254612,-3.0621777720460956,0.7601476014760148,0.11439114391143912,2.781346277477146
694335,"Svanson, Matt",2026,"FF","Cardinals","R","1.680647828",0.05555555555555555,0.25925925925925924,0.13703703703703704,-7.4039001736015475,0.6962962962962963,0.16666666666666666,7.140293238176961,0.011111111111111112,11.251040215837175,0.7074074074074074,0.2814814814814815,-10.269420648755196,270,0.15185185185185185,0.8740740740740741,0.04814814814814815,-4.076271320717256,0.6703703703703704,0.2814814814814815,2.9050861914328667
547973,"Chapman, Aroldis",2026,"FF","Red Sox","L","0.909067823",0.02962962962962963,0.21481481481481482,0.08888888888888889,-5.661814323087442,0.7185185185185186,0.1925925925925926,6.252807127484144,0.011111111111111112,8.917377558064867,0.7888888888888889,0.2,-10.157558940937363,270,0.2518518518518518,0.9185185185185185,0.011111111111111112,-2.3487684034698053,0.5259259259259259,0.46296296296296297,3.0137980761912924
663978,"Paddack, Chris",2026,"FF","zMLB","R","1.190959186",0.025925925925925925,0.22962962962962963,0.08518518518518518,-5.368568531719029,0.7888888888888889,0.1259259259259259,6.5632028193872705,0.05555555555555555,9.273926079495064,0.7074074074074074,0.23703703703703705,-9.958426531812954,270,0.17777777777777778,0.9037037037037037,0.03333333333333333,-3.2351039505492483,0.5777777777777777,0.3888888888888889,2.8491806748201673
694738,"Roupp, Landen",2026,"CU","Giants","R","4.35610901",0.13703703703703704,0.1111111111111111,0.044444444444444446,-7.931723078669096,0.46296296296296297,0.4925925925925926,9.132529370901693,0.7703703703703704,14.098234268654963,0.2222222222222222,0.007407407407407408,-11.943575058876622,270,0.35185185185185186,0.8703703703703703,0.25925925925925924,-3.623959608223044,0.7148148148148148,0.025925925925925925,2.422055796282499
622554,"Domínguez, Seranthony",2026,"FF","zMLB","R","0.968997188",0.03345724907063197,0.20446096654275092,0.17100371747211895,-5.955601863997254,0.6468401486988847,0.1821561338289963,6.765329844113118,0.011152416356877323,8.41122411293142,0.828996282527881,0.15985130111524162,-8.88445806717658,269,0.20446096654275092,0.9739776951672863,0.01486988847583643,-2.6173524230044403,0.620817843866171,0.3643122676579926,3.0005945956737587
665660,"Alvarado, Elvis",2026,"FF","Athletics","R","0.915488583",0.029850746268656716,0.19029850746268656,0.055970149253731345,-5.8971593638943345,0.8022388059701493,0.1417910447761194,5.5448684008380225,0.011194029850746268,10.309011268097333,0.835820895522388,0.15298507462686567,-9.347874012588559,268,0.30223880597014924,0.9477611940298507,0.014925373134328358,-2.456367784359857,0.4552238805970149,0.5298507462686567,3.083013335061527
676282,"Cantillo, Joey",2026,"CH","Guardians","L","5.085532414",0.1791044776119403,0.1044776119402985,0.029850746268656716,-6.132179099959387,0.39552238805970147,0.5746268656716418,11.146083887833527,0.7201492537313433,15.73263106821901,0.2537313432835821,0.026119402985074626,-8.55101496111051,268,0.4141791044776119,0.8992537313432836,0.22014925373134328,-3.3696303513239947,0.7164179104477612,0.06343283582089553,2.7391849854440786
656492,"Griffin, Foster",2026,"CU","zMLB","L","4.506935171",0.10526315789473684,0.20300751879699247,0.05639097744360902,-5.698476994698097,0.6278195488721805,0.3157894736842105,9.315435220062824,0.4924812030075188,12.97047607784505,0.4849624060150376,0.022556390977443608,-10.495665807972372,266,0.2857142857142857,0.9097744360902256,0.2593984962406015,-3.587456290241788,0.650375939849624,0.09022556390977443,2.70294049858633
675660,"Drohan, Shane",2026,"CU","Brewers","L","4.576839867",0.12075471698113208,0.2037735849056604,0.0830188679245283,-6.27406160684783,0.6075471698113207,0.30943396226415093,9.452432239783695,0.4037735849056604,12.073753309314625,0.5509433962264151,0.045283018867924525,-12.021298690779258,265,0.37358490566037733,0.8528301886792453,0.3132075471698113,-4.385769444320676,0.6188679245283019,0.06792452830188679,2.726393879199685
641743,"Kay, Anthony",2026,"CU","White Sox","L","4.44256933",0.10566037735849057,0.18490566037735848,0.10566037735849057,-6.880775288208351,0.5547169811320755,0.33962264150943394,9.093442521937964,0.4867924528301887,12.8452821561191,0.49056603773584906,0.022641509433962263,-11.233100734504418,265,0.32452830188679244,0.8490566037735849,0.26037735849056604,-4.484784023102806,0.6641509433962264,0.07547169811320754,2.532860401265409
668678,"Gallen, Zac",2026,"FF","Diamondbacks","R","0.964449732",0.01509433962264151,0.4037735849056604,0.09433962264150944,-5.71198511378707,0.7886792452830189,0.1169811320754717,6.299201072945097,0.011320754716981131,8.824359142995002,0.8301886792452831,0.15849056603773584,-10.852692317724213,265,0.06792452830188679,0.9207547169811321,0.022641509433962263,-2.9998650384190846,0.7358490566037735,0.24150943396226415,2.7033627360739296
666808,"Doval, Camilo",2026,"FF","zMLB","R","1.545977072",0.015151515151515152,0.2916666666666667,0.07954545454545454,-5.695733013149693,0.6931818181818182,0.22727272727272727,6.859343926177801,0.026515151515151516,8.5883323508498,0.8712121212121212,0.10227272727272728,-9.430259839393056,264,0.17803030303030304,0.9621212121212122,0.14393939393939395,-2.8520250347019926,0.7007575757575758,0.1553030303030303,2.8678928412457956
693821,"Elder, Bryce",2026,"CU","Braves","R","3.985933098",0.11406844106463879,0.27756653992395436,0.022813688212927757,-6.319190388089565,0.6692015209125475,0.30798479087452474,8.655632936351228,0.41064638783269963,12.01527268262837,0.5665399239543726,0.022813688212927757,-9.146959578553712,263,0.2965779467680608,0.9467680608365019,0.24334600760456274,-3.7457300088294954,0.6653992395437263,0.09125475285171103,2.417644327437432
669276,"Lee, Dylan",2026,"CU","Braves","L","5.36348669",0.23574144486692014,0.12547528517110265,0.026615969581749048,-4.922585779334082,0.49809885931558934,0.4752851711026616,10.796300001632781,0.6387832699619772,13.879278074729857,0.34600760456273766,0.015209125475285171,-9.354085166433242,263,0.4296577946768061,0.8517110266159695,0.33460076045627374,-3.7489887254394185,0.6121673003802282,0.053231939163498096,2.8440543897192616
673540,"Senga, Kodai",2026,"FF","Mets","R","2.043265382",0.06130268199233716,0.2835249042145594,0.06130268199233716,-5.687780197033896,0.7432950191570882,0.19540229885057472,6.971038437354644,0.09961685823754789,10.405849462737006,0.7049808429118773,0.19540229885057472,-10.302423940181928,261,0.19157088122605365,0.9157088122605364,0.0842911877394636,-3.622527056556614,0.6398467432950191,0.27586206896551724,2.927947061109429
660853,"De Los Santos, Enyel",2026,"FF","Astros","R","0.829141714",0.034482758620689655,0.24521072796934865,0.08045977011494253,-5.201139374019611,0.789272030651341,0.13026819923371646,6.324015323900689,0,,0.6819923371647509,0.31800766283524906,-10.731617067481155,261,0.1839080459770115,0.9003831417624522,0,,0.5440613026819924,0.4559386973180077,2.919014868457474
445276,"Jansen, Kenley",2026,"FF","Tigers","R","1.03840745",0.02681992337164751,0.1839080459770115,0.12260536398467432,-5.105676011932313,0.7509578544061303,0.12643678160919541,6.321422359252952,0.0842911877394636,9.238052024781592,0.8084291187739464,0.10727969348659004,-10.098066394018808,261,0.26053639846743293,0.9272030651340997,0.022988505747126436,-2.3449540682370134,0.5095785440613027,0.4674329501915709,3.1199364625993713
665152,"Kremer, Dean",2026,"FF","zMLB","R","2.768147392",0.05384615384615385,0.2653846153846154,0.06153846153846154,-5.668125010346982,0.6846153846153846,0.25384615384615383,7.964012257038778,0.1423076923076923,11.345219390795128,0.6961538461538461,0.16153846153846155,-9.546459962980595,260,0.23461538461538461,0.9384615384615385,0.08846153846153847,-3.112115749393157,0.6115384615384616,0.3,2.9597802328951524
663556,"McClanahan, Shane",2026,"CU","Rays","L","2.803190869",0.08076923076923077,0.28846153846153844,0.12692307692307692,-6.60953388343459,0.6730769230769231,0.2,7.533796165884822,0.24615384615384617,10.422359946490118,0.6307692307692307,0.12307692307692308,-11.413498667793819,260,0.27307692307692305,0.8730769230769231,0.25769230769230766,-4.0489210392117325,0.6538461538461539,0.08846153846153847,3.037435895265117
621112,"Blackburn, Paul",2026,"FF","Yankees","R","1.730959183",0.03088803088803089,0.2857142857142857,0.1274131274131274,-5.7959970333736095,0.6872586872586872,0.18532818532818532,6.821446081656026,0.03088803088803089,10.40232364261304,0.7760617760617761,0.19305019305019305,-10.27247531648788,259,0.14285714285714285,0.918918918918919,0.10038610038610038,-3.000727637919205,0.7142857142857143,0.18532818532818532,2.868596453241904
670990,"Ramírez, Yohan",2026,"FF","Pirates","R","1.241785829",0.03861003861003861,0.22393822393822393,0.18146718146718147,-6.21475786388634,0.667953667953668,0.15057915057915058,6.439395617798724,0.007722007722007722,7.309014892046116,0.8146718146718147,0.1776061776061776,-9.330516554019585,259,0.19305019305019305,0.9498069498069498,0.05019305019305019,-3.1456325223046715,0.6177606177606177,0.33204633204633205,3.1675273443294416
674841,"Alvarez, Andrew",2026,"FF","Nationals","L","1.040569551",0.027131782945736434,0.29069767441860467,0.15891472868217055,-6.233004935496967,0.7131782945736435,0.12790697674418605,5.883915324546314,0.023255813953488372,8.316025430106386,0.751937984496124,0.2248062015503876,-9.862311294580966,258,0.13953488372093023,0.9186046511627907,0.12015503875968993,-3.1875448134452884,0.6744186046511628,0.2054263565891473,2.7610282163573174
641927,"Ober, Bailey",2026,"CU","Twins","R","5.658220367",0.09689922480620156,0.1937984496124031,0.031007751937984496,-5.661570578036202,0.6395348837209303,0.32945736434108525,10.152812003464105,0.5465116279069767,14.51421740177762,0.4069767441860465,0.046511627906976744,-10.187978383293204,258,0.23255813953488372,0.8914728682170543,0.12790697674418605,-3.6353170418849845,0.751937984496124,0.12015503875968993,2.8178489998155305
694973,"Skenes, Paul",2026,"CU","Pirates","R","3.498347822",0.09727626459143969,0.1245136186770428,0.04669260700389105,-5.804253430931421,0.6070038910505836,0.3463035019455253,9.146317202558025,0.4591439688715953,12.154583837066097,0.5058365758754864,0.03501945525291829,-10.625853002489428,257,0.32684824902723736,0.867704280155642,0.1828793774319066,-3.4824081222854883,0.6303501945525292,0.1867704280155642,2.8239419404150916
666200,"Luzardo, Jesús",2026,"CH","Phillies","L","4.131132723",0.1517509727626459,0.16342412451361868,0.007782101167315175,-4.7433112188469355,0.4474708171206226,0.5447470817120622,9.405164273333863,0.5836575875486382,12.92206361712049,0.38910505836575876,0.027237354085603113,-10.27082340850213,257,0.377431906614786,0.9260700389105059,0.22957198443579765,-3.3317311655921387,0.6926070038910506,0.07782101167315175,2.641534634125679
453286,"Scherzer, Max",2026,"FF","Blue Jays","R","1.03546968",0.01953125,0.21875,0.1484375,-6.064931391120039,0.76171875,0.08984375,5.715501444782064,0.015625,8.82219905669647,0.80859375,0.17578125,-10.104024474874032,256,0.17578125,0.9375,0.015625,-4.344198546787373,0.54296875,0.44140625,2.9532445509295044
676974,"Meyer, Max",2026,"FF","Marlins","R","0.758287073",0.0234375,0.33984375,0.0703125,-5.52271341781649,0.8203125,0.109375,5.44416120173137,0.0234375,9.170859618471502,0.8515625,0.125,-10.472989531131757,256,0.1015625,0.9609375,0.046875,-2.3847305571732638,0.67578125,0.27734375,2.7539435896509055
694819,"Misiorowski, Jacob",2026,"CU","Brewers","R","5.180335454",0.12109375,0.19921875,0.12109375,-6.323829837163102,0.55859375,0.3203125,10.392984971642719,0.25,11.92544355732295,0.640625,0.109375,-10.567554616152455,256,0.39453125,0.83203125,0.3203125,-4.553166276955131,0.609375,0.0703125,3.3857130005538805
670036,"Festa, Matt",2026,"FF","Guardians","R","1.151718519",0.06666666666666667,0.2235294117647059,0.12549019607843137,-5.842094419457608,0.6941176470588235,0.1803921568627451,7.24055854413409,0.00784313725490196,10.346535070075344,0.6431372549019608,0.34901960784313724,-10.849486344243433,255,0.28627450980392155,0.8705882352941177,0.00784313725490196,-4.132649235191021,0.5843137254901961,0.40784313725490196,3.287264374864646
593974,"Peralta, Wandy",2026,"FF","Padres","L","1.365795731",0.00784313725490196,0.24313725490196078,0.17254901960784313,-6.0202619904904,0.6745098039215687,0.15294117647058825,6.385015918404688,0.0196078431372549,8.710014828843786,0.8196078431372549,0.1607843137254902,-9.274254755172043,255,0.1411764705882353,0.9254901960784314,0.11372549019607843,-3.244779613162286,0.6666666666666666,0.2196078431372549,2.6878324935081808
656271,"Burke, Brock",2026,"FF","Reds","L","1.157729289",0.031496062992125984,0.24015748031496062,0.12598425196850394,-5.775320809329919,0.7677165354330708,0.1062992125984252,6.191983536380026,0.015748031496062992,10.062735673814732,0.7086614173228346,0.2755905511811024,-9.761023476290344,254,0.24803149606299213,0.9173228346456693,0.06299212598425197,-2.9322648096414317,0.5787401574803149,0.35826771653543305,3.1195505991756605
670990,"Ramírez, Yohan",2026,"CU","Pirates","R","5.791769438",0.13438735177865613,0.11857707509881422,0.13043478260869565,-7.342573940566302,0.5612648221343873,0.308300395256917,11.580855580651994,0.4426877470355731,13.202812552001951,0.4782608695652174,0.07905138339920949,-11.255966422386697,253,0.37549407114624506,0.7865612648221344,0.2608695652173913,-5.390651007903442,0.5928853754940712,0.14624505928853754,2.8834919934992804
686993,"Sterner, Justin",2026,"FF","Athletics","R","2.016115081",0.05138339920948617,0.25296442687747034,0.09486166007905138,-5.292005248035888,0.7430830039525692,0.16205533596837945,7.1966424121995365,0.10276679841897234,10.576316084058025,0.7312252964426877,0.16600790513833993,-10.468896581380015,253,0.2608695652173913,0.9051383399209486,0.11857707509881422,-3.7656338264560665,0.5731225296442688,0.308300395256917,2.908405459682865
695076,"Lowder, Rhett",2026,"CU","Reds","R","3.7892183",0.0992063492063492,0.2222222222222222,0.07936507936507936,-6.574643606539118,0.6349206349206349,0.2857142857142857,8.794749580025384,0.35714285714285715,11.702556749532686,0.5992063492063492,0.04365079365079365,-9.771834214612028,252,0.30952380952380953,0.8928571428571429,0.3055555555555556,-3.7412700332469515,0.6507936507936508,0.04365079365079365,2.592924789547787
678906,"Teng, Kai-Wei",2026,"CU","Astros","R","4.76072061",0.0992063492063492,0.20238095238095238,0.1984126984126984,-7.927479967113994,0.5317460317460317,0.2698412698412698,11.322413065490448,0.29365079365079366,12.580617940868393,0.6150793650793651,0.09126984126984126,-11.527088016090666,252,0.34523809523809523,0.8650793650793651,0.21031746031746032,-4.6136116163066685,0.6309523809523809,0.15873015873015872,3.138426273028815
663436,"Martin, Davis",2026,"CU","White Sox","R","5.336354262",0.11507936507936507,0.21031746031746032,0.07142857142857142,-7.632145982397393,0.5119047619047619,0.4166666666666667,10.830824921364421,0.42063492063492064,12.56032505257948,0.5317460317460317,0.047619047619047616,-9.498914073907683,252,0.38492063492063494,0.8611111111111112,0.26587301587301587,-4.101046198377676,0.6666666666666666,0.06746031746031746,2.6357539359359086
571927,"Matz, Steven",2026,"FF","Rays","L","0.964906526",0.05952380952380952,0.24603174603174602,0.1111111111111111,-5.153738489832154,0.75,0.1388888888888889,6.69152384983612,0.007936507936507936,7.284507928862248,0.6904761904761905,0.30158730158730157,-10.409727055492324,252,0.1984126984126984,0.9285714285714286,0.011904761904761904,-2.5243674717042044,0.5555555555555556,0.43253968253968256,2.8823403020189944
676962,"Brown, Ben",2026,"FF","Cubs","R","1.147364183",0.027777777777777776,0.2777777777777778,0.0992063492063492,-6.675318668642563,0.7738095238095238,0.12698412698412698,6.681155849415917,0,,0.7261904761904762,0.27380952380952384,-10.46559372322279,252,0.15476190476190477,0.8849206349206349,0.06349206349206349,-2.792157500534032,0.623015873015873,0.3134920634920635,3.026906776778134
663969,"Phillips, Tyler",2026,"FF","Marlins","R","1.03894128",0.003968253968253968,0.36507936507936506,0.1349206349206349,-5.742501089489323,0.7023809523809523,0.1626984126984127,5.914645466893174,0.011904761904761904,8.004421854011738,0.8452380952380952,0.14285714285714285,-9.662918128713072,252,0.07539682539682539,0.9523809523809523,0.07936507936507936,-2.801925301698548,0.753968253968254,0.16666666666666666,2.629528067481862
693855,"Seymour, Ian",2026,"CU","Rays","L","1.612445336",0.023809523809523808,0.16666666666666666,0.09523809523809523,-6.142506085385657,0.753968253968254,0.15079365079365079,8.210302886013004,0.25396825396825395,11.343695389972337,0.6468253968253969,0.0992063492063492,-11.367820692794904,252,0.32142857142857145,0.8888888888888888,0.01984126984126984,-3.760455740313898,0.5555555555555556,0.4246031746031746,3.3427257529423304
622491,"Castillo, Luis",2026,"CU","zMLB","R","4.057526313",0.0992063492063492,0.20238095238095238,0.05952380952380952,-7.118601748356591,0.6031746031746031,0.3373015873015873,9.307175625207288,0.4523809523809524,11.826651196040453,0.5158730158730159,0.031746031746031744,-9.477584030844309,252,0.28174603174603174,0.8888888888888888,0.19444444444444445,-3.873960388513187,0.6944444444444444,0.1111111111111111,2.729260333692181
664299,"Javier, Cristian",2026,"FF","Astros","R","1.027935686",0.0199203187250996,0.199203187250996,0.04780876494023904,-5.604938777728647,0.8207171314741036,0.13147410358565736,6.252387715896483,0.04780876494023904,10.571293041320844,0.7888446215139442,0.16334661354581673,-9.076822044636243,251,0.250996015936255,0.9482071713147411,0.00796812749003984,-2.4788068314346283,0.47808764940239046,0.5139442231075697,2.982755143425937
663568,"Kolek, Stephen",2026,"FF","Royals","R","1.008069963",0.032,0.268,0.16,-5.605700189335343,0.72,0.12,5.9525322408729044,0.012,9.079149407936674,0.684,0.304,-11.022608002527583,250,0.148,0.932,0.064,-2.9317273199139082,0.68,0.256,2.9600500791109563
669432,"Rogers, Trevor",2026,"CH","Orioles","L","2.961117622",0.08,0.272,0.032,-5.751129793759604,0.604,0.364,7.686038265863471,0.332,11.033893674700225,0.644,0.024,-9.809195004054372,250,0.244,0.94,0.24,-3.078236149097209,0.74,0.02,2.666044652859884
681035,"Scott, Christian",2026,"CU","Mets","R","4.532086297",0.088,0.14,0.076,-5.503376069484703,0.548,0.376,9.201212202124914,0.528,12.85546958467187,0.436,0.036,-11.228763898383598,250,0.276,0.912,0.144,-4.410195259570108,0.68,0.176,2.884808139857768
687330,"Kelly, Kevin",2026,"FF","Rays","R","1.685330682",0.032,0.3,0.176,-6.710616360880258,0.676,0.148,7.593936708823843,0.012,9.183998854088117,0.728,0.26,-10.460213833169007,250,0.164,0.94,0.152,-2.9890276772479973,0.7,0.148,3.129076992996592
820862,"Fermin, José",2026,"CU","Angels","R","4.178194092",0.14919354838709678,0.1975806451612903,0.06048387096774194,-6.5133033407107765,0.532258064516129,0.40725806451612906,9.151940583237998,0.2620967741935484,11.329504495620784,0.6895161290322581,0.04838709677419355,-10.903814043016197,248,0.38306451612903225,0.9314516129032258,0.31048387096774194,-3.8495771975088906,0.5846774193548387,0.10483870967741936,2.635995480966078
700241,"McGreevy, Michael",2026,"CU","Cardinals","R","3.962169753",0.07661290322580645,0.21370967741935484,0.04032258064516129,-4.911011670248218,0.6451612903225806,0.31451612903225806,8.783817777173732,0.45564516129032256,12.141916812845926,0.5282258064516129,0.016129032258064516,-8.867370252240429,248,0.24193548387096775,0.9153225806451613,0.24193548387096775,-3.197550231216265,0.6935483870967742,0.06451612903225806,2.642554082509522
687312,"Hughes, Gabriel",2026,"FF","Rockies","R","1.092930697",0.04435483870967742,0.1935483870967742,0.14112903225806453,-5.633049262474429,0.7056451612903226,0.1532258064516129,6.865703655591346,0.020161290322580645,7.98319134671162,0.6895161290322581,0.2903225806451613,-10.924666729926265,248,0.18951612903225806,0.9032258064516129,0.04838709677419355,-3.0437523084151126,0.6330645161290323,0.3185483870967742,2.8876301422618647
664126,"Fairbanks, Pete",2026,"FF","Marlins","R","2.203071286",0.06072874493927125,0.19433198380566802,0.07692307692307693,-5.107248362769985,0.7327935222672065,0.1902834008097166,10.397622067340134,0.10526315789473684,12.029683525887663,0.7246963562753036,0.1700404858299595,-10.697590405070157,247,0.29959514170040485,0.8825910931174089,0.08906882591093117,-3.286127446769,0.4817813765182186,0.4291497975708502,2.964385931187094
663556,"McClanahan, Shane",2026,"CH","Rays","L","4.403562821",0.17408906882591094,0.17813765182186234,0.024291497975708502,-5.132069847464353,0.44129554655870445,0.5344129554655871,9.32357469688822,0.4817813765182186,12.70187310622984,0.5060728744939271,0.012145748987854251,-9.093931196135678,247,0.3805668016194332,0.9311740890688259,0.2793522267206478,-3.226128307617235,0.6761133603238867,0.044534412955465584,2.7717822523169215
547179,"Lorenzen, Michael",2026,"CU","zMLB","R","4.650110549",0.06477732793522267,0.2874493927125506,0.06477732793522267,-6.553272552236372,0.6194331983805668,0.3157894736842105,9.054571333112412,0.2874493927125506,12.393488518279499,0.6558704453441295,0.05668016194331984,-11.324833225785277,247,0.2550607287449393,0.8825910931174089,0.2145748987854251,-4.292078916168429,0.7044534412955465,0.08097165991902834,2.6222742804345436
676755,"Mattson, Isaac",2026,"FF","Pirates","R","0.883304568",0.053061224489795916,0.24081632653061225,0.061224489795918366,-5.209680504674433,0.7795918367346939,0.15918367346938775,6.065438488519775,0.0163265306122449,8.29671505052637,0.6204081632653061,0.363265306122449,-10.43669093224526,245,0.20408163265306123,0.889795918367347,0.004081632653061225,-2.213850602258706,0.5469387755102041,0.4489795918367347,2.9790171124826137
669302,"Gilbert, Logan",2026,"CH","Mariners","R","3.911537353",0.1469387755102041,0.12244897959183673,0.061224489795918366,-6.486734356756295,0.4204081632653061,0.5183673469387755,8.892518640202498,0.636734693877551,13.409971827260494,0.3551020408163265,0.00816326530612245,-8.987330521638942,245,0.37551020408163266,0.8489795918367347,0.2857142857142857,-3.450244952405961,0.6489795918367347,0.0653061224489796,2.644805406382237
605540,"Woodruff, Brandon",2026,"FF","Brewers","R","1.056594087",0.02880658436213992,0.2716049382716049,0.07818930041152264,-5.314415499036596,0.8271604938271605,0.09465020576131687,7.326867486318792,0.037037037037037035,8.372888063295372,0.8024691358024691,0.16049382716049382,-10.706696378593922,243,0.20164609053497942,0.9465020576131687,0.00823045267489712,-2.5119742004346,0.5720164609053497,0.41975308641975306,3.1035304436035154
666171,"Zeferjahn, Ryan",2026,"CU","zMLB","R","3.956512564",0.13991769547325103,0.21810699588477367,0.09053497942386832,-6.394568536294473,0.5843621399176955,0.32510288065843623,10.179730975674307,0.35390946502057613,13.019526010345421,0.5637860082304527,0.0823045267489712,-11.408261587631559,243,0.36213991769547327,0.9176954732510288,0.15637860082304528,-4.783066057284716,0.6008230452674898,0.24279835390946503,3.13321783395507
650633,"King, Michael",2026,"CU","Padres","R","3.824742053",0.05761316872427984,0.16872427983539096,0.04526748971193416,-6.343068739486199,0.5761316872427984,0.3786008230452675,9.007917288926953,0.4444444444444444,13.07556723266262,0.5185185185185185,0.037037037037037035,-10.053544945813337,243,0.2674897119341564,0.897119341563786,0.08641975308641975,-3.1449042521290247,0.691358024691358,0.2222222222222222,2.9077723266694884
668390,"Winn, Cole",2026,"FF","Rangers","R","1.436603887",0.03292181069958848,0.24691358024691357,0.12345679012345678,-5.743114982374276,0.7037037037037037,0.1728395061728395,7.354323492949726,0.06172839506172839,10.157461322203579,0.7942386831275721,0.1440329218106996,-10.02380208825858,243,0.21810699588477367,0.9176954732510288,0.06995884773662552,-3.1430722039679253,0.5967078189300411,0.3333333333333333,2.9724090368491467
702070,"Cameron, Noah",2026,"CH","Royals","L","4.194600348",0.11570247933884298,0.15289256198347106,0,,0.49586776859504134,0.5041322314049587,9.908002975954545,0.6611570247933884,14.267967296260636,0.32231404958677684,0.01652892561983471,-9.426577275021623,242,0.36363636363636365,0.9090909090909091,0.15289256198347106,-2.9308283112585194,0.756198347107438,0.09090909090909091,2.8727688031645346
670167,"Schreiber, John",2026,"FF","Royals","R","1.270595152",0.04132231404958678,0.22727272727272727,0.1115702479338843,-6.697847029618347,0.6900826446280992,0.19834710743801653,6.400685666741672,0.0371900826446281,11.550669654228365,0.7066115702479339,0.256198347107438,-10.205071539181528,242,0.2066115702479339,0.8966942148760331,0.06611570247933884,-3.1292243823601242,0.6157024793388429,0.3181818181818182,3.0550116858748875
607067,"Rea, Colin",2026,"CU","Cubs","R","3.94695381",0.08677685950413223,0.2603305785123967,0.01652892561983471,-5.829113952849677,0.6239669421487604,0.359504132231405,9.474343083810336,0.3760330578512397,12.145761846593691,0.5909090909090909,0.03305785123966942,-9.68837308194472,242,0.2809917355371901,0.9049586776859504,0.2066115702479339,-3.3850385552576734,0.6983471074380165,0.09504132231404959,2.7541275718697995
518886,"Kimbrel, Craig",2026,"FF","zMLB","R","1.137844212",0.03734439834024896,0.22821576763485477,0.14107883817427386,-6.1445014565646225,0.7551867219917012,0.1037344398340249,5.9012974096561015,0.008298755186721992,8.852324788017254,0.7593360995850622,0.23236514522821577,-9.4495132403011,241,0.23651452282157676,0.9087136929460581,0.029045643153526972,-4.037152542508506,0.5394190871369294,0.4315352697095436,3.1045678322284167
677865,"Bruihl, Justin",2026,"FF","Cardinals","L","1.309575749",0.03734439834024896,0.26556016597510373,0.14107883817427386,-6.592449769520827,0.6307053941908713,0.22821576763485477,7.150288888403203,0.04149377593360996,8.85917761875536,0.7095435684647303,0.24896265560165975,-10.37351138344841,241,0.1037344398340249,0.9045643153526971,0.0995850622406639,-2.4444223590641188,0.7634854771784232,0.13692946058091288,3.149703482914675
645261,"Alcantara, Sandy",2026,"CU","Marlins","R","2.766927126",0.04149377593360996,0.13692946058091288,0.06639004149377593,-6.046838356258195,0.6556016597510373,0.27800829875518673,8.637284284853282,0.42738589211618255,11.838995204966443,0.5186721991701245,0.05394190871369295,-13.43980345904481,241,0.26556016597510373,0.8879668049792531,0.11618257261410789,-3.629436708961411,0.6431535269709544,0.24066390041493776,2.9176561436890256
686973,"Varland, Louis",2026,"FF","Blue Jays","R","1.308341852",0.058091286307053944,0.13692946058091288,0.08298755186721991,-5.6120488233147094,0.7344398340248963,0.1825726141078838,7.004422686389948,0,,0.5767634854771784,0.42323651452282157,-10.431419155532117,241,0.24066390041493776,0.8049792531120332,0.008298755186721992,-2.4238977957376537,0.49377593360995853,0.4979253112033195,3.182527019894476
681982,"Anderson, Grant",2026,"FF","Brewers","R","1.067307894",0.03734439834024896,0.26556016597510373,0.1078838174273859,-6.514387698602121,0.7385892116182573,0.15352697095435686,6.764159779329739,0.02074688796680498,8.957518259048506,0.7925311203319502,0.18672199170124482,-10.545299767359063,241,0.17842323651452283,0.941908713692946,0.04149377593360996,-3.0222690174989433,0.6182572614107884,0.34024896265560167,2.9811989358313684
680742,"Bowlan, Jonathan",2026,"FF","Phillies","R","0.94220976",0.04583333333333333,0.11666666666666667,0.15416666666666667,-6.308748777240668,0.7625,0.08333333333333333,6.1264327346848,0,,0.7166666666666667,0.2833333333333333,-10.511943437774502,240,0.31666666666666665,0.9083333333333333,0.025,-2.4839391998366707,0.45,0.525,3.1614619918821822
693686,"Miles, Spencer",2026,"CU","Blue Jays","R","2.288231425",0.05416666666666667,0.2125,0.0875,-6.4089869204714285,0.6791666666666667,0.23333333333333334,7.429662604155371,0.32083333333333336,11.757910362102198,0.6125,0.06666666666666667,-9.965244085165665,240,0.21666666666666667,0.9208333333333333,0.24166666666666667,-3.009228509331619,0.6625,0.09583333333333334,2.8354665624606983
664285,"Valdez, Framber",2026,"CH","Tigers","L","1.559214496",0.041666666666666664,0.275,0.016666666666666666,-5.35728443511473,0.6833333333333333,0.3,6.590453141727447,0.25416666666666665,9.418926143354954,0.6833333333333333,0.0625,-9.842695201958206,240,0.22083333333333333,0.9625,0.225,-3.080982462307797,0.6958333333333333,0.07916666666666666,2.796542926463841
592662,"Ray, Robbie",2026,"CH","zMLB","L","3.616636136",0.07112970711297072,0.24686192468619247,0.012552301255230125,-5.941575740102038,0.5188284518828452,0.4686192468619247,7.800309129711338,0.4602510460251046,11.303563035397914,0.5188284518828452,0.02092050209205021,-10.745731567566791,239,0.24267782426778242,0.9539748953974896,0.1506276150627615,-3.5075669727189416,0.7280334728033473,0.12133891213389121,2.451964445143292
650911,"Sánchez, Cristopher",2026,"CU","Phillies","L","4.986192669",0.200836820083682,0.16736401673640167,0.11297071129707113,-7.213444885883674,0.5104602510460251,0.37656903765690375,10.902732051555036,0.41422594142259417,12.73370406647466,0.5355648535564853,0.0502092050209205,-11.495896599197273,239,0.46443514644351463,0.891213389121339,0.4225941422594142,-3.8826537266440933,0.5397489539748954,0.03765690376569038,2.9341894553143586
676617,"O'Brien, Riley",2026,"FF","Cardinals","R","1.378028411",0.03347280334728033,0.2594142259414226,0.08786610878661087,-6.719863918356364,0.6820083682008368,0.2301255230125523,7.059856322081146,0.016736401673640166,8.747172381546097,0.7196652719665272,0.26359832635983266,-10.45934464528661,239,0.1799163179916318,0.9288702928870293,0.1087866108786611,-2.8838953352940337,0.6903765690376569,0.200836820083682,3.093393227695715
657514,"Bernardino, Brennan",2026,"FF","Rockies","L","1.820058774",0.03765690376569038,0.2719665271966527,0.11297071129707113,-6.35189072473289,0.6861924686192469,0.200836820083682,7.5863610120475204,0.05439330543933055,12.789318828258972,0.6527196652719666,0.2928870292887029,-10.51490190443109,239,0.16317991631799164,0.8870292887029289,0.058577405857740586,-3.2760730856352955,0.6861924686192469,0.25523012552301255,2.7103132231060796
687064,"Young, Brandon",2026,"CU","Orioles","R","5.083800204",0.1638655462184874,0.16806722689075632,0.025210084033613446,-5.675491739508427,0.5672268907563025,0.40756302521008403,10.295053412681613,0.6260504201680672,14.004161505048838,0.3445378151260504,0.029411764705882353,-11.405972207464876,238,0.35294117647058826,0.865546218487395,0.2857142857142857,-3.732441239534596,0.6932773109243697,0.02100840336134454,2.5966059790607035
669387,"Mlodzinski, Carmen",2026,"CH","Pirates","R","3.020114503",0.12605042016806722,0.22268907563025211,0.025210084033613446,-5.78542443136195,0.5294117647058824,0.44537815126050423,7.506889334817055,0.37815126050420167,11.134378864931325,0.6008403361344538,0.02100840336134454,-10.308293386486739,238,0.31092436974789917,0.9033613445378151,0.2773109243697479,-3.3146241255363784,0.6596638655462185,0.06302521008403361,2.703675378630042
678022,"Perkins, Jack",2026,"CU","Athletics","R","5.196480622",0.08016877637130802,0.1729957805907173,0.1518987341772152,-7.529367755738752,0.5189873417721519,0.3291139240506329,11.369820608468455,0.350210970464135,12.756013449141664,0.569620253164557,0.08016877637130802,-12.4649804673271,237,0.35443037974683544,0.7890295358649789,0.2109704641350211,-4.81971357180791,0.6413502109704642,0.14767932489451477,2.82277432740846
670280,"Bednar, David",2026,"CH","Yankees","R","3.069389602",0.09282700421940929,0.2320675105485232,0.06329113924050633,-5.755112787711457,0.620253164556962,0.31645569620253167,7.127543996171015,0.22362869198312235,9.767904521696067,0.7468354430379747,0.029535864978902954,-10.441113602117664,237,0.3670886075949367,0.9451476793248945,0.4345991561181435,-3.6953881501517487,0.5316455696202531,0.03375527426160337,2.7812651894040026
518585,"Cruz, Fernando",2026,"CH","Yankees","R","8.079381265",0.29535864978902954,0.08438818565400844,0.04219409282700422,-5.482403727142561,0.3881856540084388,0.569620253164557,14.272230824770027,0.7721518987341772,17.03215581054495,0.21518987341772153,0.012658227848101266,-15.558367125580219,237,0.5189873417721519,0.7805907172995781,0.35443037974683544,-5.151665688502988,0.5780590717299579,0.06751054852320675,2.572274398025145
676534,"Faucher, Calvin",2026,"FF","Marlins","R","1.871853018",0.05084745762711865,0.2288135593220339,0.13559322033898305,-6.995950398378898,0.652542372881356,0.211864406779661,7.953343489413841,0.00847457627118644,9.988608423146676,0.6949152542372882,0.2966101694915254,-11.35882668921776,236,0.2457627118644068,0.8983050847457628,0.1271186440677966,-3.3918115811985343,0.6313559322033898,0.24152542372881355,3.2282967428083835
641941,"Pagán, Emilio",2026,"FF","Reds","R","2.278574875",0.05508474576271186,0.2542372881355932,0.08050847457627118,-6.474047311521352,0.7415254237288136,0.17796610169491525,8.539647765864819,0.1228813559322034,11.667161923527349,0.7584745762711864,0.11864406779661017,-10.685423043185887,236,0.2457627118644068,0.9152542372881356,0.038135593220338986,-4.051781385004788,0.597457627118644,0.3644067796610169,3.0102590631464277
837227,"Imai, Tatsuya",2026,"FF","Astros","R","1.02702381",0.06808510638297872,0.2425531914893617,0.0851063829787234,-5.476639294747643,0.7872340425531915,0.1276595744680851,7.277497443649263,0.01276595744680851,12.175281761516665,0.6510638297872341,0.33617021276595743,-10.540309258315382,235,0.2,0.8851063829787233,0.02553191489361702,-3.6091351540966246,0.574468085106383,0.4,2.9878666829312612
671737,"Bradley, Taj",2026,"CH","Twins","R","2.765642784",0.13675213675213677,0.21367521367521367,0.021367521367521368,-7.339295781914203,0.5641025641025641,0.41452991452991456,7.723774644797953,0.24786324786324787,9.436557146944157,0.6752136752136753,0.07692307692307693,-13.50140285384931,234,0.39316239316239315,0.9230769230769231,0.3333333333333333,-3.570445525467974,0.5769230769230769,0.08974358974358974,3.2079086750540493
647336,"Soroka, Michael",2026,"CU","Diamondbacks","R","5.02512978",0.12393162393162394,0.15384615384615385,0.05982905982905983,-6.676781241179218,0.6367521367521367,0.3034188034188034,10.512919065902473,0.47863247863247865,14.142102490803305,0.47863247863247865,0.042735042735042736,-11.611141855034628,234,0.34615384615384615,0.8547008547008547,0.28205128205128205,-4.325782819712132,0.6111111111111112,0.10683760683760683,2.7946540147134646
683003,"Jones, Jared",2026,"CU","Pirates","R","4.373676442",0.15384615384615385,0.2222222222222222,0.0811965811965812,-6.080263877897732,0.6495726495726496,0.2692307692307692,9.493803229124529,0.358974358974359,11.774267688912373,0.5726495726495726,0.06837606837606838,-9.526406174578083,234,0.3803418803418803,0.8717948717948718,0.37606837606837606,-4.15817940933971,0.5512820512820513,0.07264957264957266,3.1275053231362513
681217,"Silseth, Chase",2026,"FF","zMLB","R","0.957723337",0.038461538461538464,0.20512820512820512,0.11965811965811966,-6.060797294486982,0.7606837606837606,0.11965811965811966,7.171267027960732,0.004273504273504274,8.365720146718942,0.7393162393162394,0.2564102564102564,-10.56211962871111,234,0.3076923076923077,0.9145299145299145,0.01282051282051282,-2.6084226035952467,0.48717948717948717,0.5,3.084445027483134
801403,"Dollander, Chase",2026,"FF","Rockies","R","1.116440214",0.05555555555555555,0.2264957264957265,0.10683760683760683,-5.877975716835719,0.7393162393162394,0.15384615384615385,7.390376011927384,0,,0.6452991452991453,0.3547008547008547,-10.081445088381473,234,0.2564102564102564,0.9145299145299145,0.05128205128205128,-2.644632438870275,0.5555555555555556,0.39316239316239315,3.108467310124917
596133,"Weaver, Luke",2026,"FF","zMLB","R","1.459174477",0.03862660944206009,0.2532188841201717,0.060085836909871244,-6.824042255853098,0.7939914163090128,0.1459227467811159,7.438425776024889,0.04721030042918455,10.559439543095218,0.759656652360515,0.19313304721030042,-9.909704771107139,233,0.24892703862660945,0.927038626609442,0.030042918454935622,-3.8344681261543245,0.5536480686695279,0.41630901287553645,3.0312870015342943
690986,"Harrison, Kyle",2026,"CU","Brewers","L","5.649060557",0.14163090128755365,0.19742489270386265,0.055793991416309016,-7.315276423062656,0.630901287553648,0.3133047210300429,9.532633263388117,0.45064377682403434,12.639181797349876,0.51931330472103,0.030042918454935622,-9.564085896601856,233,0.30042918454935624,0.8240343347639485,0.3133047210300429,-4.476140796863286,0.6137339055793991,0.07296137339055794,2.6291848765654824
661395,"Duran, Jhoan",2026,"CH","Phillies","R","1.687301011",0.06437768240343347,0.21888412017167383,0.12017167381974249,-6.102304406572407,0.6609442060085837,0.21888412017167383,6.680604479599261,0.030042918454935622,8.949045693507687,0.7424892703862661,0.22746781115879827,-10.153838719839069,233,0.27896995708154504,0.9184549356223176,0.3261802575107296,-3.379565376944091,0.592274678111588,0.0815450643776824,2.5913069272762423
642121,"Sulser, Cole",2026,"FF","Rays","R","1.098361605",0.017241379310344827,0.21982758620689655,0.125,-5.981851930731725,0.7887931034482759,0.08620689655172414,29.827441097116832,0.03017241379310345,8.996715402378474,0.7456896551724138,0.22413793103448276,-10.805201078636514,232,0.21982758620689655,0.9137931034482759,0.008620689655172414,-3.9563896425590186,0.5086206896551724,0.4827586206896552,2.987464373636109
489446,"Yates, Kirby",2026,"FF","zMLB","R","0.891285936",0.034482758620689655,0.21120689655172414,0.11637931034482758,-5.757574293014267,0.8060344827586207,0.07758620689655173,6.150215291865336,0.017241379310344827,8.313228786659817,0.7801724137931034,0.2025862068965517,-10.459145049641664,232,0.2801724137931034,0.9396551724137931,0,,0.4827586206896552,0.5172413793103449,3.0119995865267586
641329,"Baker, Bryan",2026,"FF","Rays","R","0.901122006",0.01293103448275862,0.14224137931034483,0.05603448275862069,-5.30661762892828,0.8405172413793104,0.10344827586206896,5.739246972491688,0.008620689655172414,7.332336096262354,0.7155172413793104,0.27586206896551724,-9.7185040304275,232,0.2672413793103448,0.8836206896551724,0.008620689655172414,-3.3300352865572918,0.40948275862068967,0.5818965517241379,3.012328882868419
622088,"Antone, Tejay",2026,"CU","Reds","R","5.072287951",0.11206896551724138,0.15517241379310345,0.09913793103448276,-5.620653915117009,0.5431034482758621,0.3577586206896552,10.353169098469523,0.41810344827586204,12.360169534076224,0.5258620689655172,0.05603448275862069,-11.603739930739172,232,0.3017241379310345,0.875,0.1853448275862069,-3.985707569951769,0.6206896551724138,0.1939655172413793,2.5211635340458436
665622,"Medina, Luis",2026,"FF","Athletics","R","1.17143464",0.017241379310344827,0.23275862068965517,0.10775862068965517,-6.12275091965939,0.7413793103448276,0.15086206896551724,6.077913290886966,0.004310344827586207,8.293381365007885,0.75,0.24568965517241378,-10.071027079000858,232,0.16810344827586207,0.9267241379310345,0.05172413793103448,-3.0909456652161493,0.6163793103448276,0.33189655172413796,2.988293173841958
663623,"Irvin, Jake",2026,"CU","Nationals","R","4.47868459",0.15584415584415584,0.1038961038961039,0.05627705627705628,-6.152503939449675,0.5454545454545454,0.39826839826839827,9.874790900800264,0.6753246753246753,14.443052202767117,0.30735930735930733,0.017316017316017316,-13.596564286491493,231,0.33766233766233766,0.935064935064935,0.2683982683982684,-3.1045643878443294,0.6363636363636364,0.09523809523809523,2.746823797213018
663558,"Morán, Jovani",2026,"FF","Red Sox","L","2.371488259",0.05627705627705628,0.2683982683982684,0.06926406926406926,-5.649935051757523,0.7316017316017316,0.19913419913419914,8.210847725633764,0.09523809523809523,13.130930826441595,0.6926406926406926,0.21212121212121213,-10.494170358579613,231,0.22077922077922077,0.922077922077922,0.0735930735930736,-2.6127653792400376,0.6363636363636364,0.29004329004329005,2.9829061508270893
657097,"Webb, Jacob",2026,"CH","Cubs","R","4.201523177",0.1645021645021645,0.12554112554112554,0.017316017316017316,-6.097876170754571,0.35064935064935066,0.6320346320346321,9.53198751295755,0.6060606060606061,13.386744005829422,0.38095238095238093,0.012987012987012988,-8.218951553195346,231,0.44155844155844154,0.9393939393939394,0.22510822510822512,-3.115063191337003,0.6926406926406926,0.08225108225108226,2.7434109004207987
668873,"Kilian, Caleb",2026,"FF","zMLB","R","1.056035267",0.043478260869565216,0.23478260869565218,0.13043478260869565,-5.4877072901918265,0.7304347826086957,0.1391304347826087,7.500466060901646,0,,0.6956521739130435,0.30434782608695654,-10.641414350678975,230,0.20434782608695654,0.8782608695652174,0.0391304347826087,-3.0787331557668587,0.591304347826087,0.3695652173913043,2.9325222366447576
623474,"Herget, Jimmy",2026,"CU","Rockies","R","3.717526944",0.0782608695652174,0.1565217391304348,0.06956521739130435,-6.341335887586654,0.5130434782608696,0.41739130434782606,9.880952820653041,0.508695652173913,13.396719572316808,0.46956521739130436,0.021739130434782608,-9.742878999283295,230,0.30434782608695654,0.8695652173913043,0.10434782608695652,-2.7158494234861026,0.7565217391304347,0.1391304347826087,2.6954259856942278
669160,"May, Dustin",2026,"CU","zMLB","R","3.910930568",0.06521739130434782,0.20434782608695654,0.13043478260869565,-6.40141681659625,0.6434782608695652,0.22608695652173913,8.743279190643593,0.29130434782608694,11.546459490449557,0.6217391304347826,0.08695652173913043,-11.419288146355635,230,0.29130434782608694,0.9043478260869565,0.30869565217391304,-4.261724500731576,0.5956521739130435,0.09565217391304348,2.591130387364205
641302,"Alexander, Tyler",2026,"FF","Rangers","L","0.902871498",0.026200873362445413,0.1965065502183406,0.14410480349344978,-5.72633126961553,0.7161572052401747,0.13973799126637554,6.8247818495429575,0.008733624454148471,8.189036409536305,0.6768558951965066,0.314410480349345,-10.584582386594645,229,0.19213973799126638,0.9082969432314411,0.03056768558951965,-2.5120843917552387,0.6026200873362445,0.36681222707423583,2.8923706071394366
664991,"Wolfram, Grant",2026,"FF","Orioles","L","1.200034738",0.05240174672489083,0.22270742358078602,0.18340611353711792,-5.665440391144459,0.6637554585152838,0.15283842794759825,6.502455593504793,0.013100436681222707,9.50920019977911,0.7292576419213974,0.2576419213973799,-10.588172088831326,229,0.1965065502183406,0.8733624454148472,0.03056768558951965,-3.8670835840544466,0.5807860262008734,0.388646288209607,3.012198301805109
656730,"Megill, Trevor",2026,"FF","Brewers","R","1.385217981",0.048034934497816595,0.26200873362445415,0.039301310043668124,-7.370555989604736,0.7379912663755459,0.22270742358078602,6.193821205503388,0.026200873362445413,9.676908079297737,0.7510917030567685,0.22270742358078602,-10.693527266286619,229,0.23580786026200873,0.9170305676855895,0.026200873362445413,-3.889650539866807,0.4890829694323144,0.4847161572052402,3.1275574020603027
646241,"De Jesus, Enmanuel",2026,"FF","Tigers","L","2.03451656",0.043859649122807015,0.2543859649122807,0.10087719298245613,-6.187594182647338,0.7412280701754386,0.15789473684210525,7.765827093576206,0.06578947368421052,13.032220812245447,0.6666666666666666,0.2675438596491228,-10.374266743992388,228,0.23684210526315788,0.8859649122807017,0.06140350877192982,-3.606099286085561,0.6096491228070176,0.32894736842105265,3.032568072850189
623149,"Sewald, Paul",2026,"FF","zMLB","R","0.965847655",0.05286343612334802,0.2555066079295154,0.09251101321585903,-5.6770974818899225,0.7709251101321586,0.13656387665198239,6.132062953142014,0.01762114537444934,7.935104424349461,0.775330396475771,0.20704845814977973,-9.714017590786208,227,0.22466960352422907,0.920704845814978,0.004405286343612335,-2.836610943083088,0.5154185022026432,0.4801762114537445,3.016961214124625
656945,"Scott, Tanner",2026,"CU","Dodgers","L","4.348573383",0.13656387665198239,0.20704845814977973,0.15418502202643172,-5.861717620468918,0.5859030837004405,0.2599118942731278,9.884802789620062,0.32599118942731276,11.68296535866752,0.6035242290748899,0.07048458149779736,-10.128318614788764,227,0.42290748898678415,0.8502202643171806,0.3436123348017621,-4.73360221451988,0.5594713656387665,0.09691629955947137,3.100188465083032
605488,"Springs, Jeffrey",2026,"CU","Athletics","L","3.042844526",0.06167400881057269,0.2422907488986784,0.06167400881057269,-5.8651311139553375,0.7004405286343612,0.23788546255506607,7.876663775025015,0.3039647577092511,11.97340666036813,0.6211453744493393,0.07488986784140969,-10.958992426119769,227,0.21145374449339208,0.9118942731277533,0.11013215859030837,-3.7175704219910846,0.6828193832599119,0.20704845814977973,2.939346819418866
641793,"Littell, Zack",2026,"CH","zMLB","R","4.020411914",0.06167400881057269,0.32599118942731276,0.039647577092511016,-5.293689284927234,0.7268722466960352,0.23348017621145375,9.330886027332722,0.32599118942731276,12.016551662682655,0.6475770925110133,0.02643171806167401,-9.515466509808556,227,0.17180616740088106,0.933920704845815,0.16740088105726872,-3.4978364078434714,0.762114537444934,0.07048458149779736,2.6819172822654505
668964,"Myers, Tobias",2026,"FF","Mets","R","1.446521871",0.013215859030837005,0.3303964757709251,0.030837004405286344,-5.121442936989944,0.8414096916299559,0.1277533039647577,7.017955573388532,0.08370044052863436,9.601210635221536,0.775330396475771,0.14096916299559473,-9.62430857867689,227,0.1277533039647577,0.9427312775330396,0.030837004405286344,-2.903373263184206,0.6960352422907489,0.27312775330396477,2.8730152606379478
681911,"Vesia, Alex",2026,"FF","Dodgers","L","1.06342895",0.039647577092511016,0.23788546255506607,0.07048458149779736,-5.127701359826959,0.8458149779735683,0.08370044052863436,7.153529021649042,0.030837004405286344,10.814189402151053,0.7797356828193832,0.1894273127753304,-10.657222805469706,227,0.2555066079295154,0.8854625550660793,0,,0.4801762114537445,0.5198237885462555,3.0462376751714637
571510,"Boyd, Matthew",2026,"CH","Cubs","L","5.487145413",0.07964601769911504,0.09292035398230089,0.017699115044247787,-6.088532338685497,0.504424778761062,0.4778761061946903,10.462630250450472,0.7477876106194691,14.932270663198489,0.24336283185840707,0.008849557522123894,-10.11070057140829,226,0.25663716814159293,0.8584070796460177,0.09734513274336283,-3.3443179467423225,0.8053097345132744,0.09734513274336283,2.8242936454310503
621345,"Minter, A.J.",2026,"FF","zMLB","L","2.129392222",0.030973451327433628,0.20353982300884957,0.11061946902654868,-6.750171955387374,0.6460176991150443,0.24336283185840707,7.571730688609181,0.18141592920353983,10.115696307602189,0.7079646017699115,0.11061946902654868,-10.248353570575464,226,0.26548672566371684,0.9469026548672567,0.09292035398230089,-3.351208122626804,0.6371681415929203,0.26991150442477874,2.9731055836068583
543037,"Cole, Gerrit",2026,"CU","Yankees","R","2.687369029",0.05803571428571429,0.27232142857142855,0.11160714285714286,-5.823710269507995,0.6651785714285714,0.22321428571428573,7.8543590611495455,0.21875,11.508254999530436,0.6875,0.09375,-11.015517889026903,224,0.25,0.9107142857142857,0.18303571428571427,-3.897991574461952,0.6830357142857143,0.13392857142857142,2.9745322854470415
656464,"Ginkel, Kevin",2026,"FF","Diamondbacks","R","0.821975145",0.03125,0.22767857142857142,0.11160714285714286,-6.130190394289702,0.7857142857142857,0.10267857142857142,7.16168326815445,0,,0.6651785714285714,0.33482142857142855,-10.084992973073295,224,0.19196428571428573,0.8526785714285714,0.017857142857142856,-2.5429700798654356,0.5446428571428571,0.4375,2.9775865827937746
695243,"Miller, Mason",2026,"FF","Padres","R","1.134167099",0.08035714285714286,0.14732142857142858,0.08482142857142858,-5.599993212617201,0.7053571428571429,0.20982142857142858,7.589427016032912,0.008928571428571428,7.801513405181516,0.6964285714285714,0.29464285714285715,-10.705122522055262,224,0.38839285714285715,0.90625,0.026785714285714284,-3.1936972332388835,0.4330357142857143,0.5401785714285714,3.3370251666291697
669060,"Wilson, Bryse",2026,"FF","zMLB","R","1.182726785",0.026905829596412557,0.26905829596412556,0.08071748878923767,-5.4402803486566045,0.7757847533632287,0.14349775784753363,7.042044839439964,0.04484304932735426,9.176898988993266,0.7174887892376681,0.23766816143497757,-10.585043776727328,223,0.17937219730941703,0.9147982062780269,0.04484304932735426,-2.523110725921904,0.6547085201793722,0.3004484304932735,3.065085909046332
642528,"Loáisiga, Jonathan",2026,"FF","Diamondbacks","R","1.113652023",0.017937219730941704,0.19730941704035873,0.2062780269058296,-5.867031110223786,0.6412556053811659,0.15246636771300448,9.655900101700908,0.008968609865470852,7.380252051698518,0.7219730941704036,0.26905829596412556,-9.981111533057875,223,0.17040358744394618,0.9192825112107623,0.11659192825112108,-2.863778772448314,0.6322869955156951,0.25112107623318386,2.7876368101360987
688297,"Roycroft, Chris",2026,"FF","zMLB","R","2.034946222",0.03139013452914798,0.29596412556053814,0.11659192825112108,-6.55916397479619,0.726457399103139,0.15695067264573992,7.607121535982419,0.04035874439461883,10.035994929507737,0.7533632286995515,0.2062780269058296,-10.293125637103552,223,0.17488789237668162,0.9103139013452914,0.11659192825112108,-3.6898639367027197,0.726457399103139,0.15695067264573992,2.7538410137850944
657571,"Ferguson, Caleb",2026,"FF","zMLB","L","1.645128815",0.04484304932735426,0.23318385650224216,0.13901345291479822,-6.096923874441812,0.7040358744394619,0.15695067264573992,7.847133486500408,0.08520179372197309,10.078599805280035,0.6771300448430493,0.23766816143497757,-11.029325378563689,223,0.18385650224215247,0.905829596412556,0.1031390134529148,-3.0135388827964547,0.6591928251121076,0.23766816143497757,2.996743296603802
699134,"Rodriguez, Bradgley",2026,"CH","Padres","R","3.569373993",0.11711711711711711,0.11711711711711711,0.04504504504504504,-6.010545108472735,0.4099099099099099,0.545045045045045,9.338398339946647,0.5495495495495496,11.609289415738706,0.43243243243243246,0.018018018018018018,-12.67096911107087,222,0.42342342342342343,0.9459459459459459,0.20270270270270271,-2.9044130301593998,0.7072072072072072,0.09009009009009009,2.646799007352198
699134,"Rodriguez, Bradgley",2026,"FF","Padres","R","0.814284419",0.013574660633484163,0.22624434389140272,0.11764705882352941,-6.21970351741266,0.7013574660633484,0.18099547511312217,6.5319141123202025,0.01809954751131222,8.622223197937503,0.7420814479638009,0.2398190045248869,-9.714454140682703,221,0.18099547511312217,0.9049773755656109,0.058823529411764705,-2.781701787917433,0.579185520361991,0.36199095022624433,2.861411353200932
663855,"Hicks, Jordan",2026,"FF","White Sox","R","0.700068878",0.02262443438914027,0.22171945701357465,0.13574660633484162,-5.87615780801035,0.7375565610859729,0.12669683257918551,6.516635686931643,0,,0.665158371040724,0.334841628959276,-10.21298601324945,221,0.16289592760180996,0.8778280542986425,0.027149321266968326,-3.323985699712453,0.5927601809954751,0.38009049773755654,2.7534248096747658
668674,"Erceg, Lucas",2026,"FF","Royals","R","0.932818548",0.03619909502262444,0.18099547511312217,0.11764705882352941,-5.935983770398106,0.6742081447963801,0.2081447963800905,6.596730482276484,0.004524886877828055,10.37003029646822,0.6380090497737556,0.3574660633484163,-10.497573357008882,221,0.167420814479638,0.9095022624434389,0.027149321266968326,-2.691137286118069,0.6742081447963801,0.2986425339366516,2.842835437167845
670280,"Bednar, David",2026,"FF","Yankees","R","0.939459147",0.02262443438914027,0.167420814479638,0.07239819004524888,-5.310161339686943,0.8371040723981901,0.09049773755656108,6.076374797868267,0.004524886877828055,7.485405309600931,0.7737556561085973,0.22171945701357465,-10.624591823035415,221,0.22624434389140272,0.8868778280542986,0,,0.42081447963800905,0.579185520361991,3.0261071429618287
656945,"Scott, Tanner",2026,"FF","Dodgers","L","1.170979935",0.05454545454545454,0.20454545454545456,0.08636363636363636,-6.335958307279377,0.7909090909090909,0.12272727272727273,7.874240156637624,0,,0.7681818181818182,0.2318181818181818,-9.948569619167653,220,0.2727272727272727,0.8909090909090909,0.00909090909090909,-2.2595754410084945,0.5136363636363637,0.4772727272727273,3.189060365058747
665795,"Cabrera, Edward",2026,"CH","Cubs","R","2.501446925",0.06363636363636363,0.19090909090909092,0.08181818181818182,-6.973804681034402,0.5590909090909091,0.35909090909090907,7.1598387693765675,0.19090909090909092,9.168601374861266,0.7727272727272727,0.03636363636363636,-11.729025296080938,220,0.32727272727272727,0.95,0.32272727272727275,-3.7062766483124574,0.6409090909090909,0.03636363636363636,3.1407997256571307
642232,"Yarbrough, Ryan",2026,"FF","Yankees","L","0.838897243",0.05454545454545454,0.22727272727272727,0.12272727272727273,-5.643814409926114,0.7772727272727272,0.1,8.056598274892854,0.022727272727272728,8.780011432403107,0.6318181818181818,0.34545454545454546,-11.152086912365125,220,0.14545454545454545,0.8909090909090909,0.031818181818181815,-2.4135653349336983,0.6636363636363637,0.30454545454545456,2.8742138181105283
594580,"Moll, Sam",2026,"FF","Reds","L","1.130651689",0.031818181818181815,0.2772727272727273,0.10454545454545454,-5.857290477924587,0.7545454545454545,0.1409090909090909,6.441859436473965,0.031818181818181815,8.93478302890369,0.7545454545454545,0.21363636363636362,-10.90804676290866,220,0.1409090909090909,0.9363636363636364,0.12727272727272726,-2.6593046244816354,0.7363636363636363,0.13636363636363635,2.758501967484504
671096,"Abbott, Andrew",2026,"CH","Reds","L","3.942751196",0.1318181818181818,0.1409090909090909,0,,0.2863636363636364,0.7136363636363636,8.41703679554692,0.4681818181818182,11.582916228897043,0.5,0.031818181818181815,-12.306166387029304,220,0.38181818181818183,0.9363636363636364,0.16818181818181818,-3.1797905573909797,0.7181818181818181,0.11363636363636363,2.8222619598154046
656288,"Canning, Griffin",2026,"FF","Padres","R","1.206421299",0.0273972602739726,0.2648401826484018,0.0958904109589041,-5.597797432812135,0.7625570776255708,0.1415525114155251,6.8206553416756925,0.045662100456621,10.523825742717264,0.7397260273972602,0.2146118721461187,-10.480855785327767,219,0.1689497716894977,0.8949771689497716,0.0136986301369863,-2.6296368107047896,0.639269406392694,0.3470319634703196,2.9307910780545834
663423,"Thornton, Trent",2026,"FF","Cubs","R","1.99174826",0.0319634703196347,0.2968036529680365,0.0776255707762557,-6.206340343741506,0.7214611872146118,0.2009132420091324,8.244552808308063,0.0593607305936073,11.186141426733974,0.7671232876712328,0.1735159817351598,-10.991373501053795,219,0.2146118721461187,0.908675799086758,0.091324200913242,-3.1110576929526244,0.6438356164383562,0.2648401826484018,3.066248513399449
701542,"Warren, Will",2026,"CU","Yankees","R","5.816254575",0.091324200913242,0.2420091324200913,0.0776255707762557,-6.4281727661957415,0.589041095890411,0.3333333333333333,10.355889459939386,0.365296803652968,12.858843113686063,0.593607305936073,0.0410958904109589,-10.654354824245654,219,0.2465753424657534,0.8812785388127854,0.1598173515981735,-4.0557583419954035,0.7351598173515982,0.1050228310502283,2.873487607885124
656464,"Ginkel, Kevin",2026,"CU","Diamondbacks","R","4.889240794",0.1735159817351598,0.228310502283105,0.0593607305936073,-6.249732450043106,0.547945205479452,0.3926940639269406,9.548694802593037,0.3881278538812785,12.409131284612155,0.5799086757990868,0.0319634703196347,-11.156320763199378,219,0.4246575342465753,0.8401826484018264,0.3287671232876712,-4.964660742409528,0.6210045662100456,0.0502283105022831,2.89928305749691
663554,"Mize, Casey",2026,"CH","zMLB","R","3.39660691",0.1415525114155251,0.2100456621004566,0.0273972602739726,-5.067315282724896,0.5159817351598174,0.45662100456621,7.539317962987725,0.4246575342465753,11.280623172474277,0.547945205479452,0.0273972602739726,-9.923475619581195,219,0.3013698630136986,0.958904109589041,0.2831050228310502,-3.1849785315052963,0.680365296803653,0.0365296803652968,2.7118252694840015
681347,"Burrows, Mike",2026,"CH","Astros","R","3.89672602",0.14678899082568808,0.16972477064220184,0.022935779816513763,-4.375821084496056,0.4724770642201835,0.5045871559633027,8.014146842997,0.5871559633027523,12.22722206887631,0.3944954128440367,0.01834862385321101,-8.042086332736735,218,0.3073394495412844,0.944954128440367,0.24770642201834864,-3.4391691225447047,0.7155963302752294,0.03669724770642202,2.348531159079082
680573,"Woods Richardson, Simeon",2026,"FF","zMLB","R","0.951762995",0.01834862385321101,0.3165137614678899,0.0963302752293578,-6.032117987407624,0.8165137614678899,0.0871559633027523,5.865772171606295,0.0045871559633027525,11.874199609457593,0.7477064220183486,0.24770642201834864,-9.461128020961166,218,0.1926605504587156,0.9220183486238532,0.009174311926605505,-7.639709898589809,0.5504587155963303,0.44036697247706424,2.8393168369506654
663567,"Lambert, Peter",2026,"CU","Astros","R","3.596471586",0.06880733944954129,0.19724770642201836,0.04128440366972477,-6.372368331484118,0.6284403669724771,0.3302752293577982,8.161155259450208,0.3853211009174312,11.282909088384208,0.5642201834862385,0.05045871559633028,-11.163674775081454,218,0.25229357798165136,0.8715596330275229,0.16972477064220184,-4.1245397729792135,0.6467889908256881,0.1834862385321101,2.625092052378921
543135,"Eovaldi, Nathan",2026,"CU","Rangers","R","5.73887684",0.1651376146788991,0.11926605504587157,0.027522935779816515,-4.971377939455637,0.4541284403669725,0.518348623853211,11.659331723846615,0.7522935779816514,17.13651762472995,0.23853211009174313,0.009174311926605505,-7.895273831849748,218,0.3944954128440367,0.908256880733945,0.21559633027522937,-3.340918050398994,0.7522935779816514,0.03211009174311927,2.60761817143827
667755,"Soriano, José",2026,"CH","zMLB","R","2.704421977",0.1336405529953917,0.2073732718894009,0.041474654377880185,-5.559229082143364,0.45161290322580644,0.5069124423963134,7.26445063542496,0.2119815668202765,9.458946490953418,0.7235023041474654,0.06451612903225806,-10.935943254575177,217,0.37327188940092165,0.9493087557603687,0.3686635944700461,-3.285824405042776,0.6036866359447005,0.027649769585253458,3.6554293507517874
656546,"Hoffman, Jeff",2026,"CU","zMLB","R","6.073139337",0.1574074074074074,0.125,0.09259259259259259,-6.908146738018352,0.5185185185185185,0.3888888888888889,12.015900736217782,0.4305555555555556,12.803676264466953,0.5092592592592593,0.06018518518518518,-9.927714957726765,216,0.48148148148148145,0.7916666666666666,0.3425925925925926,-4.998812001295835,0.5462962962962963,0.1111111111111111,2.9123183479805186
542888,"Armstrong, Shawn",2026,"FF","Guardians","R","0.971766016",0.037037037037037035,0.2175925925925926,0.08796296296296297,-5.932669920854483,0.7314814814814815,0.18055555555555555,6.6812976038020375,0.046296296296296294,8.686597654525292,0.7453703703703703,0.20833333333333334,-10.074226801558993,216,0.2361111111111111,0.9537037037037037,0.041666666666666664,-2.590254046928991,0.5092592592592593,0.44907407407407407,2.8671269250967697
678906,"Teng, Kai-Wei",2026,"FF","Astros","R","1.053393599",0.032407407407407406,0.27314814814814814,0.125,-5.687532431703065,0.7546296296296297,0.12037037037037036,6.708412184206012,0.004629629629629629,7.502344306032934,0.7777777777777778,0.2175925925925926,-10.150991174973417,216,0.18055555555555555,0.9351851851851852,0.05092592592592592,-3.1793961619263547,0.6342592592592593,0.3148148148148148,3.0375004548138005
681892,"Funderburk, Kody",2026,"FF","Twins","L","1.035863854",0.08837209302325581,0.1813953488372093,0.16744186046511628,-6.242666753405615,0.6325581395348837,0.2,7.569721329598281,0.009302325581395349,9.268067429823468,0.5302325581395348,0.4604651162790698,-10.959983050023663,215,0.25116279069767444,0.8883720930232558,0.037209302325581395,-2.4438894080824385,0.586046511627907,0.3767441860465116,3.231612383405583
608372,"Sugano, Tomoyuki",2026,"CU","Rockies","R","4.26140765",0.07441860465116279,0.21395348837209302,0.027906976744186046,-9.872862412858408,0.6883720930232559,0.2837209302325581,8.926562510035446,0.413953488372093,11.752704896438116,0.5581395348837209,0.027906976744186046,-11.383449848410313,215,0.20930232558139536,0.9069767441860465,0.14418604651162792,-3.9140235564074737,0.7395348837209302,0.11627906976744186,2.6074952693861255
689254,"Fluharty, Mason",2026,"FF","Blue Jays","L","0.791573894",0.05116279069767442,0.20930232558139536,0.10232558139534884,-6.112882048620079,0.6790697674418604,0.2186046511627907,6.490304828375701,0.03255813953488372,8.645890885153642,0.7116279069767442,0.2558139534883721,-11.100633029791627,215,0.2558139534883721,0.9255813953488372,0.05116279069767442,-3.0347753901481336,0.5302325581395348,0.4186046511627907,3.072690294962598
663554,"Mize, Casey",2026,"CU","zMLB","R","2.489698952",0.046511627906976744,0.27906976744186046,0.037209302325581395,-5.066467814179485,0.6697674418604651,0.2930232558139535,8.171044995435025,0.27906976744186046,10.853190558581705,0.6651162790697674,0.05581395348837209,-12.98974445969777,215,0.26046511627906976,0.9116279069767442,0.09767441860465116,-3.1113885230983467,0.6790697674418604,0.22325581395348837,3.0205896137775876
700241,"McGreevy, Michael",2026,"CH","Cardinals","R","3.332157156",0.09345794392523364,0.24766355140186916,0.018691588785046728,-7.430349105837132,0.45794392523364486,0.5233644859813084,7.528833626082624,0.3037383177570093,10.347598368883792,0.677570093457944,0.018691588785046728,-10.05593938165595,214,0.26635514018691586,0.9392523364485982,0.22429906542056074,-3.601463359033006,0.7523364485981309,0.02336448598130841,2.3510968960576832
676263,"Dreyer, Jack",2026,"CU","Dodgers","L","2.847261266",0.08411214953271028,0.22429906542056074,0.04205607476635514,-5.025409785922984,0.6588785046728972,0.29906542056074764,6.926044101183708,0.2523364485981308,10.727611296516107,0.6728971962616822,0.07476635514018691,-11.246612438369688,214,0.3177570093457944,0.9392523364485982,0.3411214953271028,-3.807674403347508,0.5654205607476636,0.09345794392523364,2.9104269777210883
682243,"Miller, Bryce",2026,"CH","Mariners","R","3.66201688",0.13615023474178403,0.1643192488262911,0.023474178403755867,-5.589639802038866,0.5539906103286385,0.4225352112676056,8.944673080283641,0.6197183098591549,12.64250073965284,0.36619718309859156,0.014084507042253521,-10.617620467676629,213,0.3427230046948357,0.9483568075117371,0.22065727699530516,-3.1725665757745203,0.676056338028169,0.10328638497652583,2.701782180282358
592155,"Booser, Cam",2026,"FF","Rays","L","1.87789923",0.06103286384976526,0.2300469483568075,0.08450704225352113,-5.359416684617287,0.7605633802816901,0.15492957746478872,7.885935059299574,0.1784037558685446,11.010929081960402,0.6854460093896714,0.13615023474178403,-10.395263909148834,213,0.2676056338028169,0.9295774647887324,0.08450704225352113,-3.237706342096748,0.6103286384976526,0.3051643192488263,3.0073794306910586
623454,"Anderson, Drew",2026,"CH","Tigers","R","2.881523835",0.11737089201877934,0.22535211267605634,0.06572769953051644,-5.748365674598519,0.5868544600938967,0.3474178403755869,6.697827211541997,0.13615023474178403,10.35365656918254,0.7652582159624414,0.09859154929577464,-9.60830279383117,213,0.38028169014084506,0.9436619718309859,0.39436619718309857,-4.0605288130901,0.5211267605633803,0.08450704225352113,2.714866969270459
687606,"Schultz, Paxton",2026,"FF","Nationals","R","1.067293093",0.03286384976525822,0.2535211267605634,0.07511737089201878,-5.69082792466971,0.7511737089201878,0.17370892018779344,7.809334644095609,0.056338028169014086,9.598380264092418,0.7464788732394366,0.19718309859154928,-10.28408918852718,213,0.18309859154929578,0.9389671361502347,0.014084507042253521,-3.5729555787946086,0.6338028169014085,0.352112676056338,2.8679989223691464
664141,"Brubaker, JT",2026,"FF","Giants","R","1.179946875",0.023474178403755867,0.3192488262910798,0.107981220657277,-5.91220663799442,0.7652582159624414,0.1267605633802817,6.198752510321242,0.028169014084507043,8.960394702309195,0.8450704225352113,0.1267605633802817,-10.66420801273082,213,0.09859154929577464,0.9248826291079812,0.06572769953051644,-3.0829590681993513,0.7089201877934272,0.22535211267605634,2.627863156618182
681190,"Vásquez, Randy",2026,"CU","Padres","R","3.973822561",0.0660377358490566,0.2688679245283019,0.04245283018867924,-7.289384319844318,0.6650943396226415,0.29245283018867924,8.507224399953662,0.3915094339622642,11.593935249249332,0.5754716981132075,0.0330188679245283,-10.581086633922807,212,0.2028301886792453,0.9292452830188679,0.14150943396226415,-4.123827471149632,0.7783018867924528,0.08018867924528301,2.850999135358339
815083,"Farris, Mitch",2026,"FF","Angels","L","1.296077541",0.023696682464454975,0.3127962085308057,0.09004739336492891,-5.95709577691676,0.7867298578199052,0.12322274881516587,6.5763144800763165,0.05687203791469194,9.625400156299666,0.7345971563981043,0.20853080568720378,-10.26738063241358,211,0.1990521327014218,0.9289099526066351,0.03317535545023697,-3.949562475791911,0.6540284360189573,0.3127962085308057,2.8933455764727243
625643,"López, Reynaldo",2026,"CU","Braves","R","5.172427713",0.16113744075829384,0.16113744075829384,0.014218009478672985,-5.257601782735357,0.5071090047393365,0.4786729857819905,8.715239129115673,0.5781990521327014,13.138310060645171,0.38388625592417064,0.037914691943127965,-8.922553707859825,211,0.3080568720379147,0.8767772511848341,0.23696682464454977,-4.051427281057032,0.7061611374407583,0.05687203791469194,2.4844333208321303
665795,"Cabrera, Edward",2026,"FF","Cubs","R","1.139528437",0.014218009478672985,0.33649289099526064,0.12322274881516587,-6.031480915217204,0.7393364928909952,0.13744075829383887,7.074860406317809,0.009478672985781991,7.472820259725816,0.8767772511848341,0.11374407582938388,-10.74258449684161,211,0.11848341232227488,0.9478672985781991,0.04265402843601896,-2.4511734474286584,0.6635071090047393,0.2938388625592417,2.874323570006996
669372,"Ginn, J.T.",2026,"CH","Athletics","R","3.721655913",0.16113744075829384,0.16113744075829384,0.009478672985781991,-5.342281335096514,0.4312796208530806,0.5592417061611374,8.115835580304264,0.5165876777251185,11.261794728171932,0.45023696682464454,0.03317535545023697,-8.5187944665764,211,0.36492890995260663,0.943127962085308,0.3412322274881517,-3.1865304589576295,0.5971563981042654,0.061611374407582936,2.7498771964092836
628452,"Iglesias, Raisel",2026,"FF","Braves","R","1.061027824",0.04285714285714286,0.20952380952380953,0.10476190476190476,-5.337849640261115,0.7238095238095238,0.17142857142857143,6.594274288066484,0.0380952380952381,10.218906948690552,0.6904761904761905,0.2714285714285714,-9.918898422517982,210,0.22380952380952382,0.9428571428571428,0.03333333333333333,-2.5161182324828073,0.5476190476190477,0.41904761904761906,3.057046083385564
642100,"Speier, Gabe",2026,"FF","Mariners","L","1.275117437",0.0380952380952381,0.20476190476190476,0.09047619047619047,-5.955838801755782,0.7666666666666667,0.14285714285714285,6.247033496364098,0.02857142857142857,10.637349129757345,0.7428571428571429,0.22857142857142856,-10.141457404555643,210,0.21428571428571427,0.919047619047619,0.04285714285714286,-3.5816496381982827,0.5476190476190477,0.4095238095238095,3.0561501185162205
681347,"Burrows, Mike",2026,"CU","Astros","R","3.622151468",0.06666666666666667,0.2,0.0761904761904762,-6.457999750627071,0.6190476190476191,0.3047619047619048,9.21618163547356,0.3619047619047619,12.592994070120115,0.5428571428571428,0.09523809523809523,-10.523721032987298,210,0.2571428571428571,0.9,0.19523809523809524,-3.701002013137316,0.7,0.10476190476190476,2.9582849973987706
689147,"Kerkering, Orion",2026,"FF","Phillies","R","1.379505868",0.04784688995215311,0.19617224880382775,0.19138755980861244,-6.203093316937992,0.6746411483253588,0.1339712918660287,8.845784214455092,0.014354066985645933,8.16063035314476,0.7081339712918661,0.27751196172248804,-10.579223944495135,209,0.2631578947368421,0.9090909090909091,0.05263157894736842,-2.829061642024773,0.569377990430622,0.37799043062200954,3.101207491968876
806188,"Gibson, Cade",2026,"CU","Marlins","L","3.499958964",0.07655502392344497,0.18181818181818182,0.11483253588516747,-6.353934041231039,0.49282296650717705,0.3923444976076555,8.393459250153235,0.33014354066985646,11.780329333218353,0.631578947368421,0.03827751196172249,-11.44072307876278,209,0.2727272727272727,0.8899521531100478,0.20574162679425836,-3.667153242420629,0.6889952153110048,0.10526315789473684,2.7255250683182397
518876,"Kelly, Merrill",2026,"CU","Diamondbacks","R","4.445302677",0.07655502392344497,0.23923444976076555,0.05263157894736842,-6.001871714729605,0.6172248803827751,0.33014354066985646,10.454966083882516,0.44019138755980863,12.085345521325412,0.5215311004784688,0.03827751196172249,-12.064358848794619,209,0.291866028708134,0.8995215311004785,0.18181818181818182,-3.5126563824421826,0.7607655502392344,0.05741626794258373,2.8014886206943967
660271,"Ohtani, Shohei",2026,"CU","Dodgers","R","5.192662296",0.15311004784688995,0.1339712918660287,0.04784688995215311,-5.706959672455333,0.5311004784688995,0.42105263157894735,10.994636327456783,0.6076555023923444,13.075354987584962,0.3588516746411483,0.03349282296650718,-10.97001157902204,209,0.36363636363636365,0.8325358851674641,0.23444976076555024,-4.250818533914771,0.6220095693779905,0.14354066985645933,2.710479978007028
642397,"Soto, Gregory",2026,"FF","Pirates","L","1.514866427",0.04784688995215311,0.2822966507177033,0.15311004784688995,-5.9911061920742545,0.6650717703349283,0.18181818181818182,7.6415928524951635,0.009569377990430622,8.301582030829852,0.7081339712918661,0.2822966507177033,-10.312398681082632,209,0.1339712918660287,0.9043062200956937,0.0430622009569378,-3.2930429908575767,0.6650717703349283,0.291866028708134,3.0106919251970976
664076,"Cleavinger, Garrett",2026,"CU","Rays","L","3.787117956",0.11538461538461539,0.15384615384615385,0.1346153846153846,-6.479824845220726,0.5625,0.30288461538461536,9.360963910991273,0.4375,12.792432138355078,0.4951923076923077,0.0673076923076923,-11.528572342675858,208,0.33653846153846156,0.8942307692307693,0.25961538461538464,-3.7789056258944878,0.5769230769230769,0.16346153846153846,3.0945835587722477
680744,"Madden, Ty",2026,"FF","Tigers","R","2.839629522",0.052884615384615384,0.20192307692307693,0.14423076923076922,-5.387077542991821,0.6586538461538461,0.1971153846153846,8.358320924211592,0.13942307692307693,11.722451652626189,0.6875,0.17307692307692307,-10.106532240309356,208,0.23557692307692307,0.8990384615384616,0.09615384615384616,-3.9878456167623693,0.6346153846153846,0.2692307692307692,2.777529617801306
669199,"Bachar, Lake",2026,"FF","zMLB","R","0.942580153",0.02403846153846154,0.28846153846153844,0.057692307692307696,-5.541645894459616,0.8125,0.12980769230769232,6.467893720239028,0.0673076923076923,8.929599977257512,0.7980769230769231,0.1346153846153846,-10.50450432518841,208,0.16346153846153846,0.9134615384615384,0.014423076923076924,-2.670855515836621,0.6346153846153846,0.35096153846153844,2.981857127737559
682842,"Uribe, Abner",2026,"FF","Brewers","R","2.345248481",0.038461538461538464,0.2692307692307692,0.07211538461538461,-5.826189747159553,0.6634615384615384,0.2644230769230769,6.9480663749963965,0.004807692307692308,9.727701044472651,0.8413461538461539,0.15384615384615385,-10.30230206673989,208,0.1971153846153846,0.9471153846153846,0.12980769230769232,-3.9680218941211955,0.6875,0.18269230769230768,3.083885114499634
657097,"Webb, Jacob",2026,"FF","Cubs","R","0.85431886",0.04830917874396135,0.25120772946859904,0.05314009661835749,-5.381341378841834,0.782608695652174,0.1642512077294686,6.8024287608799225,0.004830917874396135,8.065795848909053,0.7294685990338164,0.26570048309178745,-11.762599230253883,207,0.2463768115942029,0.8888888888888888,0,,0.5169082125603864,0.4830917874396135,3.072482084325373
680730,"Parker, Mitchell",2026,"CU","Nationals","L","4.75999583",0.14009661835748793,0.1932367149758454,0.05314009661835749,-6.153361435640836,0.5942028985507246,0.3526570048309179,9.590924561948247,0.45893719806763283,13.36676793137557,0.5072463768115942,0.033816425120772944,-10.75203543548593,207,0.33816425120772947,0.855072463768116,0.2318840579710145,-4.51475644123227,0.6618357487922706,0.10628019323671498,3.160581260377736
663969,"Phillips, Tyler",2026,"CH","Marlins","R","3.833642423",0.14563106796116504,0.19902912621359223,0.02912621359223301,-7.1068444997894655,0.5145631067961165,0.4563106796116505,7.798681893614151,0.4854368932038835,11.353976828018704,0.4854368932038835,0.02912621359223301,-10.404463938729947,206,0.34951456310679613,0.9174757281553398,0.33495145631067963,-3.9452187885135483,0.6359223300970874,0.02912621359223301,2.5630509191320994
608372,"Sugano, Tomoyuki",2026,"CH","Rockies","R","3.91204097",0.16019417475728157,0.18932038834951456,0.02912621359223301,-6.578762860333942,0.4320388349514563,0.5388349514563107,7.808582953283686,0.470873786407767,11.2684869142552,0.5145631067961165,0.014563106796116505,-9.995113311929659,206,0.3106796116504854,0.941747572815534,0.2912621359223301,-3.0697753077227388,0.6699029126213593,0.038834951456310676,2.4869556102931694
660761,"Suarez, José",2026,"FF","zMLB","L","1.106149013",0.06310679611650485,0.30097087378640774,0.0970873786407767,-5.905299278353126,0.7766990291262136,0.1262135922330097,6.666973533311506,0.014563106796116505,9.869800530536567,0.7621359223300971,0.22330097087378642,-10.458962541417009,206,0.18446601941747573,0.912621359223301,0.03398058252427184,-3.039545426767027,0.6262135922330098,0.33980582524271846,3.0439129587682268
669270,"Kuhnel, Joel",2026,"FF","zMLB","R","2.573967083",0.04854368932038835,0.2815533980582524,0.13592233009708737,-5.615774372357324,0.6310679611650486,0.23300970873786409,8.617133313018956,0.0970873786407767,9.569996010950723,0.7961165048543689,0.10679611650485436,-9.724565256449198,206,0.21359223300970873,0.941747572815534,0.16019417475728157,-3.0099525445778506,0.6941747572815534,0.14563106796116504,3.0198793415281027
554430,"Wheeler, Zack",2026,"CU","Phillies","R","5.449507236",0.18048780487804877,0.14634146341463414,0.03414634146341464,-7.102347675812841,0.5219512195121951,0.44390243902439025,10.71701029266691,0.6146341463414634,13.675924494112385,0.37073170731707317,0.014634146341463415,-8.699509607561625,205,0.424390243902439,0.8585365853658536,0.36097560975609755,-3.937889665109787,0.5609756097560976,0.07804878048780488,2.771428890277257
573124,"Rogers, Taylor",2026,"CU","Twins","L","2.952986291",0.06829268292682927,0.14146341463414633,0.1024390243902439,-6.76517295831935,0.6,0.2975609756097561,7.391094949651331,0.526829268292683,12.305782319360807,0.4195121951219512,0.05365853658536585,-12.420653130840329,205,0.22926829268292684,0.8536585365853658,0.12195121951219512,-4.420387064761392,0.697560975609756,0.18048780487804877,2.8359964727003666
684007,"Imanaga, Shota",2026,"CU","Cubs","L","5.858862321",0.07317073170731707,0.12195121951219512,0.13658536585365855,-6.079884096857124,0.5804878048780487,0.28292682926829266,10.969832896498481,0.424390243902439,13.5868044071596,0.5170731707317073,0.05853658536585366,-11.720116244282664,205,0.25365853658536586,0.848780487804878,0.18536585365853658,-3.9423078706587567,0.6390243902439025,0.17560975609756097,2.7103029255656046
686580,"Slaten, Justin",2026,"FF","Red Sox","R","0.753346954",0.01951219512195122,0.2731707317073171,0.12682926829268293,-5.760775565516436,0.7268292682926829,0.14634146341463414,7.2034003707866585,0.014634146341463415,9.56042627329023,0.7560975609756098,0.22926829268292684,-11.281520709774268,205,0.2048780487804878,0.9073170731707317,0.03414634146341464,-2.7616153716184932,0.6829268292682927,0.28292682926829266,3.026440199123596
642397,"Soto, Gregory",2026,"CU","Pirates","L","6.288933882",0.16176470588235295,0.08823529411764706,0.08823529411764706,-6.569618065099145,0.553921568627451,0.35784313725490197,14.987452414222018,0.6519607843137255,14.741031862414511,0.3235294117647059,0.024509803921568627,-9.723726084063564,204,0.44607843137254904,0.8235294117647058,0.2696078431372549,-4.84791523758818,0.5980392156862745,0.1323529411764706,3.00350228182526
640448,"Finnegan, Kyle",2026,"FF","Tigers","R","1.077939555",0.029411764705882353,0.3284313725490196,0.08333333333333333,-5.071674660605205,0.8088235294117647,0.10784313725490197,6.02061956155509,0,,0.7794117647058824,0.22058823529411764,-10.12192996297451,204,0.16666666666666666,0.9166666666666666,0.03431372549019608,-3.4586043025150364,0.6519607843137255,0.3137254901960784,2.9761450581637594
572955,"Johnson, Pierce",2026,"CU","Reds","R","4.985654701",0.09313725490196079,0.28921568627450983,0.058823529411764705,-6.187481282225953,0.5931372549019608,0.3480392156862745,8.764559558826134,0.21568627450980393,12.261456778316088,0.696078431372549,0.08823529411764706,-10.911644714737342,204,0.25980392156862747,0.9264705882352942,0.19607843137254902,-4.379405853070308,0.6813725490196079,0.12254901960784313,2.697485238996436
670059,"Holderman, Colin",2026,"FF","Guardians","R","1.596784111",0.04926108374384237,0.23645320197044334,0.08374384236453201,-7.874535649518005,0.5812807881773399,0.33497536945812806,7.106528775719568,0.019704433497536946,7.416917580995183,0.729064039408867,0.2512315270935961,-10.48070168248525,203,0.1625615763546798,0.9359605911330049,0.06896551724137931,-3.1406453882385854,0.7241379310344828,0.20689655172413793,3.2065573771913938
686973,"Varland, Louis",2026,"CU","Blue Jays","R","4.497941606",0.10837438423645321,0.21674876847290642,0.054187192118226604,-5.814118039206298,0.5714285714285714,0.37438423645320196,8.165904576239512,0.22167487684729065,11.355454857393628,0.7093596059113301,0.06896551724137931,-10.016781622631605,203,0.31527093596059114,0.9064039408866995,0.33497536945812806,-4.404216265278524,0.5517241379310345,0.11330049261083744,2.6373733830439003
676477,"Whitlock, Garrett",2026,"FF","Red Sox","R","0.823336118",0.05472636815920398,0.20398009950248755,0.14427860696517414,-5.5651994381813985,0.7661691542288557,0.08955223880597014,8.942118338137723,0,,0.7164179104477612,0.2835820895522388,-11.35480887014509,201,0.21890547263681592,0.8905472636815921,0,,0.5522388059701493,0.44776119402985076,2.9587647279350078
650644,"Civale, Aaron",2026,"CU","zMLB","R","3.207758956",0.09950248756218906,0.20398009950248755,0.029850746268656716,-6.476472975765443,0.6716417910447762,0.29850746268656714,7.922262102902146,0.5472636815920398,13.290282300312489,0.42786069651741293,0.024875621890547265,-9.413999746008866,201,0.23383084577114427,0.8955223880597015,0.20398009950248755,-3.480378811442562,0.7512437810945274,0.04477611940298507,2.4754453987668334
650556,"Abreu, Bryan",2026,"FF","Astros","R","1.193868016",0.05970149253731343,0.20398009950248755,0.12437810945273632,-5.661862201591207,0.7164179104477612,0.15920398009950248,6.763550336794731,0.04975124378109453,10.895725143021945,0.7512437810945274,0.19900497512437812,-11.52824401396914,201,0.31840796019900497,0.8805970149253731,0.04477611940298507,-3.1512581701124347,0.43781094527363185,0.5174129353233831,3.2104582046897883
676979,"Crochet, Garrett",2026,"FF","Red Sox","L","1.109621116",0.07960199004975124,0.22388059701492538,0.11442786069651742,-5.6421695963349014,0.6417910447761194,0.24378109452736318,7.440183104136145,0.05970149253731343,9.761207760901733,0.681592039800995,0.25870646766169153,-10.689245280676184,201,0.23383084577114427,0.900497512437811,0.07462686567164178,-3.068387224718715,0.5870646766169154,0.3383084577114428,3.08142736819807
547179,"Lorenzen, Michael",2026,"CH","zMLB","R","4.358840533",0.14427860696517414,0.1791044776119403,0.004975124378109453,-6.028537150929335,0.472636815920398,0.5223880597014925,8.506219437967738,0.6318407960199005,12.372796907926594,0.3482587064676617,0.01990049751243781,-14.145843483892898,201,0.2835820895522388,0.9303482587064676,0.21393034825870647,-3.0348347407541674,0.7213930348258707,0.06467661691542288,2.8961259419044785
662253,"Muñoz, Andrés",2026,"CU","Mariners","R","6.076127178",0.21,0.12,0.06,-5.928833415952234,0.405,0.535,11.307315107651311,0.585,13.634293519895014,0.395,0.02,-10.35217664254395,200,0.51,0.79,0.38,-4.859477200532611,0.565,0.055,2.889770553622306
573204,"Thielbar, Caleb",2026,"CU","Cubs","L","4.046168148",0.075,0.14,0.09,-6.732713247184063,0.54,0.37,9.182595613740691,0.485,13.104315495222105,0.475,0.04,-11.113245286403007,200,0.32,0.835,0.22,-3.858074581870922,0.615,0.165,2.834012767424332
681870,"Sabrowski, Erik",2026,"FF","Guardians","L","1.442535696",0.04,0.175,0.065,-6.863946982900403,0.83,0.105,6.131674959045922,0.01,7.973421413111463,0.82,0.17,-10.628795928457015,200,0.28,0.925,0.01,-2.1385578687599778,0.39,0.6,3.2017397297036823
666171,"Zeferjahn, Ryan",2026,"FF","zMLB","R","1.361788952",0.09547738693467336,0.1507537688442211,0.10050251256281408,-6.468966584010374,0.6984924623115578,0.20100502512562815,7.782068331650727,0.005025125628140704,9.445272226487889,0.6180904522613065,0.3768844221105528,-10.767740651367216,199,0.2914572864321608,0.8844221105527639,0.05527638190954774,-2.68434935757564,0.46733668341708545,0.47738693467336685,3.3851315425836854
687562,"Bennett, Jake",2026,"CH","Red Sox","L","4.079079643",0.12562814070351758,0.12060301507537688,0.03015075376884422,-5.709769148412837,0.46733668341708545,0.5025125628140703,9.806015844754823,0.592964824120603,12.811546890310808,0.3768844221105528,0.03015075376884422,-9.835452797420853,199,0.35175879396984927,0.914572864321608,0.20100502512562815,-3.2198244973756887,0.678391959798995,0.12060301507537688,2.7888800128055884
656288,"Canning, Griffin",2026,"CU","Padres","R","3.196910524",0.10050251256281408,0.17587939698492464,0.06030150753768844,-5.604615025777016,0.6180904522613065,0.32160804020100503,8.630005677181716,0.36180904522613067,11.493912565326267,0.5577889447236181,0.08040201005025126,-10.209278681770513,199,0.3768844221105528,0.9095477386934674,0.2964824120603015,-4.0460471854368,0.5829145728643216,0.12060301507537688,2.7779080885237724
682120,"Herrin, Tim",2026,"CU","Guardians","L","6.659529695",0.1708542713567839,0.19597989949748743,0.04020100502512563,-11.43665826266656,0.5628140703517588,0.3969849246231156,12.106512154264532,0.5125628140703518,13.640051834410652,0.457286432160804,0.03015075376884422,-10.622619665454941,199,0.41708542713567837,0.8291457286432161,0.2814070351758794,-5.079239489331167,0.5879396984924623,0.1306532663316583,3.2530779943706736
682608,"Gray, Peyton",2026,"CH","Rangers","R","4.042777611",0.11616161616161616,0.1717171717171717,0.045454545454545456,-6.5475803876028795,0.5606060606060606,0.3939393939393939,9.317188860625604,0.6262626262626263,12.676889175658834,0.35858585858585856,0.015151515151515152,-10.623618435177315,198,0.29292929292929293,0.9040404040404041,0.21717171717171718,-3.1147758045178913,0.7323232323232324,0.050505050505050504,2.64338551173211
663460,"Bubic, Kris",2026,"FF","Royals","L","1.15002506",0.050505050505050504,0.23232323232323232,0.14646464646464646,-5.8882832742631335,0.7373737373737373,0.11616161616161616,6.693975526038633,0,,0.7121212121212122,0.2878787878787879,-10.504042436005667,198,0.21717171717171718,0.9040404040404041,0.020202020202020204,-2.5231828300954557,0.6212121212121212,0.35858585858585856,3.2113421518550664
624133,"Suarez, Ranger",2026,"CU","Red Sox","L","4.199680035",0.18686868686868688,0.08585858585858586,0.020202020202020204,-6.4158549557011,0.51010101010101,0.4696969696969697,10.228229379880549,0.7727272727272727,15.862868516883907,0.21717171717171718,0.010101010101010102,-20.08404547337339,198,0.41414141414141414,0.8232323232323232,0.29797979797979796,-3.430762096846195,0.6464646464646465,0.05555555555555555,2.672842337155148
670062,"Garcia, Julian",2026,"CU","Reds","R","5.982398422",0.10606060606060606,0.21717171717171718,0.10101010101010101,-5.841024716459697,0.5858585858585859,0.31313131313131315,10.666980805210143,0.3939393939393939,13.929664484853053,0.5505050505050505,0.05555555555555555,-12.506434750647866,198,0.3282828282828283,0.7878787878787878,0.23737373737373738,-5.921901062875541,0.6262626262626263,0.13636363636363635,2.6273985741789097
605135,"Bassitt, Chris",2026,"CU","Orioles","R","4.639250595",0.09644670050761421,0.14720812182741116,0.04568527918781726,-5.723723080607123,0.5380710659898477,0.41624365482233505,9.426472157469242,0.7360406091370558,17.28287917687892,0.233502538071066,0.030456852791878174,-10.012646591721962,197,0.28426395939086296,0.8527918781725888,0.18274111675126903,-3.303307674804692,0.7715736040609137,0.04568527918781726,2.5387592191225408
656492,"Griffin, Foster",2026,"CH","zMLB","L","4.67874476",0.1065989847715736,0.17766497461928935,0.015228426395939087,-5.194781369053608,0.45685279187817257,0.5279187817258884,8.850362498549163,0.5939086294416244,12.822718826835462,0.39086294416243655,0.015228426395939087,-17.275810913568886,197,0.29441624365482233,0.934010152284264,0.15736040609137056,-3.5984255531753035,0.7563451776649747,0.08629441624365482,2.9260565253925566
695243,"Miller, Mason",2026,"CU","Padres","R","10.072422385",0.3248730964467005,0.116751269035533,0.1065989847715736,-6.503947931626693,0.37055837563451777,0.5228426395939086,15.122213143138818,0.5583756345177665,15.783538066775362,0.38578680203045684,0.05583756345177665,-11.465164408091502,197,0.5482233502538071,0.6954314720812182,0.49238578680203043,-6.104781431910681,0.45685279187817257,0.050761421319796954,2.985494036198729
808963,"Sasaki, Roki",2026,"CU","Dodgers","R","5.695868072",0.22959183673469388,0.18877551020408162,0.05102040816326531,-6.417364163699989,0.5306122448979592,0.41836734693877553,9.743714889403487,0.45918367346938777,12.91739135358712,0.47959183673469385,0.061224489795918366,-10.931458448517391,196,0.4030612244897959,0.8418367346938775,0.3826530612244898,-4.699532531773564,0.5612244897959183,0.05612244897959184,2.6901555734624636
676263,"Dreyer, Jack",2026,"FF","Dodgers","L","1.120482158",0.05128205128205128,0.18461538461538463,0.041025641025641026,-5.513225742378202,0.8153846153846154,0.14358974358974358,6.351282274321311,0.010256410256410256,8.911351175341824,0.7128205128205128,0.27692307692307694,-9.932535155256883,195,0.2717948717948718,0.9230769230769231,0.010256410256410256,-2.9706259395082895,0.4358974358974359,0.5538461538461539,3.216159466515451
592791,"Taillon, Jameson",2026,"CU","zMLB","R","4.094843429",0.1282051282051282,0.18974358974358974,0.03076923076923077,-5.517888286232676,0.5641025641025641,0.40512820512820513,9.078809847511266,0.6,13.623977102114893,0.38974358974358975,0.010256410256410256,-10.549937142577093,195,0.3076923076923077,0.8461538461538461,0.1794871794871795,-4.349180040318253,0.6923076923076923,0.1282051282051282,2.6106042053861804
677865,"Bruihl, Justin",2026,"CU","Cardinals","L","3.153278789",0.08717948717948718,0.1641025641025641,0.02564102564102564,-6.049419896483264,0.558974358974359,0.4153846153846154,7.737741581800333,0.5794871794871795,13.863756872741616,0.4,0.020512820512820513,-11.08399660123257,195,0.23076923076923078,0.9333333333333333,0.15384615384615385,-3.323160659701542,0.6717948717948717,0.17435897435897435,2.681598411574152
663362,"Waldron, Matt",2026,"FF","zMLB","R","1.090896438",0.041237113402061855,0.2422680412371134,0.13402061855670103,-6.041610438592838,0.6701030927835051,0.1958762886597938,6.851238150768982,0.030927835051546393,8.66436364924172,0.6958762886597938,0.27319587628865977,-11.625672390593532,194,0.18556701030927836,0.8762886597938144,0.010309278350515464,-2.72010702793926,0.6030927835051546,0.3865979381443299,2.9970712445473544
701656,"Henderson, Logan",2026,"CH","Brewers","R","5.482262278",0.14432989690721648,0.09278350515463918,0.02577319587628866,-8.019868863271032,0.4742268041237113,0.5,11.359639959066135,0.7010309278350515,13.989545132843595,0.29381443298969073,0.005154639175257732,-13.82500652203989,194,0.37628865979381443,0.9072164948453608,0.17010309278350516,-3.3949768419818245,0.7216494845360825,0.10824742268041238,3.0063010075761385
683769,"Gaddis, Hunter",2026,"CU","Guardians","R","3.72563313",0.07253886010362694,0.17098445595854922,0.10362694300518134,-6.008603980006134,0.5492227979274611,0.3471502590673575,9.068628103962741,0.2538860103626943,10.295406570063303,0.6683937823834197,0.07772020725388601,-9.686187683980663,193,0.35233160621761656,0.9015544041450777,0.23834196891191708,-4.193158507344219,0.6217616580310881,0.13989637305699482,2.758122053390511
685299,"Gordon, Tanner",2026,"CU","Rockies","R","2.442236363",0.031088082901554404,0.25906735751295334,0.05699481865284974,-4.796742062305702,0.6632124352331606,0.27979274611398963,7.815447992313397,0.2849740932642487,11.793823925041329,0.6580310880829016,0.05699481865284974,-10.507031275947364,193,0.20725388601036268,0.9481865284974094,0.11917098445595854,-3.1437548820478796,0.7150259067357513,0.16580310880829016,2.6784373055274684
695418,"Lord, Brad",2026,"CU","Nationals","R","3.4360764",0.06217616580310881,0.17616580310880828,0.12435233160621761,-5.88093236270045,0.5595854922279793,0.3160621761658031,8.671878298831112,0.27979274611398963,10.792812945447736,0.6269430051813472,0.09326424870466321,-10.026060663630926,193,0.23316062176165803,0.8704663212435233,0.16580310880829016,-3.7245297871348426,0.7046632124352331,0.12953367875647667,2.810019246799041
608566,"Márquez, Germán",2026,"FF","Padres","R","0.82273602",0.015544041450777202,0.26424870466321243,0.13471502590673576,-5.41565113648176,0.7357512953367875,0.12953367875647667,5.795587582586582,0.0051813471502590676,9.649207253400538,0.7927461139896373,0.20207253886010362,-9.363984884373988,193,0.12953367875647667,0.9222797927461139,0.025906735751295335,-2.6690124311606613,0.6321243523316062,0.34196891191709844,2.8496925323346263
694297,"Pfaadt, Brandon",2026,"CU","Diamondbacks","R","3.936169897",0.0625,0.234375,0.0625,-5.373785835506317,0.6510416666666666,0.2864583333333333,9.597859802661507,0.4114583333333333,12.11124233740956,0.578125,0.010416666666666666,-11.112175585330334,192,0.3020833333333333,0.8802083333333334,0.1875,-4.180068329648286,0.7291666666666666,0.08333333333333333,2.666553319594525
808967,"Yamamoto, Yoshinobu",2026,"CU","Dodgers","R","4.590780599",0.13541666666666666,0.1875,0.026041666666666668,-4.462799446907082,0.6041666666666666,0.3697916666666667,9.205350465248987,0.6145833333333334,13.414224015325043,0.3541666666666667,0.03125,-11.995761688896703,192,0.2708333333333333,0.8958333333333334,0.22916666666666666,-3.119291192457552,0.7239583333333334,0.046875,2.440770864019498
657044,"Thompson, Ryan",2026,"FF","Diamondbacks","R","1.759557455",0.046875,0.3072916666666667,0.09895833333333333,-6.570083207276866,0.7291666666666666,0.171875,7.063997851934033,0.046875,9.974768318318675,0.7395833333333334,0.21354166666666666,-10.896294520225227,192,0.16666666666666666,0.953125,0.22916666666666666,-2.9181736161937186,0.6979166666666666,0.07291666666666667,2.8249863115832747
669165,"Hurt, Kyle",2026,"FF","Dodgers","R","0.930481029",0.041666666666666664,0.20833333333333334,0.0625,-5.111784429752209,0.859375,0.078125,6.423791546418719,0.015625,7.817122588967229,0.6666666666666666,0.3177083333333333,-10.200221080009383,192,0.3333333333333333,0.9427083333333334,0,,0.4947916666666667,0.5052083333333334,3.194584556857547
669456,"Bieber, Shane",2026,"FF","Blue Jays","R","2.136203725",0.046875,0.3177083333333333,0.08333333333333333,-5.985652151707956,0.7552083333333334,0.16145833333333334,7.672243115625916,0.08854166666666667,9.845839490770267,0.78125,0.13020833333333334,-10.28416848238808,192,0.14583333333333334,0.9114583333333334,0.0625,-3.1152686508830256,0.703125,0.234375,3.0753483016879404
680767,"Vodnik, Victor",2026,"FF","zMLB","R","0.858627955",0.046875,0.3072916666666667,0.06770833333333333,-5.150186506752515,0.765625,0.16666666666666666,6.236980642248065,0.010416666666666666,12.54716959923908,0.7135416666666666,0.2760416666666667,-9.667060516383604,192,0.1875,0.921875,0.0625,-2.4607704259339536,0.6510416666666666,0.2864583333333333,2.9511965650381673
621381,"Strahm, Matt",2026,"FF","Royals","L","1.196058591",0.041884816753926704,0.2356020942408377,0.1518324607329843,-6.200468001028291,0.7329842931937173,0.11518324607329843,6.8566800380108175,0.05235602094240838,8.462583707670884,0.8010471204188482,0.14659685863874344,-11.397178449925077,191,0.23036649214659685,0.900523560209424,0.031413612565445025,-3.2964520798937422,0.612565445026178,0.35602094240837695,3.109580327647713
593974,"Peralta, Wandy",2026,"CH","Padres","L","3.1885778",0.1256544502617801,0.2198952879581152,0.02617801047120419,-5.424330184172588,0.4816753926701571,0.49214659685863876,7.733506104333584,0.387434554973822,10.901647502152121,0.581151832460733,0.031413612565445025,-10.248356048119621,191,0.29842931937172773,0.9581151832460733,0.27225130890052357,-3.1382248832833755,0.6858638743455497,0.041884816753926704,3.185755203899121
641329,"Baker, Bryan",2026,"CH","Rays","R","3.215291325",0.07329842931937172,0.12041884816753927,0.04712041884816754,-5.76918927789769,0.5235602094240838,0.4293193717277487,9.253591558934849,0.5340314136125655,12.515670542079633,0.450261780104712,0.015706806282722512,-7.952709907384351,191,0.34554973821989526,0.9319371727748691,0.19895287958115182,-3.2133046196880146,0.7277486910994765,0.07329842931937172,2.698193125245922
676440,"Bibee, Tanner",2026,"CU","Guardians","R","5.134510917",0.05263157894736842,0.1736842105263158,0.07368421052631578,-6.213852030849493,0.5736842105263158,0.3526315789473684,9.817767807204683,0.6,14.067550225879415,0.39473684210526316,0.005263157894736842,-7.85361002111651,190,0.23157894736842105,0.9,0.15263157894736842,-3.5651222400118896,0.7842105263157895,0.06315789473684211,3.126013606717029
683352,"Bratt, Mitch",2026,"FF","Diamondbacks","L","1.076353805",0.04736842105263158,0.24210526315789474,0.2,-5.6346753787264525,0.7210526315789474,0.07894736842105263,6.5584759353290645,0.03684210526315789,8.817885623211696,0.7368421052631579,0.22631578947368422,-10.735478434705161,190,0.12105263157894737,0.9315789473684211,0.031578947368421054,-2.1683478747898595,0.6052631578947368,0.3631578947368421,3.0148128922194184
702056,"Yesavage, Trey",2026,"CH","Blue Jays","R","6.445810202",0.14736842105263157,0.15263157894736842,0.06315789473684211,-6.4642566089981015,0.4368421052631579,0.5,11.452008973690969,0.5894736842105263,14.083397268390607,0.4,0.010526315789473684,-9.962608452469954,190,0.38421052631578945,0.8052631578947368,0.22631578947368422,-4.347415203282361,0.6789473684210526,0.09473684210526316,2.5873648990071696
689296,"Nunez, Anthony",2026,"FF","Orioles","R","1.719564546",0.031578947368421054,0.25263157894736843,0.09473684210526316,-5.598005189806938,0.7210526315789474,0.18421052631578946,8.272329688480452,0.042105263157894736,11.08045381183968,0.7894736842105263,0.16842105263157894,-10.290075955998617,190,0.22105263157894736,0.9105263157894737,0.06842105263157895,-3.23234146554647,0.6368421052631579,0.29473684210526313,2.9289394226182885
696147,"Bachman, Sam",2026,"CU","Angels","R","6.463255916",0.14814814814814814,0.15873015873015872,0.12698412698412698,-6.268066624302387,0.5079365079365079,0.36507936507936506,11.77380063906215,0.47619047619047616,12.579656141719592,0.4603174603174603,0.06349206349206349,-11.059563217248083,189,0.3915343915343915,0.9047619047619048,0.2857142857142857,-4.848407064922247,0.6296296296296297,0.08465608465608465,2.719570514804111
623352,"Hader, Josh",2026,"FF","Astros","L","0.986739806",0.042328042328042326,0.18518518518518517,0.10052910052910052,-6.549178489950629,0.8042328042328042,0.09523809523809523,6.987729653722998,0.005291005291005291,10.818369725382802,0.6772486772486772,0.31746031746031744,-10.11025654024407,189,0.31216931216931215,0.8994708994708994,0.005291005291005291,-2.3789524158637434,0.41798941798941797,0.5767195767195767,3.179305013065847
643377,"Jax, Griffin",2026,"CH","Rays","R","3.281424347",0.15343915343915343,0.20105820105820105,0.021164021164021163,-5.238737002709608,0.4074074074074074,0.5714285714285714,7.946962317090776,0.3333333333333333,10.435613934975382,0.6455026455026455,0.021164021164021163,-11.975137874280392,189,0.42328042328042326,0.9576719576719577,0.37037037037037035,-3.3486180307838254,0.5873015873015873,0.042328042328042326,2.6760138800416953
669387,"Mlodzinski, Carmen",2026,"CU","Pirates","R","3.108958314",0.0582010582010582,0.24338624338624337,0.07407407407407407,-5.3777741346824985,0.6455026455026455,0.2804232804232804,9.043545656897383,0.30687830687830686,12.566723389437993,0.6455026455026455,0.047619047619047616,-11.741030704765905,189,0.25925925925925924,0.9470899470899471,0.2328042328042328,-3.0811047305711,0.671957671957672,0.09523809523809523,2.889165768882889
677976,"Dobnak, Randy",2026,"FF","Royals","R","1.42036765",0.037037037037037035,0.4074074074074074,0.09523809523809523,-5.232621961750855,0.8042328042328042,0.10052910052910052,6.418744568303794,0.005291005291005291,10.110986027225108,0.8677248677248677,0.12698412698412698,-10.76974665541023,189,0.09523809523809523,0.9629629629629629,0.10052910052910052,-2.881674914360482,0.798941798941799,0.10052910052910052,2.6893953815442284
623211,"Brazobán, Huascar",2026,"CH","zMLB","R","3.816640462",0.15873015873015872,0.1746031746031746,0.06878306878306878,-6.142351098527535,0.3968253968253968,0.5343915343915344,8.529172920955997,0.43386243386243384,11.406912757247644,0.5502645502645502,0.015873015873015872,-11.363620746464361,189,0.3333333333333333,0.91005291005291,0.25925925925925924,-3.340665794319471,0.7037037037037037,0.037037037037037035,2.6305016851742997
607067,"Rea, Colin",2026,"CH","Cubs","R","3.129973905",0.0851063829787234,0.25,0.0425531914893617,-4.9296082645016135,0.6329787234042553,0.324468085106383,6.783524188545098,0.2393617021276596,10.361253252931373,0.7127659574468085,0.047872340425531915,-10.581277632011957,188,0.28191489361702127,0.9095744680851063,0.30319148936170215,-3.6221724234677657,0.6382978723404256,0.05851063829787234,2.3820915966547727
607192,"Glasnow, Tyler",2026,"FF","Dodgers","R","1.260566909",0.0427807486631016,0.2994652406417112,0.13368983957219252,-5.523228542816394,0.7540106951871658,0.11229946524064172,6.163959610654582,0.016042780748663103,9.38593263815211,0.7593582887700535,0.22459893048128343,-10.105545162427502,187,0.16042780748663102,0.893048128342246,0.0427807486631016,-2.985109490920814,0.6363636363636364,0.32085561497326204,3.010072463246114
690928,"Dobbins, Hunter",2026,"FF","Cardinals","R","1.213136346",0.0374331550802139,0.20855614973262032,0.15508021390374332,-6.036268010092869,0.7112299465240641,0.13368983957219252,6.958732545588985,0.016042780748663103,8.808747609066838,0.7058823529411765,0.27807486631016043,-9.483685786435906,187,0.17647058823529413,0.93048128342246,0.0374331550802139,-2.7205113424210023,0.6203208556149733,0.3422459893048128,3.091787155561838
677944,"Cecconi, Slade",2026,"CU","Guardians","R","6.712466099",0.10752688172043011,0.17204301075268819,0.026881720430107527,-5.261994866822949,0.5698924731182796,0.4032258064516129,12.952053692790809,0.6236559139784946,14.505448390688464,0.3548387096774194,0.021505376344086023,-9.260164507587998,186,0.3010752688172043,0.8763440860215054,0.1935483870967742,-4.404480027831351,0.7258064516129032,0.08064516129032258,2.500276417967035
656546,"Hoffman, Jeff",2026,"FF","zMLB","R","0.974926121",0.021505376344086023,0.1935483870967742,0.08602150537634409,-5.390820840309112,0.7956989247311828,0.11827956989247312,6.171667459829862,0.021505376344086023,7.876905810806759,0.7419354838709677,0.23655913978494625,-9.552713772377079,186,0.26881720430107525,0.956989247311828,0.005376344086021506,-3.0574939049936214,0.521505376344086,0.4731182795698925,3.059822025712385
663767,"Shugart, Chase",2026,"FF","Phillies","R","0.835168793",0.03225806451612903,0.22043010752688172,0.16129032258064516,-6.602159691405346,0.6881720430107527,0.15053763440860216,6.43937559583336,0.026881720430107527,8.466594641740302,0.7043010752688172,0.26881720430107525,-10.126239879603006,186,0.20967741935483872,0.9408602150537635,0.043010752688172046,-2.9965713837959225,0.6451612903225806,0.3118279569892473,2.820273681409005
679883,"Avila, Luinder",2026,"CU","Royals","R","3.884126283",0.0967741935483871,0.1989247311827957,0.0913978494623656,-6.244401329563943,0.6182795698924731,0.2903225806451613,8.303363070217614,0.34946236559139787,11.082514041511923,0.5860215053763441,0.06451612903225806,-10.383837960141298,186,0.3064516129032258,0.8118279569892473,0.2956989247311828,-4.122722923017459,0.6075268817204301,0.0967741935483871,2.7338030369041753
676962,"Brown, Ben",2026,"CU","Cubs","R","5.336379776",0.21621621621621623,0.21621621621621623,0.043243243243243246,-6.582173471172865,0.5405405405405406,0.41621621621621624,9.147006861278713,0.40540540540540543,12.183390020502998,0.5513513513513514,0.043243243243243246,-8.6475072906199,185,0.44324324324324327,0.8918918918918919,0.40540540540540543,-4.868313596618491,0.5243243243243243,0.07027027027027027,2.620041252640932
643377,"Jax, Griffin",2026,"CU","Rays","R","3.952340128",0.0918918918918919,0.2,0.07567567567567568,-6.9460560916080905,0.5891891891891892,0.33513513513513515,9.45872843407577,0.22702702702702704,11.773681305491138,0.6702702702702703,0.10270270270270271,-10.383504481760115,185,0.4,0.8756756756756757,0.2756756756756757,-4.110128762018631,0.6054054054054054,0.11891891891891893,3.0093142538410538
605400,"Nola, Aaron",2026,"CH","Phillies","R","3.357069864",0.12568306010928962,0.18579234972677597,0.01639344262295082,-7.903083568073895,0.45901639344262296,0.5245901639344263,7.618299508420334,0.39344262295081966,11.330442351556412,0.5683060109289617,0.03825136612021858,-10.364201369659442,183,0.2786885245901639,0.9617486338797814,0.2786885245901639,-2.9194529790962425,0.6174863387978142,0.10382513661202186,2.600880269269867
642207,"Williams, Devin",2026,"CH","Mets","R","2.921555773",0.12021857923497267,0.15300546448087432,0.0546448087431694,-6.086385425235363,0.48633879781420764,0.45901639344262296,8.565719727151398,0.5792349726775956,12.128513891693627,0.41530054644808745,0.00546448087431694,-7.061153216003662,183,0.3989071038251366,0.9344262295081968,0.2568306010928962,-3.285825265910409,0.6939890710382514,0.04918032786885246,2.387197352781621
805427,"Sommers, Drew",2026,"FF","Tigers","L","1.416032555",0.09836065573770492,0.09836065573770492,0.21311475409836064,-6.710752726353471,0.6010928961748634,0.18579234972677597,8.590453227270935,0,,0.39344262295081966,0.6065573770491803,-11.034816790219264,183,0.32786885245901637,0.8360655737704918,0.07650273224043716,-2.9153928725325895,0.453551912568306,0.46994535519125685,3.4902517715831576
656638,"Lange, Alex",2026,"FF","Royals","R","1.245023103",0.0273224043715847,0.26229508196721313,0.12568306010928962,-6.595024735123518,0.7213114754098361,0.15300546448087432,6.137856001102601,0.03278688524590164,10.608962130277419,0.8360655737704918,0.13114754098360656,-10.246745438678508,183,0.16939890710382513,0.9398907103825137,0.13114754098360656,-2.989988112360837,0.639344262295082,0.22950819672131148,2.80558287645389