"id","name","year","api_pitch_type","team_name","bat_side_formatted","miss_distance","flawed_percent","perfect_percent","tied_up_percent","avg_x_tied_up","centered_percent","flailed_percent","avg_x_flail","early_percent","avg_y_early","on_time_percent","late_percent","avg_y_late","n_swings","whiff_rate","competitive_percent","over_percent","avg_z_over","lined_up_percent","under_percent","avg_z_under"
666018,"Aranda, Jonathan",2026,"FF","Rays","L","0.923108398",0.04883720930232558,0.20232558139534884,0.027906976744186046,-5.763549481607869,0.827906976744186,0.14418604651162792,6.248800075618569,0.004651162790697674,7.220890181470018,0.6348837209302326,0.36046511627906974,-10.039985405629025,430,0.25116279069767444,0.8813953488372093,0.01627906976744186,-2.928134953121617,0.5302325581395348,0.45348837209302323,2.987043857694305
646240,"Devers, Rafael",2026,"FF","Giants","L","1.493623639",0.08354430379746836,0.189873417721519,0.007594936708860759,-4.951528942045223,0.8354430379746836,0.1569620253164557,6.337110188589671,0.002531645569620253,12.400729179806042,0.6278481012658228,0.369620253164557,-10.502175073947644,395,0.39746835443037976,0.9240506329113924,0.002531645569620253,-2.428462750678844,0.3594936708860759,0.6379746835443038,3.5787414108754505
677800,"Abreu, Wilyer",2026,"FF","Red Sox","L","0.792354771",0.060209424083769635,0.17015706806282724,0.08115183246073299,-5.491404707123444,0.7643979057591623,0.1544502617801047,5.958869667995095,0.002617801047120419,9.653715640728695,0.5523560209424084,0.44502617801047123,-10.303730271943742,382,0.2696335078534031,0.900523560209424,0.002617801047120419,-2.133611392979541,0.3717277486910995,0.6256544502617801,2.924986534270323
545361,"Trout, Mike",2026,"FF","Angels","R","0.820279978",0.023622047244094488,0.1942257217847769,0.12598425196850394,-5.289390139797639,0.8241469816272966,0.049868766404199474,6.1578735411036405,0.010498687664041995,7.224893690290099,0.7532808398950132,0.23622047244094488,-9.701726888265732,381,0.2020997375328084,0.9238845144356955,0,,0.3910761154855643,0.6089238845144357,2.999991203057237
518692,"Freeman, Freddie",2026,"FF","Dodgers","L","1.13773796",0.05080213903743316,0.23529411764705882,0.09893048128342247,-6.451094620784228,0.7379679144385026,0.16310160427807488,7.253788066673295,0.016042780748663103,8.104810689961559,0.7914438502673797,0.1925133689839572,-10.720679035790502,374,0.18716577540106952,0.893048128342246,0.0106951871657754,-3.3962406564586494,0.5481283422459893,0.4411764705882353,3.0780635818438147
668930,"Turang, Brice",2026,"FF","Brewers","L","0.679396254",0.08791208791208792,0.17032967032967034,0.01098901098901099,-5.022835288126099,0.728021978021978,0.260989010989011,6.524849884636572,0,,0.6043956043956044,0.3956043956043956,-10.72991429140997,364,0.24175824175824176,0.8846153846153846,0,,0.5604395604395604,0.43956043956043955,2.903268718685354
695734,"Lile, Daylen",2026,"FF","Nationals","L","1.032579442",0.024930747922437674,0.18282548476454294,0.12742382271468145,-5.9783315131209624,0.8005540166204986,0.07202216066481995,5.560200930211423,0.0110803324099723,12.343106259518787,0.7700831024930748,0.2188365650969529,-9.651469755887438,361,0.23822714681440443,0.9141274238227147,0.008310249307479225,-6.080797229560634,0.44598337950138506,0.5457063711911357,2.9841392421838937
650333,"Arraez, Luis",2026,"FF","zMLB","L","0.662302704",0.016713091922005572,0.40947075208913647,0.025069637883008356,-4.670434370765062,0.8635097493036211,0.11142061281337047,5.331877233476424,0,,0.8495821727019499,0.15041782729805014,-9.192310928675901,359,0.08913649025069638,0.8885793871866295,0,,0.6267409470752089,0.3732590529247911,2.761016856743045
701538,"Merrill, Jackson",2026,"FF","Padres","L","0.940429237",0.061971830985915494,0.2084507042253521,0.05070422535211268,-5.8031525828097354,0.7859154929577464,0.16338028169014085,6.937841839464388,0.005633802816901409,7.8028528008098075,0.7746478873239436,0.21971830985915494,-10.46554607368149,355,0.3295774647887324,0.8816901408450705,0.005633802816901409,-3.9934769684130673,0.4788732394366197,0.5154929577464789,3.0535131316486384
681624,"Pages, Andy",2026,"FF","Dodgers","R","1.038914142",0.04871060171919771,0.2349570200573066,0.11461318051575932,-5.501637558560156,0.7793696275071633,0.10601719197707736,6.872294240585063,0.0028653295128939827,7.711335180837673,0.7077363896848138,0.28939828080229224,-10.257392486918565,349,0.21203438395415472,0.9369627507163324,0.008595988538681949,-2.4130278205741265,0.4670487106017192,0.5243553008595988,3.0606920783550526
650489,"Castro, Willi",2026,"FF","Rockies","S","1.015093278",0.04310344827586207,0.15804597701149425,0.11206896551724138,-5.6241417282565305,0.7873563218390804,0.10057471264367816,6.186286686003051,0,,0.6293103448275862,0.3706896551724138,-10.453754555378113,348,0.28160919540229884,0.8908045977011494,0.008620689655172414,-4.081689562815803,0.5,0.49137931034482757,3.0859441775380065
621566,"Olson, Matt",2026,"FF","Braves","L","0.888940364",0.06358381502890173,0.23121387283236994,0.04046242774566474,-5.743901998206105,0.7745664739884393,0.18497109826589594,7.787912937897933,0.014450867052023121,8.022360908329949,0.7398843930635838,0.24566473988439305,-10.616493340714493,346,0.2658959537572254,0.9104046242774566,0.005780346820809248,-2.450074280276188,0.523121387283237,0.47109826589595377,2.8614773081160987
695657,"Montgomery, Colson",2026,"FF","White Sox","L","1.188808936",0.06358381502890173,0.14739884393063585,0.2514450867052023,-5.853863027937135,0.6820809248554913,0.06647398843930635,8.99222381510928,0.008670520231213872,8.798098067813095,0.6734104046242775,0.3179190751445087,-11.090876674566763,346,0.3554913294797688,0.8641618497109826,0.011560693641618497,-3.7832502659416125,0.5433526011560693,0.44508670520231214,3.3421927352170147
682985,"Greene, Riley",2026,"FF","Tigers","L","1.123367726",0.043478260869565216,0.2028985507246377,0.11594202898550725,-5.657888284131845,0.7681159420289855,0.11594202898550725,7.439073403195231,0.008695652173913044,8.618930478150638,0.7275362318840579,0.263768115942029,-10.197405198355291,345,0.24057971014492754,0.8753623188405797,0.017391304347826087,-2.3466961050163224,0.5942028985507246,0.3884057971014493,3.0603464269015905
605137,"Bell, Josh",2026,"FF","Twins","S","1.466557761",0.0463768115942029,0.25507246376811593,0.08115942028985507,-5.027192427069399,0.8028985507246377,0.11594202898550725,6.952663005190065,0.011594202898550725,8.89500311338763,0.7275362318840579,0.2608695652173913,-10.386677635571754,345,0.21739130434782608,0.9333333333333333,0.002898550724637681,-2.0880456737841278,0.5014492753623189,0.4956521739130435,3.0858596356422487
663728,"Raleigh, Cal",2026,"FF","Mariners","S","1.01226421",0.04941860465116279,0.1569767441860465,0.13662790697674418,-5.921293072421673,0.811046511627907,0.05232558139534884,6.40373303566756,0.011627906976744186,8.043556157143522,0.6802325581395349,0.3081395348837209,-11.408797801486855,344,0.30523255813953487,0.9215116279069767,0.02616279069767442,-4.512899988070055,0.5755813953488372,0.39825581395348836,3.124992571183015
691718,"Crow-Armstrong, Pete",2026,"FF","Cubs","L","1.336348557",0.03812316715542522,0.21407624633431085,0.21994134897360704,-5.981970330238834,0.7214076246334311,0.05865102639296188,6.217183679183099,0.020527859237536656,9.190096813356737,0.7653958944281525,0.21407624633431085,-10.55792699066439,341,0.25219941348973607,0.9589442815249267,0.01466275659824047,-2.705605222289132,0.5454545454545454,0.4398826979472141,3.175208184014907
683083,"Nuñez, Nasim",2026,"FF","Nationals","S","0.749874095",0.026392961876832845,0.24926686217008798,0.06158357771260997,-4.88910359029658,0.8152492668621701,0.12316715542521994,6.535881486286775,0.005865102639296188,9.37425201267245,0.8123167155425219,0.18181818181818182,-10.604450935605774,341,0.19941348973607037,0.9384164222873901,0.005865102639296188,-4.32700270272361,0.5689149560117303,0.4252199413489736,2.80482407132166
702284,"Young, Cole",2026,"FF","Mariners","L","0.893869245",0.01466275659824047,0.25513196480938416,0.05571847507331378,-5.2984371065514875,0.8621700879765396,0.08211143695014662,6.402227638266794,0.005865102639296188,10.065073839252273,0.7888563049853372,0.20527859237536658,-10.132021016878783,341,0.16422287390029325,0.8973607038123167,0.002932551319648094,-2.1735008221282293,0.41055718475073316,0.5865102639296188,2.8691035366666275
607043,"Nimmo, Brandon",2026,"FF","Rangers","L","0.871439397",0.029498525073746312,0.24188790560471976,0.05604719764011799,-6.158711516438993,0.7640117994100295,0.17994100294985252,6.45048099487833,0.032448377581120944,8.825266684998505,0.7610619469026548,0.20648967551622419,-10.686969639601651,339,0.21238938053097345,0.8702064896755162,0.035398230088495575,-3.4729440758708146,0.5486725663716814,0.415929203539823,2.927281170640605
678246,"Vargas, Miguel",2026,"FF","White Sox","R","0.745852393",0.011869436201780416,0.26409495548961426,0.06528189910979229,-5.001478517238044,0.8961424332344213,0.03857566765578635,6.6965762011825385,0.020771513353115726,9.306695217780236,0.7922848664688428,0.18694362017804153,-10.153769574471514,337,0.2551928783382789,0.9673590504451038,0.01483679525222552,-2.7721190592722382,0.599406528189911,0.3857566765578635,2.869406888071485
665019,"Clemens, Kody",2026,"FF","Twins","L","0.719051576",0.041791044776119404,0.27761194029850744,0.05373134328358209,-5.167084253669714,0.8537313432835821,0.09253731343283582,5.644977009330039,0.0029850746268656717,16.46964481600687,0.7791044776119403,0.21791044776119403,-10.10718312502379,335,0.2537313432835821,0.9194029850746268,0.005970149253731343,-2.8919480292092263,0.591044776119403,0.40298507462686567,2.9425239682469084
664023,"Happ, Ian",2026,"FF","Cubs","S","1.255898272",0.03333333333333333,0.1696969696969697,0.08484848484848485,-5.118976365962772,0.793939393939394,0.12121212121212122,6.259472709646083,0.00909090909090909,8.944200132994055,0.7090909090909091,0.2818181818181818,-10.22589498213018,330,0.2878787878787879,0.9030303030303031,0.006060606060606061,-2.0927735951443363,0.36363636363636365,0.6303030303030303,3.3166366694488185
666182,"Bichette, Bo",2026,"FF","Mets","R","0.882259713",0.057750759878419454,0.1033434650455927,0.030395136778115502,-5.498212470275913,0.6200607902735562,0.3495440729483283,6.666493523430495,0.00911854103343465,8.815750407105721,0.5531914893617021,0.4376899696048632,-11.237698092173549,329,0.14285714285714285,0.8328267477203647,0,,0.2765957446808511,0.723404255319149,2.9644216617875747
683737,"Busch, Michael",2026,"FF","Cubs","L","1.112568045",0.01529051987767584,0.3486238532110092,0.04892966360856269,-4.955167492915541,0.8623853211009175,0.08868501529051988,7.07800434787643,0.01529051987767584,7.936728490861521,0.7247706422018348,0.2599388379204893,-10.610366432593073,327,0.1345565749235474,0.8899082568807339,0.024464831804281346,-2.9929664217353116,0.5718654434250765,0.4036697247706422,2.964799848535421
678662,"Tovar, Ezequiel",2026,"FF","Rockies","R","1.060615568",0.05263157894736842,0.14860681114551083,0.0804953560371517,-5.762409937100069,0.8111455108359134,0.10835913312693499,8.07732675236687,0,,0.5541795665634675,0.4458204334365325,-10.978242135643164,323,0.29102167182662536,0.8575851393188855,0,,0.4179566563467492,0.5820433436532507,3.1355905636192256
650490,"Díaz, Yandy",2026,"FF","Rays","R","0.671152907",0.018633540372670808,0.2236024844720497,0.062111801242236024,-5.312427009912497,0.8198757763975155,0.11801242236024845,6.766601690324313,0.006211180124223602,11.997398524428815,0.7546583850931677,0.2391304347826087,-9.902234687449567,322,0.1956521739130435,0.906832298136646,0.003105590062111801,-2.574066484486801,0.6925465838509317,0.30434782608695654,2.741779046854089
678882,"Rafaela, Ceddanne",2026,"FF","Red Sox","R","0.731173776",0.06542056074766354,0.16822429906542055,0.06853582554517133,-5.759143294202369,0.7414330218068536,0.19003115264797507,7.192736520978564,0.009345794392523364,8.168259650102321,0.5046728971962616,0.48598130841121495,-11.316968801110573,321,0.26479750778816197,0.8753894080996885,0.006230529595015576,-4.1946206897936875,0.6012461059190031,0.3925233644859813,2.9116352173346893
701807,"Benge, Carson",2026,"FF","Mets","L","0.975359204",0.0529595015576324,0.19626168224299065,0.06542056074766354,-5.203543090741652,0.778816199376947,0.1557632398753894,6.52471635998327,0.006230529595015576,8.353837148110898,0.5638629283489096,0.42990654205607476,-10.478519987635236,321,0.17133956386292834,0.8847352024922118,0.009345794392523364,-3.4162743308100665,0.5514018691588785,0.4392523364485981,2.877565370084003
682998,"Carroll, Corbin",2026,"FF","Diamondbacks","L","1.08185423",0.0529595015576324,0.2336448598130841,0.059190031152647975,-5.718858544626365,0.8348909657320872,0.1059190031152648,6.70026177377301,0.003115264797507788,12.06519621938839,0.6448598130841121,0.35202492211838005,-10.56918725047619,321,0.3302180685358255,0.9283489096573209,0,,0.43302180685358255,0.5669781931464174,3.225461002618248
666176,"Adell, Jo",2026,"FF","zMLB","R","1.254823923",0.034482758620689655,0.16927899686520376,0.10344827586206896,-5.482400559152196,0.7554858934169278,0.14106583072100312,5.663967925556046,0.012539184952978056,9.158880290614965,0.7617554858934169,0.22570532915360503,-9.840460928910732,319,0.23824451410658307,0.9467084639498433,0,,0.3573667711598746,0.6426332288401254,3.1782282690284998
680776,"Duran, Jarren",2026,"FF","Red Sox","L","1.170557308",0.056962025316455694,0.16139240506329114,0.12658227848101267,-5.953331723907318,0.7816455696202531,0.09177215189873418,6.9932932202936495,0.00949367088607595,8.374478732694508,0.7341772151898734,0.2563291139240506,-10.196120163951752,316,0.34810126582278483,0.9050632911392406,0.006329113924050633,-5.840850455349996,0.37658227848101267,0.6170886075949367,3.253115090619182
656775,"Mullins, Cedric",2026,"FF","Rays","L","0.941414749",0.03184713375796178,0.2611464968152866,0.03503184713375796,-5.067899261549607,0.9044585987261147,0.06050955414012739,5.774278855183351,0.009554140127388535,8.288825641318885,0.7866242038216561,0.20382165605095542,-9.74219612169125,314,0.2515923566878981,0.9267515923566879,0.009554140127388535,-2.773782006085154,0.4585987261146497,0.5318471337579618,3.123237171850812
643289,"Dubón, Mauricio",2026,"FF","Braves","R","0.763283985",0.022292993630573247,0.19745222929936307,0.08598726114649681,-5.414885372423015,0.8248407643312102,0.08917197452229299,5.758407191762337,0.006369426751592357,7.8120134255008615,0.7261146496815286,0.267515923566879,-10.309905256984097,314,0.14012738853503184,0.9203821656050956,0,,0.4840764331210191,0.5159235668789809,2.8834358903759636
663656,"Tucker, Kyle",2026,"FF","Dodgers","L","0.823632146",0.01597444089456869,0.2971246006389776,0.06389776357827476,-5.885908390578767,0.853035143769968,0.08306709265175719,6.513117050596053,0.009584664536741214,8.966285385149346,0.8306709265175719,0.1597444089456869,-10.092903760392936,313,0.21405750798722045,0.9169329073482428,0.006389776357827476,-2.942659139951548,0.5399361022364217,0.4536741214057508,2.930051457204402
683002,"Henderson, Gunnar",2026,"FF","Orioles","L","0.712741481",0.02572347266881029,0.2282958199356913,0.08038585209003216,-4.960370977357782,0.8488745980707395,0.0707395498392283,6.142043719419062,0.003215434083601286,7.0614098312981115,0.6237942122186495,0.3729903536977492,-9.986442757895167,311,0.1864951768488746,0.9163987138263665,0.00964630225080386,-2.3807390039296363,0.5562700964630225,0.4340836012861736,2.7619147197575953
663993,"Lowe, Nathaniel",2026,"FF","zMLB","L","1.46179845",0.03858520900321544,0.21864951768488747,0.15755627009646303,-5.709161860414507,0.7620578778135049,0.08038585209003216,8.427098202120911,0,,0.7202572347266881,0.2797427652733119,-10.152385986175291,311,0.18971061093247588,0.9003215434083601,0.003215434083601286,-2.8533249266350276,0.5337620578778135,0.4630225080385852,3.1039859244775636
805808,"McGonigle, Kevin",2026,"FF","Tigers","L","0.767352773",0.01935483870967742,0.33548387096774196,0.0935483870967742,-5.451935916659815,0.8612903225806452,0.04516129032258064,5.480863452460717,0,,0.8096774193548387,0.19032258064516128,-9.486695449280958,310,0.11935483870967742,0.9225806451612903,0.01935483870967742,-2.2871956285914408,0.7451612903225806,0.23548387096774193,2.813402579295716
663586,"Riley, Austin",2026,"FF","Braves","R","1.613725393",0.08414239482200647,0.13915857605177995,0.045307443365695796,-6.210384337312363,0.7443365695792881,0.21035598705501618,7.5701737537977065,0.006472491909385114,9.156244625249453,0.6181229773462783,0.37540453074433655,-11.31329635169789,309,0.3300970873786408,0.8932038834951457,0.003236245954692557,-2.8423964838557505,0.2686084142394822,0.7281553398058253,3.5776187536079678
669016,"Marsh, Brandon",2026,"FF","Phillies","L","0.86272381",0.04220779220779221,0.262987012987013,0.06493506493506493,-5.234173413092698,0.801948051948052,0.1331168831168831,6.8889922866335755,0.00974025974025974,8.046940263469029,0.7175324675324676,0.2727272727272727,-10.32773508031473,308,0.16883116883116883,0.8766233766233766,0,,0.5681818181818182,0.4318181818181818,2.8921527952857207
624413,"Alonso, Pete",2026,"FF","Orioles","R","0.990186103",0.06514657980456026,0.21172638436482086,0.0781758957654723,-5.526795842604371,0.7915309446254072,0.13029315960912052,7.543106501354665,0.003257328990228013,7.859326607700131,0.6026058631921825,0.3941368078175896,-10.135711132392492,307,0.254071661237785,0.9120521172638436,0.003257328990228013,-2.312541783306503,0.6710097719869706,0.3257328990228013,3.212850759720006
521692,"Perez, Salvador",2026,"FF","Royals","R","1.467408587",0.049019607843137254,0.21568627450980393,0.05555555555555555,-6.132948524337998,0.7679738562091504,0.17647058823529413,6.31100508723,0.016339869281045753,8.878561282372527,0.6666666666666666,0.31699346405228757,-10.692187618263077,306,0.22875816993464052,0.9117647058823529,0.0032679738562091504,-2.068857431143745,0.46405228758169936,0.5326797385620915,3.2595543317650484
802139,"Wetherholt, JJ",2026,"FF","Cardinals","L","0.765315698",0.026402640264026403,0.31683168316831684,0.052805280528052806,-5.954280158936791,0.8547854785478548,0.0924092409240924,5.984977943803319,0.009900990099009901,8.984774763618466,0.8217821782178217,0.16831683168316833,-10.443136194050545,303,0.21122112211221122,0.9405940594059405,0.009900990099009901,-2.9683080724787603,0.7128712871287128,0.27722772277227725,3.0185235031188498
660271,"Ohtani, Shohei",2026,"FF","Dodgers","L","0.927005732",0.019867549668874173,0.22847682119205298,0.08278145695364239,-5.437499776040875,0.8377483443708609,0.07947019867549669,6.220876760448666,0.006622516556291391,9.213658587830016,0.7086092715231788,0.2847682119205298,-9.887722629139025,302,0.2682119205298013,0.9403973509933775,0.009933774834437087,-2.754582762018794,0.5331125827814569,0.45695364238410596,3.083116231309443
572233,"Walker, Christian",2026,"FF","Astros","R","1.13127924",0.04304635761589404,0.1423841059602649,0.08278145695364239,-6.180316844381418,0.7880794701986755,0.1291390728476821,6.350668557566538,0.006622516556291391,7.129091114678746,0.6788079470198676,0.31456953642384106,-9.968894225764988,302,0.31125827814569534,0.9337748344370861,0.009933774834437087,-8.951991199518258,0.3509933774834437,0.6390728476821192,3.0858360323504286
691026,"Winn, Masyn",2026,"FF","Cardinals","R","0.928036365",0.037037037037037035,0.26262626262626265,0.026936026936026935,-4.7494157131507135,0.7710437710437711,0.20202020202020202,6.805646897960876,0.010101010101010102,12.427145141829358,0.7272727272727273,0.26262626262626265,-10.374562157783227,297,0.21548821548821548,0.9023569023569024,0.003367003367003367,-6.628291841667162,0.6767676767676768,0.31986531986531985,2.7571924305170197
645277,"Albies, Ozzie",2026,"FF","Braves","S","1.315424723",0.033783783783783786,0.22972972972972974,0.1891891891891892,-6.159190826184399,0.7567567567567568,0.05405405405405406,6.278489355294377,0.006756756756756757,8.636757830813632,0.8040540540540541,0.1891891891891892,-10.14644129704766,296,0.20270270270270271,0.9358108108108109,0.013513513513513514,-3.5459029781561933,0.6621621621621622,0.32432432432432434,3.296800945619891
672695,"Perdomo, Geraldo",2026,"FF","Diamondbacks","S","0.850609863",0.016891891891891893,0.2905405405405405,0.14527027027027026,-5.266953129639417,0.7972972972972973,0.057432432432432436,5.764889917005288,0.013513513513513514,8.460042644313592,0.7567567567567568,0.22972972972972974,-10.03612558324569,296,0.11148648648648649,0.875,0.006756756756756757,-2.58355423309464,0.6554054054054054,0.33783783783783783,2.786607274106005
592518,"Machado, Manny",2026,"FF","Padres","R","0.737723569",0.05405405405405406,0.2635135135135135,0.030405405405405407,-5.175661943546778,0.7972972972972973,0.17229729729729729,6.206005661693085,0.010135135135135136,9.439005224412657,0.7398648648648649,0.25,-10.540116377048635,296,0.25,0.9054054054054054,0,,0.6182432432432432,0.38175675675675674,2.857454170751211
701675,"Church, Nathan",2026,"FF","Cardinals","L","1.226999955",0.017006802721088437,0.1326530612244898,0.02040816326530612,-5.510422920608596,0.8435374149659864,0.1360544217687075,6.304056894988247,0,,0.6258503401360545,0.3741496598639456,-10.091709453136824,294,0.22108843537414966,0.8605442176870748,0,,0.2653061224489796,0.7346938775510204,3.183351145118715
802415,"Simpson, Chandler",2026,"FF","Rays","L","0.790749854",0.013651877133105802,0.45051194539249145,0.013651877133105802,-4.615983968310335,0.7713310580204779,0.2150170648464164,5.704626620670635,0.010238907849829351,7.999619176063118,0.9044368600682594,0.08532423208191127,-9.083952769812937,293,0.040955631399317405,0.9249146757679181,0.013651877133105802,-2.7339145662527757,0.7781569965870307,0.20819112627986347,2.5812558864427935
686555,"Collins, Isaac",2026,"FF","Royals","S","0.738392586",0.0136986301369863,0.3013698630136986,0.09931506849315068,-5.149977457505039,0.821917808219178,0.07876712328767123,5.920236345933994,0.010273972602739725,9.230386345106272,0.839041095890411,0.1506849315068493,-9.441566578172504,292,0.1541095890410959,0.9315068493150684,0.0136986301369863,-2.639174126546726,0.5547945205479452,0.4315068493150685,2.7296034549047925
695600,"Jensen, Carter",2026,"FF","Royals","L","1.456367028",0.05136986301369863,0.1506849315068493,0.04794520547945205,-5.13492251467469,0.7705479452054794,0.1815068493150685,6.794608808599042,0.00684931506849315,7.608538089565595,0.6301369863013698,0.363013698630137,-10.603293956226983,292,0.3082191780821918,0.9143835616438356,0.0136986301369863,-5.462259004016822,0.273972602739726,0.7123287671232876,3.2489855602261413
681198,"Rumfield, TJ",2026,"FF","Rockies","L","0.723764066",0.03103448275862069,0.22413793103448276,0.18275862068965518,-5.753211229744907,0.7344827586206897,0.08275862068965517,7.255372111332984,0.006896551724137931,8.756784323418485,0.6517241379310345,0.3413793103448276,-11.04468656101889,290,0.13793103448275862,0.903448275862069,0.0034482758620689655,-2.157659454634194,0.6413793103448275,0.35517241379310344,2.7821137143913313
663538,"Hoerner, Nico",2026,"FF","Cubs","R","0.601486034",0.010344827586206896,0.3931034482758621,0.08620689655172414,-6.382424157524349,0.7827586206896552,0.1310344827586207,6.636637247845036,0.017241379310344827,8.320415378368832,0.8,0.18275862068965518,-9.987017220980258,290,0.07241379310344828,0.9482758620689655,0,,0.7793103448275862,0.2206896551724138,2.5914741784700777
683146,"Baty, Brett",2026,"FF","Mets","L","0.98777548",0.03832752613240418,0.21254355400696864,0.13588850174216027,-5.475826069544071,0.759581881533101,0.10452961672473868,5.9394479465506835,0.017421602787456445,8.359931665941994,0.7979094076655052,0.18466898954703834,-10.194748617910335,287,0.24390243902439024,0.9512195121951219,0.013937282229965157,-2.3879016090708616,0.6062717770034843,0.3797909407665505,3.0950345781721573
677587,"Rocchio, Brayan",2026,"FF","Guardians","S","0.889343399",0.024390243902439025,0.24390243902439024,0.09059233449477352,-5.161931884609545,0.818815331010453,0.09059233449477352,6.4469901574792114,0.006968641114982578,8.84170147151429,0.7142857142857143,0.2787456445993031,-10.590371135361261,287,0.1672473867595819,0.9128919860627178,0.006968641114982578,-2.531617059927571,0.5087108013937283,0.4843205574912892,2.9912656662650923
677649,"Duran, Ezequiel",2026,"FF","Rangers","R","1.154665804",0.06993006993006994,0.1888111888111888,0.05944055944055944,-4.8737899750738745,0.7482517482517482,0.19230769230769232,7.7173696664499,0.006993006993006993,8.644562961095444,0.6713286713286714,0.32167832167832167,-10.70080334260939,286,0.2937062937062937,0.9300699300699301,0.0034965034965034965,-2.049608529365005,0.4160839160839161,0.5804195804195804,3.1566623947875
682928,"Abrams, CJ",2026,"FF","Nationals","L","0.960098635",0.03496503496503497,0.22377622377622378,0.13986013986013987,-5.4142746195420735,0.7902097902097902,0.06993006993006994,7.091261707358344,0.02097902097902098,8.879581739248945,0.7412587412587412,0.23776223776223776,-11.679178472996062,286,0.25524475524475526,0.8671328671328671,0.006993006993006993,-2.6238276424479605,0.5769230769230769,0.4160839160839161,3.180909832993928
662139,"Varsho, Daulton",2026,"FF","zMLB","L","0.994747819",0.028070175438596492,0.21403508771929824,0.07017543859649122,-5.203778994133353,0.8456140350877193,0.08421052631578947,6.389788389883821,0.007017543859649123,8.504103093009505,0.6736842105263158,0.3192982456140351,-9.897486976766414,285,0.22456140350877193,0.9228070175438596,0.007017543859649123,-2.3215695050183163,0.42105263157894735,0.5719298245614035,2.9801148444922823
575929,"Contreras, Willson",2026,"FF","Red Sox","R","1.163839057",0.056140350877192984,0.16140350877192983,0.22456140350877193,-6.289160318082791,0.6631578947368421,0.11228070175438597,8.815954627195687,0.04912280701754386,9.862581779724048,0.7614035087719299,0.18947368421052632,-11.715620414462736,285,0.2912280701754386,0.887719298245614,0.0035087719298245615,-8.476830201171502,0.5894736842105263,0.4070175438596491,3.1711046164559664
681082,"Stott, Bryson",2026,"FF","Phillies","L","0.836969594",0.042105263157894736,0.28421052631578947,0.031578947368421054,-5.432618535420941,0.7964912280701755,0.17192982456140352,6.239759922781947,0.056140350877192984,9.61371011690272,0.8070175438596491,0.1368421052631579,-9.552437026365276,285,0.20350877192982456,0.9438596491228071,0.010526315789473684,-2.495610939224058,0.6842105263157895,0.30526315789473685,2.881998698169707
668227,"Arozarena, Randy",2026,"FF","Mariners","R","0.966486354",0.08421052631578947,0.18947368421052632,0.07368421052631578,-5.659568977352247,0.7964912280701755,0.12982456140350876,7.111182825591989,0.017543859649122806,8.782135451611811,0.5263157894736842,0.45614035087719296,-11.656316283274837,285,0.32280701754385965,0.8982456140350877,0.010526315789473684,-2.773156522446178,0.44912280701754387,0.5403508771929825,3.038378264682593
668804,"Reynolds, Bryan",2026,"FF","Pirates","S","1.343032457",0.0880281690140845,0.2676056338028169,0.06338028169014084,-6.451648645555582,0.7535211267605634,0.18309859154929578,7.553343869682804,0.0035211267605633804,8.711082095456398,0.6549295774647887,0.3415492957746479,-10.590157374210385,284,0.20774647887323944,0.9119718309859155,0.03169014084507042,-2.587331416760159,0.6056338028169014,0.3626760563380282,3.1808596929502655
663968,"Mangum, Jake",2026,"FF","Pirates","S","1.066058901",0.1056338028169014,0.15492957746478872,0.02464788732394366,-5.8011023664300705,0.721830985915493,0.2535211267605634,7.7037164208035875,0.007042253521126761,11.017823580032466,0.5528169014084507,0.44014084507042256,-11.018267109889528,284,0.23943661971830985,0.8661971830985915,0.0035211267605633804,-2.4640460283745145,0.4507042253521127,0.545774647887324,3.0971309193315575
687263,"Neto, Zach",2026,"FF","Angels","R","1.492050583",0.04964539007092199,0.2730496453900709,0.03900709219858156,-5.700827423915098,0.8368794326241135,0.12411347517730496,6.877321979246617,0.024822695035460994,8.038778016414609,0.7659574468085106,0.20921985815602837,-10.215925078815035,282,0.2127659574468085,0.8971631205673759,0.031914893617021274,-2.666744919777137,0.574468085106383,0.39361702127659576,3.354813995807511
670541,"Alvarez, Yordan",2026,"FF","Astros","L","0.893197682",0.0071174377224199285,0.2313167259786477,0.042704626334519574,-5.067438466964965,0.9110320284697508,0.046263345195729534,5.829072184368659,0,,0.7508896797153025,0.2491103202846975,-9.723705894177938,281,0.18505338078291814,0.9323843416370107,0,,0.3594306049822064,0.6405693950177936,3.017813952362616
701398,"Stewart, Sal",2026,"FF","Reds","R","1.018644763",0.09285714285714286,0.175,0.039285714285714285,-6.086748115039261,0.7571428571428571,0.20357142857142857,7.573976260038101,0.010714285714285714,7.601956025981957,0.6607142857142857,0.32857142857142857,-10.459923288246484,280,0.3678571428571429,0.925,0.010714285714285714,-3.9693125328656986,0.44285714285714284,0.5464285714285714,3.105081805363062
805300,"Marsee, Jakob",2026,"FF","Marlins","L","1.074867808",0.017921146953405017,0.25089605734767023,0.1039426523297491,-5.528035678078962,0.8064516129032258,0.08960573476702509,5.606078364563174,0.010752688172043012,7.881391988737978,0.8315412186379928,0.15770609318996415,-9.673205788606106,279,0.0967741935483871,0.956989247311828,0.007168458781362007,-6.032895223728788,0.4731182795698925,0.5197132616487455,2.772716807989336
642715,"Adames, Willy",2026,"FF","Giants","R","1.289268961",0.025089605734767026,0.22939068100358423,0.14336917562724014,-5.836217790336156,0.7562724014336918,0.1003584229390681,6.946008971088658,0.007168458781362007,8.116770748418054,0.7956989247311828,0.1971326164874552,-9.93478985391523,279,0.25448028673835127,0.953405017921147,0.017921146953405017,-2.5932025136217614,0.48028673835125446,0.5017921146953405,3.2646400245947795
608324,"Bregman, Alex",2026,"FF","Cubs","R","1.013198041",0.014388489208633094,0.35611510791366907,0.050359712230215826,-4.710988444100203,0.8165467625899281,0.13309352517985612,5.928802096098248,0.02877697841726619,8.201366802140148,0.7949640287769785,0.17625899280575538,-10.119310051129697,278,0.10071942446043165,0.8920863309352518,0.007194244604316547,-2.3774485857984873,0.7733812949640287,0.21942446043165467,2.891182360542832
669364,"Edwards, Xavier",2026,"FF","Marlins","S","0.939241191",0.010830324909747292,0.2924187725631769,0.007220216606498195,-5.393995463188029,0.8014440433212996,0.19133574007220217,5.698570507960028,0.010830324909747292,8.66319589655168,0.8339350180505415,0.1552346570397112,-9.055259813659882,277,0.1299638989169675,0.8592057761732852,0,,0.45126353790613716,0.5487364620938628,2.916882751536543
665926,"Giménez, Andrés",2026,"FF","Blue Jays","L","0.674763636",0.050724637681159424,0.18478260869565216,0.07608695652173914,-5.069287558434826,0.7391304347826086,0.18478260869565216,6.491308874867798,0.010869565217391304,7.714181318967844,0.6884057971014492,0.3007246376811594,-10.474905547238855,276,0.2644927536231884,0.8731884057971014,0.007246376811594203,-2.5922288165464864,0.5833333333333334,0.40942028985507245,2.7893206677328735
702222,"Crawford, Justin",2026,"FF","Phillies","L","0.951923315",0.05474452554744526,0.22262773722627738,0.014598540145985401,-5.236516904610406,0.7554744525547445,0.22992700729927007,6.918437577792334,0,,0.708029197080292,0.291970802919708,-9.8946590224837,274,0.1897810218978102,0.8941605839416058,0.0036496350364963502,-2.375740349148805,0.5109489051094891,0.4854014598540146,3.0534775101716964
665862,"Chisholm Jr., Jazz",2026,"FF","Yankees","L","0.973499408",0.014705882352941176,0.23897058823529413,0.09926470588235294,-5.380710742792793,0.8161764705882353,0.08455882352941177,5.9817562826901725,0.04779411764705882,8.849774590479939,0.8125,0.13970588235294118,-10.425788051626087,272,0.21691176470588236,0.9301470588235294,0.0625,-2.852816722994654,0.6102941176470589,0.3272058823529412,3.028914644901167
696100,"Goodman, Hunter",2026,"FF","Rockies","R","1.261900411",0.05514705882352941,0.14338235294117646,0.08455882352941177,-5.851163040738251,0.7647058823529411,0.15073529411764705,6.564637863295522,0.007352941176470588,8.093061987988488,0.6580882352941176,0.33455882352941174,-10.3834401344324,272,0.3125,0.8786764705882353,0.014705882352941176,-2.8938390521238997,0.29411764705882354,0.6911764705882353,3.250429645009742
671056,"Herrera, Iván",2026,"FF","Cardinals","R","1.085146854",0.03308823529411765,0.20588235294117646,0.20220588235294118,-5.971590762905404,0.6875,0.11029411764705882,6.840820279832583,0.10294117647058823,9.494002422651658,0.6176470588235294,0.27941176470588236,-11.375084899057649,272,0.13970588235294118,0.8897058823529411,0.014705882352941176,-3.4529296855246794,0.7058823529411765,0.27941176470588236,2.84471308140025
680757,"Kwan, Steven",2026,"FF","Guardians","L","1.369096861",0.01107011070110701,0.2656826568265683,0.02952029520295203,-5.66130344094746,0.8856088560885609,0.08487084870848709,5.841503062749209,0.01107011070110701,8.320279032730811,0.7453874538745388,0.24354243542435425,-9.488852159647983,271,0.04428044280442804,0.8634686346863468,0.0036900369003690036,-4.8026154801698855,0.4059040590405904,0.5904059040590406,2.7535757165468113
805367,"Meidroth, Chase",2026,"FF","White Sox","R","0.9997505",0.05185185185185185,0.28888888888888886,0.003703703703703704,-7.970538273956773,0.7925925925925926,0.2037037037037037,6.179647482406933,0.03333333333333333,9.925789924043558,0.7777777777777778,0.18888888888888888,-9.852951783750104,270,0.16666666666666666,0.9333333333333333,0.025925925925925925,-2.2659397201500133,0.5370370370370371,0.43703703703703706,2.943612584234901
676609,"Caballero, José",2026,"FF","Yankees","R","1.327827815",0.04460966542750929,0.13382899628252787,0.1412639405204461,-6.658422346817525,0.7472118959107806,0.11152416356877323,5.566237464617659,0,,0.516728624535316,0.483271375464684,-10.597259647406087,269,0.3159851301115242,0.9405204460966543,0,,0.3680297397769517,0.6319702602230484,3.1225209032834034
676475,"Burleson, Alec",2026,"FF","Cardinals","L","0.885139113",0.05970149253731343,0.27611940298507465,0.07835820895522388,-5.912816085226571,0.7686567164179104,0.15298507462686567,6.454639539142198,0.011194029850746268,8.349317669364499,0.7126865671641791,0.27611940298507465,-11.872938050326303,268,0.22014925373134328,0.8843283582089553,0.014925373134328358,-2.6630454531026455,0.6380597014925373,0.34701492537313433,3.0988658903912127
800050,"DeLauter, Chase",2026,"FF","Guardians","L","0.731904511",0.018796992481203006,0.31954887218045114,0.08646616541353383,-6.294638659478276,0.8383458646616542,0.07518796992481203,7.0859788980161085,0.007518796992481203,9.438832426333628,0.8007518796992481,0.19172932330827067,-9.899912540843781,266,0.16165413533834586,0.9323308270676691,0.007518796992481203,-3.3383551549932626,0.5263157894736842,0.46616541353383456,2.771892347469597
664761,"Bohm, Alec",2026,"FF","Phillies","R","0.91933351",0.03007518796992481,0.2631578947368421,0.045112781954887216,-4.986417653960455,0.8195488721804511,0.13533834586466165,7.010224171498612,0.011278195488721804,7.798146367930077,0.6278195488721805,0.3609022556390977,-10.047671296963873,266,0.15789473684210525,0.8796992481203008,0.0037593984962406013,-2.021919934875592,0.5150375939849624,0.48120300751879697,2.9352673579533297
682829,"De La Cruz, Elly",2026,"FF","Reds","S","1.027505322",0.045627376425855515,0.30038022813688214,0.06844106463878327,-5.12970186196839,0.7870722433460076,0.1444866920152091,6.610015990638827,0.0076045627376425855,8.218729884779272,0.8022813688212928,0.19011406844106463,-10.2084148780101,263,0.19391634980988592,0.9163498098859315,0.022813688212927757,-2.5057131716671233,0.6083650190114068,0.3688212927756654,3.082785158707271
607208,"Turner, Trea",2026,"FF","Phillies","R","1.327576684",0.061068702290076333,0.19083969465648856,0.04961832061068702,-5.763315020679152,0.6908396946564885,0.2595419847328244,6.836783732361253,0.030534351145038167,8.178713882416975,0.6793893129770993,0.2900763358778626,-10.562413232253222,262,0.22137404580152673,0.9083969465648855,0.019083969465648856,-2.863048470154709,0.6679389312977099,0.31297709923664124,3.2233736922577023
808982,"Lee, Jung Hoo",2026,"FF","Giants","L","0.756539152",0.019157088122605363,0.30268199233716475,0.07662835249042145,-5.636860298584898,0.8275862068965517,0.09578544061302682,6.061043301511915,0.0038314176245210726,7.234925922434492,0.6934865900383141,0.30268199233716475,-11.017193709494773,261,0.10727969348659004,0.8850574712643678,0.0038314176245210726,-2.116317238936322,0.5325670498084292,0.46360153256704983,2.8528792974220822
686681,"Massey, Michael",2026,"FF","Royals","L","0.978808934",0.02681992337164751,0.32567049808429116,0.12643678160919541,-5.39373747047612,0.8160919540229885,0.05747126436781609,6.096916416770566,0.007662835249042145,8.885669393222155,0.8007662835249042,0.19157088122605365,-9.66177201799524,261,0.16475095785440613,0.8773946360153256,0.019157088122605363,-2.4404599984025888,0.6628352490421456,0.31800766283524906,2.9170840905797792
656941,"Schwarber, Kyle",2026,"FF","Phillies","L","1.187051968",0.05384615384615385,0.24615384615384617,0.1576923076923077,-5.576764579500842,0.75,0.09230769230769231,6.166231574593283,0.019230769230769232,8.187197939305047,0.7884615384615384,0.19230769230769232,-10.67267925188828,260,0.28076923076923077,0.9307692307692308,0.03461538461538462,-3.7382236606970167,0.6961538461538461,0.2692307692307692,3.2769229951867005
672960,"Okamoto, Kazuma",2026,"FF","Blue Jays","R","1.250468588",0.0694980694980695,0.25096525096525096,0.06563706563706563,-5.403000767652489,0.7644787644787645,0.16988416988416988,6.0442359138359105,0.007722007722007722,7.572110908253841,0.752895752895753,0.23938223938223938,-10.847885652963956,259,0.30115830115830117,0.9343629343629344,0.007722007722007722,-4.398644438515639,0.4555984555984556,0.5366795366795367,3.3098059153598616
663757,"Grisham, Trent",2026,"FF","Yankees","L","1.207623557",0.019305019305019305,0.3590733590733591,0.04633204633204633,-5.442698676367979,0.8301158301158301,0.12355212355212356,6.256614674829963,0.015444015444015444,9.706954042142826,0.8764478764478765,0.10810810810810811,-9.721915510675545,259,0.13127413127413126,0.915057915057915,0.015444015444015444,-2.897858135066479,0.5791505791505791,0.40540540540540543,2.961563361942842
677951,"Witt Jr., Bobby",2026,"FF","Royals","R","1.07004214",0.05019305019305019,0.17374517374517376,0.03088803088803089,-5.971270127340226,0.7722007722007722,0.1969111969111969,6.489095252608111,0.007722007722007722,8.096211055652521,0.6023166023166023,0.38996138996138996,-10.18564178718601,259,0.23552123552123552,0.8918918918918919,0.003861003861003861,-2.245445435425725,0.38223938223938225,0.6138996138996139,3.0684375356329445
641355,"Bellinger, Cody",2026,"FF","Yankees","L","0.801580999",0.05426356589147287,0.26744186046511625,0.08527131782945736,-4.968346352442866,0.8178294573643411,0.09689922480620156,6.1809126707320585,0,,0.624031007751938,0.375968992248062,-10.061675974956051,258,0.1937984496124031,0.8682170542635659,0.011627906976744186,-2.275115895928373,0.7015503875968992,0.2868217054263566,2.9073216379033004
683953,"Bazzana, Travis",2026,"FF","Guardians","L","0.949003208",0.03875968992248062,0.2751937984496124,0.08914728682170543,-5.776415603555343,0.7635658914728682,0.14728682170542637,5.601772315954062,0.007751937984496124,7.335307526940315,0.7170542635658915,0.2751937984496124,-10.059369835230859,258,0.18992248062015504,0.9496124031007752,0.007751937984496124,-5.074563395686266,0.6317829457364341,0.36046511627906974,2.912849077873135
606466,"Marte, Ketel",2026,"FF","Diamondbacks","S","1.045076241",0.011627906976744186,0.3178294573643411,0.17054263565891473,-5.291208921340219,0.7984496124031008,0.031007751937984496,5.031595502798229,0.015503875968992248,7.9351682243866595,0.748062015503876,0.2364341085271318,-10.305820075748034,258,0.12403100775193798,0.8798449612403101,0.007751937984496124,-3.1225812608486887,0.6472868217054264,0.3449612403100775,2.947340908430396
671732,"Butler, Lawrence",2026,"FF","Athletics","L","0.790957712",0.0622568093385214,0.19844357976653695,0.038910505836575876,-5.10146492132334,0.7665369649805448,0.19455252918287938,6.6026098521331,0.007782101167315175,8.019581170647823,0.6848249027237354,0.30739299610894943,-10.768006256703375,257,0.2801556420233463,0.9299610894941635,0,,0.5214007782101168,0.4785992217898833,2.8922801550974833
669065,"Stowers, Kyle",2026,"FF","Marlins","L","1.26778931",0.05058365758754864,0.2607003891050584,0.13618677042801555,-5.613419456002407,0.77431906614786,0.08949416342412451,7.742907662281626,0.019455252918287938,8.972190974783748,0.7626459143968871,0.2178988326848249,-10.381037003698061,257,0.30739299610894943,0.9260700389105059,0.019455252918287938,-3.526188981845069,0.5369649805447471,0.44357976653696496,3.3286254037951246
686948,"Baldwin, Drake",2026,"FF","Braves","L","0.869030044",0.046875,0.23046875,0.09375,-5.3304381955712605,0.796875,0.109375,7.51640463181973,0.00390625,8.27775121037279,0.7265625,0.26953125,-10.458480057874265,256,0.1953125,0.91796875,0.01953125,-2.5350298873692827,0.61328125,0.3671875,2.9915277724717035
669003,"Mitchell, Garrett",2026,"FF","Brewers","L","0.883830124",0.05859375,0.19140625,0.08203125,-6.030933415734362,0.78125,0.13671875,6.538882343381864,0.0078125,8.630694080828668,0.765625,0.2265625,-9.647977734732669,256,0.30078125,0.94140625,0.00390625,-2.2226884518604817,0.58984375,0.40625,3.0405787420709007
664040,"Lowe, Brandon",2026,"FF","Pirates","L","1.290056974",0.06640625,0.2265625,0.0390625,-5.311823305704682,0.8359375,0.125,9.671265688380295,0,,0.69921875,0.30078125,-11.157816561237894,256,0.3046875,0.92578125,0.01171875,-2.2704088645264795,0.5390625,0.44921875,3.312495676926757
664983,"McCarthy, Jake",2026,"FF","Rockies","L","0.722920779",0.015625,0.26171875,0.203125,-5.851270917786651,0.70703125,0.08984375,5.646945916575628,0.01171875,7.634703715835485,0.84375,0.14453125,-9.878997826186366,256,0.1484375,0.9375,0.0078125,-3.43107875060657,0.69921875,0.29296875,2.7577864163565144
686797,"Lee, Brooks",2026,"FF","Twins","S","1.59626771",0.043137254901960784,0.22745098039215686,0.09411764705882353,-5.359265950221166,0.792156862745098,0.11372549019607843,7.143996417724319,0.00784313725490196,7.744092544085754,0.7725490196078432,0.2196078431372549,-10.912685602236287,255,0.19215686274509805,0.9058823529411765,0.00392156862745098,-5.433775754612692,0.6039215686274509,0.39215686274509803,3.091563895089074
643446,"McNeil, Jeff",2026,"FF","Athletics","L","0.537036809",0.023529411764705882,0.2627450980392157,0.09411764705882353,-5.910800410203353,0.8509803921568627,0.054901960784313725,6.433015639901976,0,,0.7568627450980392,0.24313725490196078,-10.083281143770604,255,0.1568627450980392,0.9058823529411765,0.01568627450980392,-2.469557404874839,0.6274509803921569,0.3568627450980392,2.6674782403701602
679529,"Torkelson, Spencer",2026,"FF","Tigers","R","0.836392479",0.031496062992125984,0.28346456692913385,0.05905511811023622,-4.847754781247495,0.8149606299212598,0.12598425196850394,6.320632286741668,0,,0.8385826771653543,0.16141732283464566,-10.23355159563419,254,0.23622047244094488,0.905511811023622,0.007874015748031496,-2.2461098002992,0.5551181102362205,0.43700787401574803,2.996977461989247
803011,"Antonacci, Sam",2026,"FF","White Sox","L","0.916699255",0.031496062992125984,0.2755905511811024,0.09055118110236221,-5.126701881690994,0.8307086614173228,0.07874015748031496,6.543334523739115,0.007874015748031496,7.645739667583999,0.7204724409448819,0.27165354330708663,-9.620361568736824,254,0.15354330708661418,0.9173228346456693,0.003937007874015748,-4.265033137765062,0.7992125984251969,0.1968503937007874,2.929780786724241
677594,"Rodríguez, Julio",2026,"FF","Mariners","R","1.004928682",0.047244094488188976,0.20866141732283464,0.06299212598425197,-6.331288105013263,0.7913385826771654,0.14566929133858267,7.1519362140627925,0.011811023622047244,11.005178849292571,0.6929133858267716,0.2952755905511811,-10.514195258444124,254,0.25984251968503935,0.8385826771653543,0.011811023622047244,-2.746554033376533,0.43700787401574803,0.5511811023622047,3.085652424954501
673548,"Suzuki, Seiya",2026,"FF","Cubs","R","0.835706619",0.0199203187250996,0.24302788844621515,0.05976095617529881,-5.099364262197875,0.848605577689243,0.09163346613545817,5.690173343500025,0.00796812749003984,8.047892000657308,0.7649402390438247,0.22709163346613545,-11.28715707046865,251,0.18725099601593626,0.9282868525896414,0.00398406374501992,-2.0876889867617603,0.4541832669322709,0.5418326693227091,2.94333612138217
670623,"Paredes, Isaac",2026,"FF","Astros","R","1.088788242",0.02,0.244,0.1,-5.887124564604952,0.812,0.088,5.73632089987722,0.02,8.85583785869277,0.752,0.228,-10.672282845879772,250,0.12,0.872,0.008,-2.383625107799996,0.556,0.436,3.007588275822848
693304,"Gonzales, Nick",2026,"FF","Pirates","R","0.968754068",0.036,0.188,0.164,-5.698967063199271,0.716,0.12,5.640629877064446,0.008,12.099426983933942,0.648,0.344,-10.245825345190031,250,0.176,0.924,0.012,-2.9180235378428914,0.58,0.408,2.9953097555670674
657757,"Sheets, Gavin",2026,"FF","Padres","L","1.023679009",0.0321285140562249,0.23694779116465864,0.08835341365461848,-5.878985595817613,0.7751004016064257,0.13654618473895583,7.222542606162873,0.060240963855421686,8.937236924733723,0.7228915662650602,0.21686746987951808,-10.24489192052791,249,0.1606425702811245,0.8995983935742972,0.0321285140562249,-3.4423762859560276,0.6385542168674698,0.3293172690763052,2.6827837969505524
701358,"Smith, Cam",2026,"FF","Astros","R","0.91040239",0.040160642570281124,0.21285140562248997,0.15261044176706828,-5.848277939172045,0.714859437751004,0.13253012048192772,6.530733579039055,0.08032128514056225,9.469562463573057,0.7630522088353414,0.1566265060240964,-9.839761876450163,249,0.24096385542168675,0.9036144578313253,0.008032128514056224,-2.425361465182138,0.5823293172690763,0.40963855421686746,2.916764477923087
691023,"Walker, Jordan",2026,"FF","Cardinals","R","1.266491527",0.040160642570281124,0.22088353413654618,0.12449799196787148,-5.751273427884056,0.7068273092369478,0.1686746987951807,7.69571631100565,0.020080321285140562,8.983624468055469,0.7831325301204819,0.19678714859437751,-11.580993400003505,249,0.23293172690763053,0.963855421686747,0.020080321285140562,-2.7324324269589577,0.5060240963855421,0.4738955823293173,3.0307245619482512
693307,"Dingler, Dillon",2026,"FF","Tigers","R","1.04616931",0.016194331983805668,0.3117408906882591,0.1417004048582996,-5.803937975408567,0.8097165991902834,0.048582995951417005,5.9637350408370144,0.008097165991902834,8.620514644160103,0.8502024291497976,0.1417004048582996,-9.897336409607455,247,0.1862348178137652,0.8947368421052632,0.004048582995951417,-5.896684863737475,0.5344129554655871,0.46153846153846156,2.924604977588297
664034,"France, Ty",2026,"FF","Padres","R","0.816453299",0.10612244897959183,0.1346938775510204,0.09795918367346938,-5.502040391200074,0.6653061224489796,0.23673469387755103,6.967177348819472,0.00816326530612245,8.784005164832223,0.5673469387755102,0.42448979591836733,-11.114006302962423,245,0.31020408163265306,0.8693877551020408,0.012244897959183673,-2.496705531963764,0.49795918367346936,0.4897959183673469,3.056595055002514
670764,"Walls, Taylor",2026,"FF","Rays","S","0.627995294",0.020491803278688523,0.3237704918032787,0.040983606557377046,-5.171425431295734,0.889344262295082,0.06967213114754098,6.401372728962084,0.012295081967213115,8.372603359608757,0.8524590163934426,0.13524590163934427,-10.248550354199011,244,0.22950819672131148,0.9672131147540983,0.00819672131147541,-2.3110875290230126,0.6475409836065574,0.3442622950819672,2.886034659616064
571448,"Arenado, Nolan",2026,"FF","Diamondbacks","R","1.01279527",0.016597510373443983,0.23651452282157676,0.15767634854771784,-5.777658312524958,0.7717842323651453,0.07053941908713693,5.471324943675299,0.06639004149377593,8.508492003934387,0.8091286307053942,0.12448132780082988,-10.996082279869153,241,0.16182572614107885,0.9377593360995851,0.012448132780082987,-4.242383138832025,0.6348547717842323,0.35269709543568467,3.0026441830254575
621493,"Ward, Taylor",2026,"FF","zMLB","R","1.16061137",0.029166666666666667,0.25416666666666665,0.03333333333333333,-4.629898846148985,0.7958333333333333,0.17083333333333334,6.412678593866493,0.020833333333333332,7.905163830395781,0.6958333333333333,0.2833333333333333,-10.34060160862283,240,0.2125,0.9208333333333333,0.0125,-3.008033295702845,0.4166666666666667,0.5708333333333333,3.1889433038737107
660670,"Acuña Jr., Ronald",2026,"FF","Braves","R","1.045270207",0.025,0.17916666666666667,0.1125,-5.970437968383519,0.8166666666666667,0.07083333333333333,8.299903531111253,0.025,8.86824394943498,0.7,0.275,-10.000588489153065,240,0.325,0.9125,0.03333333333333333,-2.9491614763998872,0.5958333333333333,0.37083333333333335,3.1990284898269676
672515,"Moreno, Gabriel",2026,"FF","Diamondbacks","R","0.637238596",0.008368200836820083,0.21338912133891214,0.11297071129707113,-5.22524590194307,0.8200836820083682,0.06694560669456066,6.04389693236899,0.008368200836820083,8.224572673741042,0.7782426778242678,0.21338912133891214,-9.638765586794214,239,0.1506276150627615,0.9121338912133892,0,,0.7071129707112971,0.2928870292887029,2.5923953943079727
656716,"McKinstry, Zach",2026,"FF","Tigers","L","0.537800702",0,0.2384937238493724,0.09205020920502092,-5.295866713626074,0.8577405857740585,0.0502092050209205,4.839423386540637,0,,0.7322175732217573,0.26778242677824265,-9.376533583493746,239,0.11715481171548117,0.8661087866108786,0.0041841004184100415,-2.181880460132699,0.6108786610878661,0.38493723849372385,2.7104753534715615
686469,"Pasquantino, Vinnie",2026,"FF","Royals","L","1.033959467",0.012605042016806723,0.3235294117647059,0.09243697478991597,-5.608659685438245,0.8277310924369747,0.07983193277310924,6.6922554574996225,0.03361344537815126,8.212632336411202,0.8109243697478992,0.15546218487394958,-10.090487104590885,238,0.08823529411764706,0.8613445378151261,0.004201680672268907,-2.316489092882307,0.5672268907563025,0.42857142857142855,2.8062569782524003
665750,"Taveras, Leody",2026,"FF","Orioles","S","0.758757341",0.025210084033613446,0.27310924369747897,0.0546218487394958,-5.451598633947505,0.8403361344537815,0.10504201680672269,6.444513164137034,0.004201680672268907,7.481771881674808,0.8277310924369747,0.16806722689075632,-10.401331371610722,238,0.25630252100840334,0.9495798319327731,0,,0.47478991596638653,0.5252100840336135,2.916642798557425
665487,"Tatis Jr., Fernando",2026,"FF","Padres","R","1.360174508",0.03418803418803419,0.31196581196581197,0.04700854700854701,-5.369533563255416,0.7948717948717948,0.1581196581196581,8.084548693165921,0.029914529914529916,8.109485326029414,0.782051282051282,0.18803418803418803,-12.202179800723567,234,0.2264957264957265,0.9145299145299145,0.004273504273504274,-2.927301860662545,0.6196581196581197,0.37606837606837606,3.208507109135329
695506,"Caglianone, Jac",2026,"FF","Royals","L","1.282515906",0.07758620689655173,0.16810344827586207,0.09482758620689655,-5.81222088146698,0.7629310344827587,0.14224137931034483,6.527114107672457,0.004310344827586207,7.566915410489867,0.5517241379310345,0.44396551724137934,-10.172192722909564,232,0.27155172413793105,0.9655172413793104,0,,0.4051724137931034,0.5948275862068966,3.3912764045214403
641343,"Bauers, Jake",2026,"FF","Brewers","L","0.732227741",0.04310344827586207,0.22413793103448276,0.15948275862068967,-5.7883357774074256,0.7543103448275862,0.08620689655172414,7.071355911002116,0.004310344827586207,10.73221688825999,0.6767241379310345,0.31896551724137934,-10.484382084762393,232,0.21120689655172414,0.9353448275862069,0.008620689655172414,-2.7421727681552026,0.603448275862069,0.3879310344827586,2.7732505680750226
680574,"McLain, Matt",2026,"FF","Reds","R","1.113405973",0.05652173913043478,0.19130434782608696,0.02608695652173913,-4.847985886215462,0.8260869565217391,0.14782608695652175,7.247922140107623,0,,0.6434782608695652,0.3565217391304348,-11.032838679883293,230,0.3130434782608696,0.8869565217391304,0,,0.32608695652173914,0.6739130434782609,3.1481577933260536
700932,"Manzardo, Kyle",2026,"FF","Guardians","L","1.32875084",0.043478260869565216,0.23043478260869565,0.06956521739130435,-4.91498208801549,0.8565217391304348,0.07391304347826087,6.13803050759915,0.004347826086956522,7.2725899924121,0.8217391304347826,0.17391304347826086,-9.651135532892456,230,0.26521739130434785,0.9173913043478261,0.008695652173913044,-2.371290729247227,0.48695652173913045,0.5043478260869565,3.3343932614161766
664770,"Lukes, Nathan",2026,"FF","Blue Jays","L","0.920025081",0.034782608695652174,0.2608695652173913,0.021739130434782608,-5.395555576774054,0.7913043478260869,0.18695652173913044,6.497435508284982,0.008695652173913044,10.356754757086048,0.7391304347826086,0.25217391304347825,-9.975713916717595,230,0.1826086956521739,0.8869565217391304,0,,0.5434782608695652,0.45652173913043476,2.9476133987633855
687859,"Johnston, Troy",2026,"FF","Rockies","L","0.82196765",0.06986899563318777,0.14847161572052403,0.026200873362445413,-5.028914679755593,0.8296943231441049,0.14410480349344978,7.122982390236703,0,,0.537117903930131,0.462882096069869,-10.30156343351898,229,0.2794759825327511,0.8296943231441049,0.004366812227074236,-2.14045222280643,0.388646288209607,0.6069868995633187,2.913476837749767
647304,"Naylor, Josh",2026,"FF","Mariners","L","1.227351431",0.021834061135371178,0.36681222707423583,0.1091703056768559,-5.466891521366997,0.8253275109170306,0.06550218340611354,5.5500341247463645,0.008733624454148471,7.252724899756954,0.8034934497816594,0.18777292576419213,-10.109589738054705,229,0.07423580786026202,0.9344978165938864,0.013100436681222707,-3.002969521107062,0.5851528384279476,0.4017467248908297,2.852299859463693
671739,"Harris II, Michael",2026,"FF","Braves","L","1.188736171",0.043859649122807015,0.20614035087719298,0.08771929824561403,-6.104149236257641,0.7719298245614035,0.14035087719298245,6.98876730655785,0.0043859649122807015,14.93460722494711,0.6228070175438597,0.37280701754385964,-9.894260934034394,228,0.21929824561403508,0.9035087719298246,0.013157894736842105,-3.517867471113502,0.47368421052631576,0.5131578947368421,3.013129761428839
547180,"Harper, Bryce",2026,"FF","Phillies","L","1.115042894",0.10087719298245613,0.21052631578947367,0.043859649122807015,-5.927344340451351,0.6929824561403509,0.2631578947368421,6.330652147754822,0.008771929824561403,8.974552744778874,0.631578947368421,0.35964912280701755,-10.827206417663712,228,0.29385964912280704,0.9035087719298246,0.013157894736842105,-2.9627546160227585,0.5043859649122807,0.4824561403508772,3.211804892952688
676391,"Clement, Ernie",2026,"FF","Blue Jays","R","0.80489324",0.00881057268722467,0.3656387665198238,0.10572687224669604,-5.357097034952133,0.8370044052863436,0.05726872246696035,6.6945698612157205,0.00881057268722467,8.370916622678397,0.8149779735682819,0.1762114537444934,-9.883703780364348,227,0.13215859030837004,0.9162995594713657,0.00881057268722467,-2.291772184274813,0.6828193832599119,0.30837004405286345,2.7887758755448635
543807,"Springer, George",2026,"FF","Blue Jays","R","0.695581862",0.035398230088495575,0.19469026548672566,0.12831858407079647,-5.1823489206413615,0.7522123893805309,0.11946902654867257,6.477792301847735,0.004424778761061947,8.080132761836571,0.7743362831858407,0.22123893805309736,-10.928997083001885,226,0.2079646017699115,0.9336283185840708,0.017699115044247787,-2.0752196213397314,0.6548672566371682,0.3274336283185841,2.825852472269372
624413,"Alonso, Pete",2026,"SI","Orioles","R","1.5659485",0.04888888888888889,0.23555555555555555,0.23555555555555555,-6.18311600048588,0.6088888888888889,0.15555555555555556,9.885171487086119,0,,0.68,0.32,-10.27104923840904,225,0.1511111111111111,0.9333333333333333,0.1288888888888889,-3.2115332896183064,0.7377777777777778,0.13333333333333333,3.249559151286073
701762,"Kurtz, Nick",2026,"FF","Athletics","L","1.054521161",0.057777777777777775,0.16444444444444445,0.07111111111111111,-4.929418954438122,0.7422222222222222,0.18666666666666668,7.274576847938535,0,,0.7422222222222222,0.2577777777777778,-10.348266475043202,225,0.38222222222222224,0.9155555555555556,0.0044444444444444444,-5.503691868275338,0.4711111111111111,0.5244444444444445,3.1308801883025006
668709,"Bleday, JJ",2026,"FF","Reds","L","0.529063765",0.022321428571428572,0.28125,0.125,-5.034705203864399,0.78125,0.09375,5.647811366240969,0.04017857142857143,8.744691396221647,0.9017857142857143,0.05803571428571429,-8.861099338305909,224,0.17857142857142858,0.9464285714285714,0.004464285714285714,-2.3296495316918167,0.5982142857142857,0.39732142857142855,2.7415317551164082
669477,"Schmitt, Casey",2026,"FF","Giants","R","1.228323889",0.026785714285714284,0.23660714285714285,0.08035714285714286,-6.12832499922876,0.7589285714285714,0.16071428571428573,6.6042180777978645,0.026785714285714284,7.982313105152621,0.71875,0.2544642857142857,-10.5231211772426,224,0.17410714285714285,0.875,0,,0.4375,0.5625,3.134022099604685
592626,"Pederson, Joc",2026,"FF","Rangers","L","1.144151383",0.04932735426008968,0.21524663677130046,0.08071748878923767,-5.873882352837767,0.7937219730941704,0.12556053811659193,6.201482215072344,0.008968609865470852,8.175315030738519,0.7174887892376681,0.273542600896861,-11.580805911246863,223,0.29596412556053814,0.9417040358744395,0.013452914798206279,-4.209338336414042,0.47085201793721976,0.515695067264574,3.2758079105601956
661388,"Contreras, William",2026,"FF","Brewers","R","0.827708814",0.013513513513513514,0.3108108108108108,0.04054054054054054,-5.6725044795383806,0.8063063063063063,0.15315315315315314,6.385288582696364,0.0045045045045045045,9.067899433406927,0.7657657657657657,0.22972972972972974,-10.402042736039043,222,0.17567567567567569,0.9234234234234234,0.009009009009009009,-2.108446884875081,0.6576576576576577,0.3333333333333333,2.758513412748403
693304,"Gonzales, Nick",2026,"SI","Pirates","R","1.100777492",0.06787330316742081,0.19909502262443438,0.17194570135746606,-6.20134415195655,0.6923076923076923,0.13574660633484162,7.77597457545874,0.004524886877828055,12.234101122571941,0.579185520361991,0.416289592760181,-11.43587953336693,221,0.19457013574660634,0.9140271493212669,0.1493212669683258,-2.868348390130103,0.6380090497737556,0.21266968325791855,3.079987005316908
671976,"Peters, Tristan",2026,"FF","White Sox","L","1.162142079",0.03619909502262444,0.2398190045248869,0.11312217194570136,-5.140403519434019,0.832579185520362,0.05429864253393665,5.692035363584006,0.00904977375565611,8.965870980484446,0.755656108597285,0.23529411764705882,-9.414738448458376,221,0.248868778280543,0.9140271493212669,0,,0.4434389140271493,0.5565610859728507,3.2117467167450515
655316,"Monasterio, Andruw",2026,"FF","Red Sox","R","0.839406971",0.01809954751131222,0.23076923076923078,0.03619909502262444,-5.285138466538972,0.8099547511312217,0.15384615384615385,5.81464734032567,0.004524886877828055,8.159464332983,0.7239819004524887,0.27149321266968324,-9.786707616380346,221,0.1583710407239819,0.8823529411764706,0,,0.3936651583710407,0.6063348416289592,2.899560442339379
694384,"Schanuel, Nolan",2026,"FF","Angels","L","1.442378304",0.013636363636363636,0.32727272727272727,0.07727272727272727,-5.755376290203766,0.8272727272727273,0.09545454545454546,6.414641110667206,0.004545454545454545,9.470582542608437,0.8136363636363636,0.18181818181818182,-10.2034937665745,220,0.10909090909090909,0.8954545454545455,0.013636363636363636,-3.598588355216638,0.6318181818181818,0.35454545454545455,2.7912345358911743
573262,"Yastrzemski, Mike",2026,"FF","Braves","L","1.48839194",0.0319634703196347,0.2785388127853881,0.0502283105022831,-6.149952769791956,0.867579908675799,0.0821917808219178,6.220461463130057,0,,0.7899543378995434,0.2100456621004566,-9.94319933042105,219,0.2374429223744292,0.9041095890410958,0.0136986301369863,-4.063482460691791,0.4657534246575342,0.5205479452054794,3.3275557291400397
663886,"Stephenson, Tyler",2026,"FF","Reds","R","0.89335972",0.0410958904109589,0.2191780821917808,0.0730593607305936,-5.4191923221553155,0.8127853881278538,0.1141552511415525,5.930933704260989,0.0136986301369863,7.461787803786807,0.8493150684931506,0.136986301369863,-9.349993335781239,219,0.2465753424657534,0.954337899543379,0,,0.5388127853881278,0.4611872146118721,2.985931414903405
596019,"Lindor, Francisco",2026,"FF","Mets","S","1.117931282",0.045871559633027525,0.2981651376146789,0.10091743119266056,-6.212808031833221,0.8302752293577982,0.06880733944954129,6.383586705592944,0.01834862385321101,8.412744129957787,0.7889908256880734,0.1926605504587156,-10.241691174026181,218,0.20642201834862386,0.8715596330275229,0.04128440366972477,-3.297736469446913,0.7018348623853211,0.25688073394495414,3.1170921335515733
808959,"Murakami, Munetaka",2026,"FF","White Sox","L","1.513714505",0.07339449541284404,0.26605504587155965,0.03669724770642202,-4.692568579923133,0.7935779816513762,0.16972477064220184,7.114581192155983,0.022935779816513763,8.81458061383663,0.7568807339449541,0.22018348623853212,-11.114296861623027,218,0.3944954128440367,0.9128440366972477,0.04128440366972477,-3.0595362815775444,0.47706422018348627,0.481651376146789,3.769382850115445
545121,"Vargas, Ildemaro",2026,"FF","Diamondbacks","S","1.068449363",0.01834862385321101,0.37155963302752293,0.14678899082568808,-5.336724541447194,0.7752293577981652,0.0779816513761468,6.96498803518083,0.009174311926605505,8.435044773791926,0.8073394495412844,0.1834862385321101,-10.369745666895074,218,0.11009174311926606,0.8899082568807339,0,,0.6376146788990825,0.3623853211009174,2.9267401098866124
691720,"Karros, Kyle",2026,"FF","Rockies","R","1.282656298",0.03225806451612903,0.23963133640552994,0.10138248847926268,-5.299271250033778,0.7511520737327189,0.14746543778801843,7.019829524938044,0.004608294930875576,7.538720382398599,0.7557603686635944,0.23963133640552994,-10.666765565340619,217,0.1152073732718894,0.9078341013824884,0.009216589861751152,-2.1209383665711794,0.4792626728110599,0.511520737327189,2.92361474783514
608070,"Ramírez, José",2026,"FF","Guardians","S","0.756246371",0.013824884792626729,0.28110599078341014,0.16589861751152074,-5.829168419200775,0.7972350230414746,0.03686635944700461,7.461124623682561,0.009216589861751152,10.555966323641943,0.8894009216589862,0.10138248847926268,-10.537802408443408,217,0.12903225806451613,0.9400921658986175,0.004608294930875576,-2.7493019778246546,0.631336405529954,0.3640552995391705,2.674907773643689
694192,"Chourio, Jackson",2026,"FF","Brewers","R","0.88052954",0.06944444444444445,0.26851851851851855,0.023148148148148147,-6.027971971924051,0.7777777777777778,0.19907407407407407,7.32384616346027,0.013888888888888888,8.319036318641393,0.7546296296296297,0.23148148148148148,-11.13951656868835,216,0.24537037037037038,0.9027777777777778,0.013888888888888888,-2.431576294762483,0.6574074074074074,0.3287037037037037,3.070950776138802
666139,"Lowe, Josh",2026,"FF","Angels","L","1.122492495",0.041666666666666664,0.13425925925925927,0.041666666666666664,-5.6361869529615864,0.7592592592592593,0.19907407407407407,5.9793070087144224,0.009259259259259259,9.883653995423858,0.7824074074074074,0.20833333333333334,-10.084797149032816,216,0.3287037037037037,0.9074074074074074,0.004629629629629629,-2.6467685034018307,0.3425925925925926,0.6527777777777778,3.2407660333868513
641487,"Crawford, J.P.",2026,"FF","Mariners","L","1.084664395",0.023148148148148147,0.21296296296296297,0.14351851851851852,-5.2373450544796,0.7916666666666666,0.06481481481481481,12.703381752950397,0.004629629629629629,11.424716729591323,0.7175925925925926,0.2777777777777778,-10.313004127299799,216,0.18518518518518517,0.8611111111111112,0.018518518518518517,-4.138311688209213,0.5416666666666666,0.4398148148148148,2.813190340432953
656811,"O'Hearn, Ryan",2026,"FF","Pirates","L","0.75279643",0.027906976744186046,0.3116279069767442,0.05581395348837209,-5.01087516231189,0.8186046511627907,0.12558139534883722,6.513458853660568,0.018604651162790697,8.22332997854056,0.7953488372093023,0.18604651162790697,-9.935337596742878,215,0.15813953488372093,0.9395348837209302,0,,0.6139534883720931,0.386046511627907,2.8330010536543178
689414,"Hicks, Liam",2026,"FF","zMLB","L","0.745338112",0.009345794392523364,0.35046728971962615,0.14485981308411214,-5.571140864254846,0.8177570093457944,0.037383177570093455,7.563150712772594,0.004672897196261682,9.203084164262767,0.8084112149532711,0.18691588785046728,-10.251914144734844,214,0.037383177570093455,0.8925233644859814,0.004672897196261682,-2.10651117788433,0.5794392523364486,0.4158878504672897,2.677754201261175
650402,"Torres, Gleyber",2026,"FF","Tigers","R","0.935208043",0.08878504672897196,0.22897196261682243,0.004672897196261682,-5.552015619185699,0.7242990654205608,0.27102803738317754,6.055978979408629,0.009345794392523364,9.823686516252536,0.6869158878504673,0.3037383177570093,-9.49196600089808,214,0.2336448598130841,0.9626168224299065,0.014018691588785047,-2.385579234107474,0.6635514018691588,0.32242990654205606,3.1649677017341
702332,"Durbin, Caleb",2026,"FF","Red Sox","R","0.800864407",0.018691588785046728,0.32710280373831774,0.08411214953271028,-5.8675656173831,0.8177570093457944,0.09813084112149532,5.779080854850152,0.009345794392523364,8.091841219873977,0.883177570093458,0.10747663551401869,-10.623881581708833,214,0.1308411214953271,0.9112149532710281,0.009345794392523364,-2.1986592933282,0.6962616822429907,0.29439252336448596,2.732671416617559
672960,"Okamoto, Kazuma",2026,"SI","Blue Jays","R","1.276633008",0.0514018691588785,0.2757009345794392,0.1822429906542056,-6.509059165432559,0.7429906542056075,0.07476635514018691,6.435663925385766,0.014018691588785047,8.904701322622692,0.7523364485981309,0.2336448598130841,-10.740276351599718,214,0.24299065420560748,0.9485981308411215,0.13551401869158877,-2.904233654418394,0.5607476635514018,0.3037383177570093,3.304273273783211
690993,"Keith, Colt",2026,"FF","Tigers","L","1.27320671",0.018691588785046728,0.2850467289719626,0.03271028037383177,-6.947615438882895,0.794392523364486,0.17289719626168223,5.886594011617176,0,,0.7523364485981309,0.24766355140186916,-9.490218317966809,214,0.12149532710280374,0.9065420560747663,0.02336448598130841,-3.772734238386118,0.46261682242990654,0.514018691588785,2.885119442693252
700250,"Rice, Ben",2026,"FF","Yankees","L","1.017892057",0.04225352112676056,0.27699530516431925,0.04225352112676056,-6.051686860824695,0.8028169014084507,0.15492957746478872,6.354469523346763,0.014084507042253521,7.39123091949667,0.755868544600939,0.2300469483568075,-10.763570905990166,213,0.215962441314554,0.92018779342723,0.009389671361502348,-3.086568157459533,0.5305164319248826,0.460093896713615,3.1777904183347414
671218,"Ramos, Heliot",2026,"FF","zMLB","R","1.177491613",0.0892018779342723,0.16901408450704225,0.028169014084507043,-4.795495850343365,0.676056338028169,0.29577464788732394,7.406813462038668,0.004694835680751174,8.00410905251353,0.6619718309859155,0.3333333333333333,-10.041158799555312,213,0.323943661971831,0.8591549295774648,0,,0.3286384976525822,0.6713615023474179,3.274544566845839
666182,"Bichette, Bo",2026,"SI","Mets","R","1.859225069",0.028169014084507043,0.24882629107981222,0.14553990610328638,-6.733945558032969,0.6291079812206573,0.22535211267605634,6.893588831921141,0.004694835680751174,8.568938978387918,0.6103286384976526,0.38497652582159625,-10.863126960645868,213,0.09389671361502347,0.9061032863849765,0.051643192488262914,-3.6206668119941128,0.6291079812206573,0.3192488262910798,2.7423862418817526
608324,"Bregman, Alex",2026,"SI","Cubs","R","0.754839022",0,0.37089201877934275,0.1596244131455399,-5.293169683596204,0.7793427230046949,0.06103286384976526,6.4357287591164045,0.014084507042253521,8.003257309272376,0.8685446009389671,0.11737089201877934,-9.116290354677428,213,0.046948356807511735,0.9389671361502347,0.051643192488262914,-2.452161743368996,0.8403755868544601,0.107981220657277,2.5660256561388786
671277,"García Jr., Luis",2026,"FF","zMLB","L","0.764758009",0.03773584905660377,0.2641509433962264,0.0660377358490566,-5.098441243896133,0.7877358490566038,0.14622641509433962,5.709190289968204,0.03773584905660377,7.9055082897265265,0.7216981132075472,0.24056603773584906,-10.244116534981774,212,0.16037735849056603,0.8915094339622641,0.04245283018867924,-2.5209905085103155,0.7358490566037735,0.22169811320754718,2.6955785027065566
668904,"Lewis, Royce",2026,"FF","Twins","R","0.898036442",0.014150943396226415,0.24056603773584906,0.03773584905660377,-5.37788484622591,0.8254716981132075,0.13679245283018868,6.5660211448157435,0.09433962264150944,8.630643747319832,0.8066037735849056,0.09905660377358491,-9.420537361154343,212,0.2830188679245283,0.9433962264150944,0.014150943396226415,-2.4147752670857368,0.5943396226415094,0.3915094339622642,3.210658608220311
592663,"Realmuto, J.T.",2026,"FF","Phillies","R","1.074656192",0.018867924528301886,0.2783018867924528,0.10849056603773585,-5.7480161611105745,0.7971698113207547,0.09433962264150944,7.820740291639507,0.009433962264150943,9.68385272532838,0.8349056603773585,0.15566037735849056,-9.706695988950777,212,0.19339622641509435,0.910377358490566,0.014150943396226415,-2.839545635517961,0.6792452830188679,0.30660377358490565,2.8495552416013985
687263,"Neto, Zach",2026,"SL","Angels","R","5.390522374",0.20853080568720378,0.13744075829383887,0.03317535545023697,-5.356544149718895,0.4976303317535545,0.46919431279620855,9.941627003925134,0.41232227488151657,12.083536874915563,0.5545023696682464,0.03317535545023697,-9.922870641659907,211,0.41232227488151657,0.8815165876777251,0.36492890995260663,-3.852964717477324,0.5829383886255924,0.052132701421800945,3.2509361557899323
656941,"Schwarber, Kyle",2026,"SL","Phillies","L","4.078232875",0.14761904761904762,0.11904761904761904,0.09047619047619047,-5.818869862250432,0.6428571428571429,0.26666666666666666,9.21361894424169,0.3333333333333333,12.064013456594191,0.580952380952381,0.08571428571428572,-9.599723056250582,210,0.3904761904761905,0.8714285714285714,0.3523809523809524,-3.9476148912072455,0.5619047619047619,0.08571428571428572,3.483674024904936
701398,"Stewart, Sal",2026,"SI","Reds","R","1.185214867",0.0380952380952381,0.2761904761904762,0.10952380952380952,-5.591613366658878,0.6952380952380952,0.19523809523809524,7.095419894960841,0.004761904761904762,7.047665142825886,0.7285714285714285,0.26666666666666666,-10.71737807406509,210,0.18571428571428572,0.9238095238095239,0.10476190476190476,-3.0013450471758376,0.7142857142857143,0.18095238095238095,2.9025716484704054
669394,"Burger, Jake",2026,"FF","Rangers","R","0.792311479",0.05238095238095238,0.2904761904761905,0.08095238095238096,-5.854067730470082,0.7619047619047619,0.15714285714285714,7.755883065230106,0.014285714285714285,7.992954857208249,0.7,0.2857142857142857,-11.321986636067125,210,0.2904761904761905,0.9,0.023809523809523808,-2.0887808798558343,0.5904761904761905,0.38571428571428573,2.989143228265671
664040,"Lowe, Brandon",2026,"SL","Pirates","L","4.011625209",0.18660287081339713,0.15311004784688995,0.0430622009569378,-6.255454722661265,0.6172248803827751,0.3397129186602871,9.430138231739004,0.3253588516746411,11.058890167648636,0.5741626794258373,0.10047846889952153,-11.924750244507528,209,0.4258373205741627,0.8755980861244019,0.3349282296650718,-4.297005011733512,0.5550239234449761,0.11004784688995216,3.2096071828096835
807712,"Keaschall, Luke",2026,"FF","Twins","R","0.982274222",0.023923444976076555,0.2679425837320574,0.11483253588516747,-6.125189405876948,0.7894736842105263,0.09569377990430622,6.367395972349914,0.014354066985645933,7.92616985120913,0.8181818181818182,0.1674641148325359,-10.00486735052828,209,0.1339712918660287,0.937799043062201,0.004784688995215311,-2.5981924409720127,0.44019138755980863,0.5550239234449761,2.9188638829542457
571970,"Muncy, Max",2026,"FF","Dodgers","L","1.040939519",0.02403846153846154,0.27884615384615385,0.03365384615384615,-5.998360649266722,0.8317307692307693,0.1346153846153846,5.9835908973250636,0.019230769230769232,7.64229228967831,0.6971153846153846,0.28365384615384615,-10.123827815692641,208,0.22596153846153846,0.9038461538461539,0.004807692307692308,-2.1734944686271223,0.6153846153846154,0.3798076923076923,3.2234235672320413
606192,"Hernández, Teoscar",2026,"FF","Dodgers","R","1.292901147",0.03864734299516908,0.27053140096618356,0.028985507246376812,-5.822464285904693,0.748792270531401,0.2222222222222222,7.209206461001518,0.014492753623188406,9.467262352805697,0.782608695652174,0.2028985507246377,-10.44810497689959,207,0.2753623188405797,0.9227053140096618,0.00966183574879227,-3.1046278366201228,0.5072463768115942,0.4830917874396135,3.189746910692152
681624,"Pages, Andy",2026,"SI","Dodgers","R","1.654045622",0.01932367149758454,0.24154589371980675,0.2946859903381642,-7.178523721883504,0.6280193236714976,0.07729468599033816,5.630396641380418,0.004830917874396135,7.8568452797823305,0.6956521739130435,0.2995169082125604,-10.652324636342627,207,0.1497584541062802,0.927536231884058,0.14492753623188406,-3.525225866217542,0.7391304347826086,0.11594202898550725,2.608427180652809
592885,"Yelich, Christian",2026,"FF","Brewers","L","1.03011838",0.05825242718446602,0.24271844660194175,0.05825242718446602,-5.172286437876505,0.7184466019417476,0.22330097087378642,6.571044097571818,0,,0.6601941747572816,0.33980582524271846,-10.282362315954959,206,0.22815533980582525,0.8883495145631068,0,,0.5436893203883495,0.4563106796116505,3.1946791014424893
553993,"Suárez, Eugenio",2026,"FF","Reds","R","1.466516432",0.04854368932038835,0.17475728155339806,0.11165048543689321,-5.272329691889335,0.7766990291262136,0.11165048543689321,7.480857304517095,0.0048543689320388345,7.847360237045757,0.7184466019417476,0.2766990291262136,-10.384428647198298,206,0.33980582524271846,0.941747572815534,0.0048543689320388345,-3.820689838900084,0.48058252427184467,0.5145631067961165,3.475804794021702
691406,"Caminero, Junior",2026,"FF","Rays","R","1.396812117",0.01951219512195122,0.24390243902439024,0.1024390243902439,-5.783765962616899,0.8048780487804879,0.09268292682926829,6.004686658678545,0,,0.7170731707317073,0.28292682926829266,-10.037348544842978,205,0.23414634146341465,0.9219512195121952,0.00975609756097561,-4.023583452818476,0.5024390243902439,0.4878048780487805,3.1792013407859496
701358,"Smith, Cam",2026,"SI","Astros","R","1.358150263",0.00980392156862745,0.22549019607843138,0.35784313725490197,-6.547161223166662,0.5735294117647058,0.06862745098039216,6.256130734172162,0.06862745098039216,10.530508908665542,0.803921568627451,0.12745098039215685,-9.133965989517955,204,0.11274509803921569,0.9362745098039216,0.1323529411764706,-3.0289984817087574,0.7696078431372549,0.09803921568627451,2.6245715135023615
621020,"Swanson, Dansby",2026,"FF","Cubs","R","1.582101487",0.08333333333333333,0.30392156862745096,0.049019607843137254,-4.772052552341067,0.7303921568627451,0.22058823529411764,6.327475377910511,0.00980392156862745,7.8407700225471535,0.803921568627451,0.18627450980392157,-9.997414881610418,204,0.2696078431372549,0.9509803921568627,0.004901960784313725,-2.0874417616181646,0.5882352941176471,0.4068627450980392,3.7547170922687005
670623,"Paredes, Isaac",2026,"SI","Astros","R","2.251202894",0.019801980198019802,0.2722772277227723,0.17326732673267325,-7.430013274310922,0.7574257425742574,0.06930693069306931,6.800691499902231,0.024752475247524754,8.579250996717606,0.7821782178217822,0.19306930693069307,-10.940029194302126,202,0.06930693069306931,0.9158415841584159,0.09405940594059406,-3.401060044049234,0.7029702970297029,0.20297029702970298,2.621949789293374
695578,"Wood, James",2026,"FF","Nationals","L","1.399451162",0.06930693069306931,0.2376237623762376,0.054455445544554455,-5.699145456422955,0.6584158415841584,0.2871287128712871,7.771452713801761,0.0297029702970297,8.342419040052782,0.7277227722772277,0.24257425742574257,-11.620421476323477,202,0.1782178217821782,0.9158415841584159,0.0049504950495049506,-4.608427788780746,0.5594059405940595,0.43564356435643564,3.191115412881762
656555,"Hoskins, Rhys",2026,"FF","Guardians","R","1.234799813",0.034653465346534656,0.23267326732673269,0.09900990099009901,-5.408479013021753,0.8514851485148515,0.04950495049504951,5.14191758742619,0.024752475247524754,8.23019724547406,0.7722772277227723,0.20297029702970298,-10.85698166453061,202,0.26732673267326734,0.9554455445544554,0.009900990099009901,-3.6992038039715713,0.5594059405940595,0.4306930693069307,3.295466788849952
693307,"Dingler, Dillon",2026,"SI","Tigers","R","1.046783095",0.009950248756218905,0.2537313432835821,0.34328358208955223,-6.413324331377497,0.5970149253731343,0.05970149253731343,6.228774183603529,0.014925373134328358,9.235301789306407,0.8557213930348259,0.12935323383084577,-9.895725648690954,201,0.11442786069651742,0.9054726368159204,0.0945273631840796,-2.8774072332413896,0.7611940298507462,0.14427860696517414,2.841522413954159
643217,"Benintendi, Andrew",2026,"FF","White Sox","L","1.229676504",0.05970149253731343,0.263681592039801,0.05970149253731343,-4.817937496060397,0.7711442786069652,0.1691542288557214,6.332098592132137,0.014925373134328358,9.392651627043964,0.7412935323383084,0.24378109452736318,-10.597483574759403,201,0.27860696517412936,0.8855721393034826,0.009950248756218905,-2.686137771736931,0.5671641791044776,0.4228855721393035,3.192210234803672
687462,"Horwitz, Spencer",2026,"FF","Pirates","L","1.044947639",0.02,0.31,0.11,-5.884031346465648,0.795,0.095,8.056746269168594,0.03,10.00573995428999,0.79,0.18,-10.769739327777263,200,0.13,0.92,0.015,-2.432966359071953,0.66,0.325,2.922703463575892
671056,"Herrera, Iván",2026,"SI","Cardinals","R","1.74402279",0.045,0.18,0.335,-6.849390941544601,0.6,0.065,9.915254978452236,0.11,10.90336304579495,0.655,0.235,-11.451869204398152,200,0.12,0.895,0.15,-2.7074356743863013,0.755,0.095,2.7070422181980223
543760,"Semien, Marcus",2026,"FF","Mets","R","1.190606212",0.01507537688442211,0.2663316582914573,0.04522613065326633,-5.650687599854281,0.8190954773869347,0.135678391959799,6.910753491826929,0.005025125628140704,7.321487418468906,0.7839195979899497,0.21105527638190955,-10.589805449510056,199,0.21105527638190955,0.964824120603015,0.005025125628140704,-2.214457581809349,0.5376884422110553,0.457286432160804,3.1755644905613445
665489,"Guerrero Jr., Vladimir",2026,"SI","Blue Jays","R","1.281312016",0.01507537688442211,0.3015075376884422,0.22110552763819097,-5.95349597923121,0.6834170854271356,0.09547738693467336,6.633338465795178,0.03015075376884422,9.094060501833702,0.7135678391959799,0.2562814070351759,-9.933073502629723,199,0.08542713567839195,0.9346733668341709,0.07537688442211055,-2.9387855340116538,0.7839195979899497,0.1407035175879397,2.693909431266057
678246,"Vargas, Miguel",2026,"SI","White Sox","R","1.702341478",0.015151515151515152,0.31313131313131315,0.17676767676767677,-5.580094081334134,0.7676767676767676,0.05555555555555555,6.52683882881547,0.025252525252525252,7.894907341637223,0.8181818181818182,0.15656565656565657,-10.501196811741034,198,0.10101010101010101,0.9545454545454546,0.08585858585858586,-2.7650145681737794,0.797979797979798,0.11616161616161616,2.9526853737292273
663616,"Larnach, Trevor",2026,"FF","Twins","L","1.584909856",0.020202020202020204,0.2828282828282828,0.1111111111111111,-5.351332954069947,0.7727272727272727,0.11616161616161616,7.3558097472195625,0.03535353535353535,10.004905038249788,0.8383838383838383,0.12626262626262627,-10.703509206052981,198,0.13636363636363635,0.8737373737373737,0.030303030303030304,-2.597885929997006,0.5353535353535354,0.43434343434343436,2.9409363491387204
641857,"McMahon, Ryan",2026,"FF","Yankees","L","0.819326851",0.02030456852791878,0.2182741116751269,0.06598984771573604,-5.653605190410088,0.8223350253807107,0.1116751269035533,7.3370650535326725,0.01015228426395939,8.342267081998699,0.817258883248731,0.17258883248730963,-10.658175969059597,197,0.20812182741116753,0.9137055837563451,0.015228426395939087,-3.320908367951039,0.6091370558375635,0.3756345177664975,2.9232057622067606
681715,"Hernández, Heriberto",2026,"FF","Marlins","R","0.941190782",0.03553299492385787,0.3147208121827411,0.050761421319796954,-5.11358723407455,0.7868020304568528,0.16243654822335024,7.283630921455489,0.03553299492385787,9.151114331272284,0.7969543147208121,0.16751269035532995,-11.529924153965773,197,0.27411167512690354,0.949238578680203,0.050761421319796954,-2.9851166178799127,0.6243654822335025,0.3248730964467005,3.132009041206601
650333,"Arraez, Luis",2026,"SI","zMLB","L","0.974830018",0,0.4010152284263959,0.04060913705583756,-5.248170480926701,0.8375634517766497,0.1218274111675127,5.936549729673018,0.015228426395939087,10.631960938575446,0.8578680203045685,0.12690355329949238,-8.684352606986176,197,0.04060913705583756,0.9086294416243654,0.030456852791878174,-2.2031979870374516,0.7969543147208121,0.17258883248730963,2.6808245675661273
702332,"Durbin, Caleb",2026,"SI","Red Sox","R","1.815402421",0.02040816326530612,0.29591836734693877,0.2653061224489796,-6.321686771066526,0.6989795918367347,0.03571428571428571,4.876090593166119,0.00510204081632653,7.353365581558061,0.7959183673469388,0.1989795918367347,-9.54162074679181,196,0.08163265306122448,0.9183673469387755,0.07142857142857142,-3.15036471971841,0.8469387755102041,0.08163265306122448,2.5619956230206467
686527,"Canzone, Dominic",2026,"FF","Mariners","L","1.095091152",0.03571428571428571,0.32653061224489793,0.030612244897959183,-5.646416598864117,0.8367346938775511,0.1326530612244898,7.485624092756438,0.02040816326530612,8.56801200618002,0.8010204081632653,0.17857142857142858,-12.477788399672201,196,0.18877551020408162,0.9030612244897959,0.02040816326530612,-2.893140538973156,0.5357142857142857,0.44387755102040816,3.0093970746104888
663538,"Hoerner, Nico",2026,"SI","Cubs","R","1.561753467",0.00510204081632653,0.3469387755102041,0.18877551020408162,-6.086308729128543,0.673469387755102,0.1377551020408163,6.072719429145785,0.015306122448979591,8.802058033271654,0.8010204081632653,0.1836734693877551,-10.056353017831718,196,0.04081632653061224,0.923469387755102,0.05102040816326531,-2.486651928655442,0.9132653061224489,0.03571428571428571,2.7114592730645546
650490,"Díaz, Yandy",2026,"SI","Rays","R","0.907475984",0.020512820512820513,0.2717948717948718,0.13846153846153847,-6.407670915057572,0.7794871794871795,0.08205128205128205,6.355023276711252,0.005128205128205128,7.004396982432796,0.6923076923076923,0.30256410256410254,-9.86984806247154,195,0.07692307692307693,0.9435897435897436,0.13846153846153847,-2.578263651158573,0.7897435897435897,0.07179487179487179,2.6333697929194626
678882,"Rafaela, Ceddanne",2026,"SI","Red Sox","R","1.188991864",0.04639175257731959,0.15979381443298968,0.22164948453608246,-6.362261489925464,0.6649484536082474,0.1134020618556701,6.31954742468264,0,,0.5515463917525774,0.4484536082474227,-11.158211303516321,194,0.17525773195876287,0.9020618556701031,0.17010309278350516,-2.9404676182542686,0.7216494845360825,0.10824742268041238,2.632258846325703
677942,"Alexander, Blaze",2026,"FF","Orioles","R","0.805593674",0.05181347150259067,0.16580310880829016,0.05699481865284974,-5.495199030872252,0.7927461139896373,0.15025906735751296,6.641785809337756,0.015544041450777202,8.076490246772673,0.7823834196891192,0.20207253886010362,-9.421383074772988,193,0.31088082901554404,0.8963730569948186,0.010362694300518135,-2.3518160789406672,0.48186528497409326,0.5077720207253886,3.053775407508937
665966,"Narváez, Carlos",2026,"FF","zMLB","R","1.247303176",0.06217616580310881,0.12953367875647667,0.02072538860103627,-5.345646388275594,0.772020725388601,0.20725388601036268,6.1832294930250695,0.010362694300518135,8.229193679573878,0.7305699481865285,0.25906735751295334,-10.21687707773923,193,0.36787564766839376,0.917098445595855,0,,0.35751295336787564,0.6424870466321243,3.4014598009805956
802139,"Wetherholt, JJ",2026,"SI","Cardinals","L","0.912604959",0.031088082901554404,0.29015544041450775,0.05699481865284974,-6.245731751861921,0.7512953367875648,0.19170984455958548,6.6789368080232085,0,,0.7202072538860104,0.27979274611398963,-9.874108425342227,193,0.18652849740932642,0.9326424870466321,0.09326424870466321,-3.074088455358018,0.7357512953367875,0.17098445595854922,2.66133138681794
672724,"Peraza, Oswald",2026,"FF","Angels","R","1.041155867",0.041666666666666664,0.18229166666666666,0.0625,-5.201526704656777,0.8385416666666666,0.09895833333333333,6.7088577847246205,0,,0.6354166666666666,0.3645833333333333,-10.595722305744555,192,0.2760416666666667,0.875,0.005208333333333333,-2.45467818847318,0.4010416666666667,0.59375,3.0680333614733613
694671,"Langford, Wyatt",2026,"FF","Rangers","R","0.72423637",0.010416666666666666,0.265625,0.07291666666666667,-4.923019791724073,0.8125,0.11458333333333333,5.69406101703233,0.015625,8.799258247781507,0.84375,0.140625,-10.141280060824705,192,0.22395833333333334,0.9010416666666666,0,,0.5833333333333334,0.4166666666666667,2.8673583010730765
666160,"Moniak, Mickey",2026,"FF","Rockies","L","1.489875131",0.0625,0.23958333333333334,0.14583333333333334,-5.625997653958769,0.7708333333333334,0.08333333333333333,10.167313961524352,0,,0.7291666666666666,0.2708333333333333,-10.989864753654498,192,0.265625,0.921875,0.005208333333333333,-2.2221597590630013,0.53125,0.4635416666666667,3.2908779818222174
641680,"Heim, Jonah",2026,"FF","zMLB","S","0.772737331",0.03664921465968586,0.2670157068062827,0.07329842931937172,-5.991634963352163,0.7958115183246073,0.13089005235602094,5.981211194837819,0.005235602094240838,7.4944397855505756,0.6910994764397905,0.3036649214659686,-11.080872524429502,191,0.19895287958115182,0.8638743455497382,0.005235602094240838,-5.511447219906225,0.5916230366492147,0.4031413612565445,2.9043056144554673
668723,"Vilade, Ryan",2026,"FF","Rays","R","0.795884868",0.031413612565445025,0.12041884816753927,0.17801047120418848,-5.869636753848726,0.7591623036649214,0.06282722513089005,5.288875131376246,0,,0.8167539267015707,0.18324607329842932,-10.077361659711705,191,0.2670157068062827,0.9476439790575916,0.010471204188481676,-3.8420778504540163,0.39267015706806285,0.5968586387434555,3.0270142589422706
661388,"Contreras, William",2026,"SI","Brewers","R","1.430165596",0.015706806282722512,0.39790575916230364,0.1256544502617801,-5.591062304364371,0.7382198952879581,0.13612565445026178,8.034471893902412,0.005235602094240838,8.953940611463816,0.806282722513089,0.18848167539267016,-10.809593401971618,191,0.10471204188481675,0.93717277486911,0.09424083769633508,-2.7898053028561547,0.8010471204188482,0.10471204188481675,2.5807482502168106
607208,"Turner, Trea",2026,"SI","Phillies","R","1.751439969",0.042105263157894736,0.3473684210526316,0.11578947368421053,-7.103673981982471,0.7105263157894737,0.1736842105263158,6.787287131767259,0.06842105263157895,8.734711108780461,0.7526315789473684,0.17894736842105263,-10.589484117885311,190,0.12105263157894737,0.9263157894736842,0.12631578947368421,-3.0309421615190786,0.8052631578947368,0.06842105263157895,2.6000799347320855
669394,"Burger, Jake",2026,"SL","Rangers","R","6.610830096",0.2328042328042328,0.15873015873015872,0.06878306878306878,-6.416213213940586,0.4126984126984127,0.5185185185185185,10.908168606191136,0.48677248677248675,13.262266832246565,0.4497354497354497,0.06349206349206349,-10.608952028079562,189,0.4444444444444444,0.8888888888888888,0.3439153439153439,-4.7386022276424615,0.6031746031746031,0.05291005291005291,2.704727714236511
665489,"Guerrero Jr., Vladimir",2026,"FF","Blue Jays","R","0.819114749",0.021164021164021163,0.26455026455026454,0.047619047619047616,-5.781762141946662,0.8306878306878307,0.12169312169312169,6.445941300385707,0,,0.6666666666666666,0.3333333333333333,-10.858333088359986,189,0.17989417989417988,0.8941798941798942,0.010582010582010581,-4.108783147095319,0.5661375661375662,0.42328042328042326,2.8424136835094798
691016,"Soderstrom, Tyler",2026,"FF","Athletics","L","1.20350593",0.010638297872340425,0.2765957446808511,0.09042553191489362,-5.27772105403146,0.7925531914893617,0.11702127659574468,7.734594738782091,0.005319148936170213,7.616949182952727,0.8351063829787234,0.1595744680851064,-10.071452614765773,188,0.1595744680851064,0.9202127659574468,0.015957446808510637,-2.3948881042369914,0.6595744680851063,0.324468085106383,2.9297719240609683
694497,"Carter, Evan",2026,"FF","Rangers","L","0.781838249",0.03208556149732621,0.2620320855614973,0.058823529411764705,-5.791385507565568,0.8288770053475936,0.11229946524064172,6.552817472877817,0.0053475935828877,11.857345026825154,0.6577540106951871,0.33689839572192515,-10.46585192784189,187,0.20320855614973263,0.9037433155080213,0.0106951871657754,-2.342251379179875,0.48663101604278075,0.5026737967914439,2.8711069708894827
665487,"Tatis Jr., Fernando",2026,"SI","Padres","R","1.065758581",0.0481283422459893,0.33689839572192515,0.12299465240641712,-5.157206018817541,0.7433155080213903,0.13368983957219252,7.551263656775935,0.0053475935828877,10.081887695831858,0.732620320855615,0.2620320855614973,-11.160669604736048,187,0.15508021390374332,0.8983957219251337,0.10695187165775401,-3.0172347577719254,0.732620320855615,0.16042780748663102,2.8393997893801557
518692,"Freeman, Freddie",2026,"SI","Dodgers","L","1.146314897",0.0481283422459893,0.25133689839572193,0.11229946524064172,-6.741652696707685,0.5935828877005348,0.29411764705882354,7.3441835690605215,0.016042780748663103,7.739575844285747,0.786096256684492,0.19786096256684493,-11.18894181989637,187,0.1925133689839572,0.93048128342246,0.08021390374331551,-2.962179639750417,0.6470588235294118,0.2727272727272727,3.0695691856868343
608348,"Kelly, Carson",2026,"FF","Cubs","R","0.620247079",0,0.25806451612903225,0.15053763440860216,-6.0176245489765545,0.7473118279569892,0.10215053763440861,6.066157497341758,0.005376344086021506,9.063966316329479,0.7311827956989247,0.26344086021505375,-9.665687460635207,186,0.0913978494623656,0.8440860215053764,0.005376344086021506,-2.326151316406404,0.6989247311827957,0.2956989247311828,2.599151593364837
593428,"Bogaerts, Xander",2026,"SI","Padres","R","1.334796652",0.03763440860215054,0.24731182795698925,0.1827956989247312,-5.693375084883199,0.6720430107526881,0.14516129032258066,6.802802825490371,0.016129032258064516,8.407868084455766,0.8440860215053764,0.13978494623655913,-10.864799729017811,186,0.15053763440860216,0.9193548387096774,0.2956989247311828,-2.9905732091910258,0.6397849462365591,0.06451612903225806,2.7158051876452403
630105,"Cronenworth, Jake",2026,"FF","Padres","L","0.855232805",0.021505376344086023,0.27419354838709675,0.11827956989247312,-5.7614117364619055,0.7795698924731183,0.10215053763440861,7.407969425832579,0.010752688172043012,8.839446996604943,0.8064516129032258,0.1827956989247312,-10.720678913215528,186,0.14516129032258066,0.8924731182795699,0.016129032258064516,-3.597596966916324,0.6881720430107527,0.2956989247311828,2.643132164938275
805999,"Ewing, A.J.",2026,"FF","Mets","L","0.966036058",0.05913978494623656,0.24731182795698925,0.016129032258064516,-4.950871666572724,0.8279569892473119,0.15591397849462366,7.042243424438452,0.005376344086021506,9.107442014352994,0.6344086021505376,0.3602150537634409,-10.543522642673302,186,0.15591397849462366,0.8817204301075269,0.005376344086021506,-2.414739708984428,0.4946236559139785,0.5,2.922183379729957
664761,"Bohm, Alec",2026,"SI","Phillies","R","1.226558646",0.010810810810810811,0.3837837837837838,0.05405405405405406,-5.455429790934305,0.827027027027027,0.11891891891891893,6.285145050611139,0,,0.6918918918918919,0.3081081081081081,-9.9760692375209,185,0.0918918918918919,0.9297297297297298,0.05405405405405406,-2.683973816240187,0.7405405405405405,0.20540540540540542,2.8840981088522337
669127,"Langeliers, Shea",2026,"FF","Athletics","R","0.802118989",0.06486486486486487,0.21621621621621623,0.07567567567567568,-5.534619968325684,0.7567567567567568,0.16756756756756758,7.230432618227527,0.005405405405405406,8.259117372765429,0.7135135135135136,0.2810810810810811,-10.830556992234895,185,0.2972972972972973,0.8756756756756757,0,,0.6162162162162163,0.3837837837837838,3.1513533096948034
668939,"Rutschman, Adley",2026,"FF","zMLB","S","1.694241183",0.03260869565217391,0.25,0.10326086956521739,-5.469985004433067,0.7228260869565217,0.17391304347826086,6.55135600937774,0.021739130434782608,8.960302206352512,0.7282608695652174,0.25,-9.385379424641899,184,0.11956521739130435,0.9565217391304348,0,,0.47282608695652173,0.5271739130434783,2.885783441311209
805367,"Meidroth, Chase",2026,"SI","White Sox","R","1.133959911",0.02717391304347826,0.32608695652173914,0.05434782608695652,-4.854642265135522,0.7608695652173914,0.18478260869565216,5.7417125851756925,0.03260869565217391,10.589442843266967,0.75,0.21739130434782608,-8.849663918629593,184,0.10326086956521739,0.9456521739130435,0.11413043478260869,-2.7029698920679954,0.7336956521739131,0.15217391304347827,2.763773679112196
677594,"Rodríguez, Julio",2026,"SI","Mariners","R","1.537847123",0.03804347826086957,0.2826086956521739,0.33152173913043476,-6.663059300940371,0.5978260869565217,0.07065217391304347,12.584669420416189,0.005434782608695652,8.920351368415702,0.7663043478260869,0.22826086956521738,-9.570859695409013,184,0.10326086956521739,0.9293478260869565,0.07065217391304347,-3.331522999810411,0.8043478260869565,0.125,3.005643188178141
672640,"Lopez, Otto",2026,"FF","Marlins","R","0.513619587",0.016304347826086956,0.32065217391304346,0.02717391304347826,-5.273248942320203,0.8152173913043478,0.15760869565217392,5.661292233372149,0.021739130434782608,8.662463440982812,0.7989130434782609,0.1793478260869565,-9.560037312045024,184,0.08695652173913043,0.9130434782608695,0,,0.6032608695652174,0.3967391304347826,2.6217563112285927
656305,"Chapman, Matt",2026,"FF","Giants","R","0.817172065",0.021739130434782608,0.17391304347826086,0.09239130434782608,-5.185157262652445,0.8478260869565217,0.059782608695652176,7.302728220118983,0.005434782608695652,7.712022896825755,0.7663043478260869,0.22826086956521738,-9.572399484987878,184,0.27717391304347827,0.907608695652174,0,,0.5108695652173914,0.4891304347826087,2.786700700928986
605170,"Caratini, Victor",2026,"FF","Twins","S","1.278187238",0.05434782608695652,0.32065217391304346,0.1358695652173913,-5.769934099091399,0.7228260869565217,0.14130434782608695,6.759640367993562,0,,0.6847826086956522,0.31521739130434784,-10.054773200087467,184,0.13043478260869565,0.8641304347826086,0.016304347826086956,-2.3180965620377667,0.7771739130434783,0.20652173913043478,3.055581155751015
668715,"Steer, Spencer",2026,"FF","Reds","R","1.21707775",0.07103825136612021,0.22404371584699453,0.060109289617486336,-6.999684157687067,0.7595628415300546,0.18032786885245902,7.1429405563396395,0,,0.5792349726775956,0.4207650273224044,-9.925854356763145,183,0.2896174863387978,0.8797814207650273,0.00546448087431694,-3.083234566955252,0.47540983606557374,0.5191256830601093,3.379330459690932
687401,"Ortiz, Joey",2026,"FF","Brewers","R","0.969202441",0.04371584699453552,0.21311475409836064,0.0546448087431694,-6.151562291616862,0.7923497267759563,0.15300546448087432,6.229757559739365,0,,0.6775956284153005,0.3224043715846995,-10.903383848440724,183,0.19672131147540983,0.9016393442622951,0,,0.5027322404371585,0.4972677595628415,2.896546953656113
666176,"Adell, Jo",2026,"SI","zMLB","R","1.069956288",0.01092896174863388,0.23497267759562843,0.36065573770491804,-7.190418932631901,0.5956284153005464,0.04371584699453552,6.71346769018643,0.01639344262295082,9.764914140192747,0.7978142076502732,0.18579234972677597,-9.704534354000648,183,0.19672131147540983,0.9617486338797814,0.09836065573770492,-3.0304644148068287,0.6885245901639344,0.21311475409836064,2.9170378633422915
668885,"Martin, Austin",2026,"FF","Twins","R","0.762565299",0.00546448087431694,0.37158469945355194,0.09836065573770492,-5.910923783939601,0.8032786885245902,0.09836065573770492,6.504433904446523,0.01092896174863388,9.32023529834828,0.8797814207650273,0.1092896174863388,-10.073473379576528,183,0.08196721311475409,0.9289617486338798,0.0273224043715847,-2.618485358804608,0.7923497267759563,0.18032786885245902,2.6180014139594534
806068,"Emerson, Colt",2026,"FF","Mariners","L","0.798647994",0.08743169398907104,0.12021857923497267,0.07650273224043716,-6.471207339322704,0.7595628415300546,0.16393442622950818,5.787826018165158,0,,0.5300546448087432,0.46994535519125685,-10.054193506052162,183,0.40437158469945356,0.907103825136612,0.00546448087431694,-2.646725178903796,0.4426229508196721,0.5519125683060109,2.9886945551054427
643289,"Dubón, Mauricio",2026,"SI","Braves","R","0.933652162",0.02197802197802198,0.3021978021978022,0.0989010989010989,-5.742395423204183,0.7307692307692307,0.17032967032967034,6.073120393493035,0.027472527472527472,9.739063999068714,0.7472527472527473,0.22527472527472528,-11.024543032535414,182,0.13736263736263737,0.9560439560439561,0.016483516483516484,-2.582466774850763,0.6648351648351648,0.31868131868131866,2.823110227316502
678554,"Mead, Curtis",2026,"FF","zMLB","R","0.747817362",0.016483516483516484,0.23626373626373626,0.16483516483516483,-5.618697555327759,0.7692307692307693,0.06593406593406594,6.032406726720455,0.016483516483516484,8.317886095107333,0.8021978021978022,0.1813186813186813,-9.753501766038603,182,0.14285714285714285,0.9285714285714286,0.005494505494505495,-2.3577741652799014,0.6703296703296703,0.3241758241758242,2.6919370309786372
572233,"Walker, Christian",2026,"SI","Astros","R","1.398496235",0.01098901098901099,0.24175824175824176,0.3076923076923077,-6.240526188486462,0.6373626373626373,0.054945054945054944,7.089220016632488,0,,0.7692307692307693,0.23076923076923078,-9.550050237282887,182,0.13186813186813187,0.945054945054945,0.12087912087912088,-2.964518723551785,0.7252747252747253,0.15384615384615385,2.7024604566156265
687263,"Neto, Zach",2026,"SI","Angels","R","1.333555066",0.06629834254143646,0.2430939226519337,0.1712707182320442,-5.709007532637283,0.7292817679558011,0.09944751381215469,7.77895466796805,0.04419889502762431,8.585444303159765,0.7403314917127072,0.2154696132596685,-10.876406671210084,181,0.23204419889502761,0.8950276243093923,0.1712707182320442,-2.833365915599067,0.6408839779005525,0.1878453038674033,2.9688795868478084
642715,"Adames, Willy",2026,"SI","Giants","R","1.030680347",0.044444444444444446,0.2833333333333333,0.2611111111111111,-6.226841765313278,0.6555555555555556,0.08333333333333333,6.821101303492118,0.016666666666666666,8.074995100242637,0.8166666666666667,0.16666666666666666,-11.163183765711524,180,0.18888888888888888,0.9555555555555556,0.09444444444444444,-3.096807499200221,0.6944444444444444,0.2111111111111111,3.1806088229846243
543807,"Springer, George",2026,"SI","Blue Jays","R","1.343293839",0.03888888888888889,0.2833333333333333,0.2222222222222222,-5.903734455512235,0.6777777777777778,0.1,6.156590563897381,0.016666666666666666,10.152438330661525,0.7555555555555555,0.22777777777777777,-9.89501637136361,180,0.1388888888888889,0.9444444444444444,0.13333333333333333,-3.0368380030132514,0.7722222222222223,0.09444444444444444,2.611021877404579
575929,"Contreras, Willson",2026,"SI","Red Sox","R","1.36135643",0.011111111111111112,0.24444444444444444,0.4166666666666667,-7.232651227694544,0.5444444444444444,0.03888888888888889,7.7072740572947716,0.03333333333333333,10.04473162991467,0.8388888888888889,0.12777777777777777,-9.920463712294984,180,0.1,0.9444444444444444,0.1388888888888889,-2.869248315517175,0.7777777777777778,0.08333333333333333,2.4248863415486053
624585,"Soler, Jorge",2026,"FF","Angels","R","1.270281915",0.044444444444444446,0.21666666666666667,0.09444444444444444,-5.405378940680349,0.7944444444444444,0.1111111111111111,5.934529758670326,0.044444444444444446,8.911737960628217,0.8111111111111111,0.14444444444444443,-10.124080751947817,180,0.3611111111111111,0.9611111111111111,0.011111111111111112,-2.3111260463741554,0.4,0.5888888888888889,3.436860524317191
700337,"Quero, Edgar",2026,"FF","White Sox","S","0.567667766",0.06111111111111111,0.24444444444444444,0.03888888888888889,-5.511860795933666,0.85,0.1111111111111111,6.307118152470772,0,,0.7444444444444445,0.25555555555555554,-9.95650491563519,180,0.2777777777777778,0.8388888888888889,0.005555555555555556,-3.1939400794983395,0.5888888888888889,0.40555555555555556,2.9013273172214844
650859,"Rengifo, Luis",2026,"FF","zMLB","S","0.95669606",0.03910614525139665,0.29608938547486036,0.09497206703910614,-5.724014929704072,0.776536312849162,0.12849162011173185,5.963828851886766,0.00558659217877095,7.735660008446758,0.7262569832402235,0.2681564245810056,-9.967392334980085,179,0.15083798882681565,0.888268156424581,0.0223463687150838,-2.247631646217719,0.7094972067039106,0.2681564245810056,2.9805201606913125
621439,"Buxton, Byron",2026,"FF","Twins","R","1.152598252",0.05027932960893855,0.27932960893854747,0.0446927374301676,-6.021933924149762,0.8547486033519553,0.1005586592178771,7.03497867459772,0.00558659217877095,7.4675720533336625,0.7486033519553073,0.24581005586592178,-10.673481469889154,179,0.3128491620111732,0.9273743016759777,0.01675977653631285,-3.0469291444315787,0.5586592178770949,0.4245810055865922,3.381945496604487
592518,"Machado, Manny",2026,"SI","Padres","R","1.004968467",0.055865921787709494,0.3128491620111732,0.17318435754189945,-6.075578177246777,0.7039106145251397,0.12290502793296089,6.1128912049991335,0,,0.7318435754189944,0.2681564245810056,-10.404500914701421,179,0.16201117318435754,0.9497206703910615,0.12290502793296089,-3.0049149720033723,0.6871508379888268,0.18994413407821228,2.743388041826574
683002,"Henderson, Gunnar",2026,"SI","Orioles","L","1.392458851",0.033707865168539325,0.28651685393258425,0.12359550561797752,-5.704480625625174,0.7078651685393258,0.16853932584269662,6.358869277585427,0.016853932584269662,7.265891774478035,0.6741573033707865,0.3089887640449438,-10.089655157445907,178,0.1348314606741573,0.9044943820224719,0.0898876404494382,-3.2573713727356584,0.7415730337078652,0.16853932584269662,2.840510151302596
645277,"Albies, Ozzie",2026,"CH","Braves","S","2.645920354",0.05056179775280899,0.3202247191011236,0.02247191011235955,-5.203107713580694,0.6910112359550562,0.28651685393258425,7.278153025474244,0.25280898876404495,10.825955624853462,0.6797752808988764,0.06741573033707865,-10.890596059311,178,0.1797752808988764,0.8820224719101124,0.17415730337078653,-3.2152587029938258,0.7471910112359551,0.07865168539325842,2.592832076332476
691023,"Walker, Jordan",2026,"SI","Cardinals","R","1.560954628",0.016853932584269662,0.20224719101123595,0.25842696629213485,-7.275398943808983,0.5674157303370787,0.17415730337078653,7.1953973739814465,0.016853932584269662,7.255554801470733,0.8651685393258427,0.11797752808988764,-10.764124282507055,178,0.21348314606741572,0.9550561797752809,0.16853932584269662,-3.486394253187745,0.6853932584269663,0.14606741573033707,2.6252751247161834
553993,"Suárez, Eugenio",2026,"SI","Reds","R","1.125549557",0.028089887640449437,0.21348314606741572,0.30337078651685395,-5.872455068548981,0.6629213483146067,0.033707865168539325,7.867733091880102,0.0056179775280898875,9.991138772399397,0.7696629213483146,0.2247191011235955,-10.865516478851466,178,0.1404494382022472,0.9269662921348315,0.1404494382022472,-2.7490443249184997,0.7134831460674157,0.14606741573033707,2.8822608024996854
663837,"Vierling, Matt",2026,"FF","Tigers","R","1.069144558",0.03932584269662921,0.2808988764044944,0.028089887640449437,-5.22556991222695,0.7808988764044944,0.19101123595505617,6.13218772346377,0.0056179775280898875,10.124681562512073,0.8202247191011236,0.17415730337078653,-10.220934791282975,178,0.1853932584269663,0.9157303370786517,0,,0.47191011235955055,0.5280898876404494,2.962441530958352
660821,"Sánchez, Jesús",2026,"FF","Blue Jays","L","1.148899715",0.03954802259887006,0.1807909604519774,0.12429378531073447,-6.989451346667633,0.7627118644067796,0.11299435028248588,7.3851562334187655,0.011299435028248588,9.614323533392152,0.7005649717514124,0.288135593220339,-10.721842279314426,177,0.288135593220339,0.8813559322033898,0.011299435028248588,-3.864878171539914,0.4858757062146893,0.5028248587570622,3.113357011594745
691016,"Soderstrom, Tyler",2026,"SI","Athletics","L","1.641787676",0.028409090909090908,0.35795454545454547,0.13068181818181818,-7.622664731335443,0.6704545454545454,0.19886363636363635,6.018347165744235,0.011363636363636364,7.700627872925065,0.8636363636363636,0.125,-10.6781286437452,176,0.11363636363636363,0.9204545454545454,0.10227272727272728,-3.5639314482964064,0.75,0.14772727272727273,2.8289277371978265
547180,"Harper, Bryce",2026,"SL","Phillies","L","4.933546179",0.17613636363636365,0.17045454545454544,0.0625,-6.212973628774238,0.5,0.4375,10.922638810172534,0.38636363636363635,14.266995300839946,0.5681818181818182,0.045454545454545456,-11.15756469258454,176,0.4772727272727273,0.9034090909090909,0.25,-4.235349472896678,0.5681818181818182,0.18181818181818182,2.928599166674506
682928,"Abrams, CJ",2026,"SL","Nationals","L","3.832592778",0.18285714285714286,0.11428571428571428,0.10285714285714286,-5.728973839836801,0.56,0.33714285714285713,9.982029829534556,0.5542857142857143,12.82949399534999,0.37714285714285717,0.06857142857142857,-10.893372054271234,175,0.3942857142857143,0.8857142857142857,0.3142857142857143,-3.8552426249042258,0.5714285714285714,0.11428571428571428,2.6365630104244007
605137,"Bell, Josh",2026,"CH","Twins","S","3.783480471",0.04,0.14285714285714285,0.005714285714285714,-11.835735511872924,0.5657142857142857,0.42857142857142855,9.22372802294442,0.4857142857142857,11.952670066001808,0.4857142857142857,0.02857142857142857,-10.076689637547965,175,0.22285714285714286,0.8971428571428571,0.10857142857142857,-3.1598518079326325,0.7542857142857143,0.13714285714285715,2.8065598987274023
669224,"Wells, Austin",2026,"FF","Yankees","L","0.920456858",0.02857142857142857,0.25142857142857145,0.15428571428571428,-5.434815887557264,0.7828571428571428,0.06285714285714286,6.9706698354206225,0.005714285714285714,17.57800332270351,0.7428571428571429,0.25142857142857145,-11.095982568214382,175,0.19428571428571428,0.92,0.011428571428571429,-4.310256649139433,0.6685714285714286,0.32,2.805410638222353
672275,"Bailey, Patrick",2026,"FF","zMLB","S","0.985125323",0.06857142857142857,0.19428571428571428,0.08,-5.644648665873909,0.7257142857142858,0.19428571428571428,7.576720851095649,0.005714285714285714,8.407987449667031,0.64,0.35428571428571426,-10.831731709967457,175,0.2571428571428571,0.8685714285714285,0.005714285714285714,-3.302638049520978,0.44571428571428573,0.5485714285714286,3.0708832489453144
671218,"Ramos, Heliot",2026,"SI","zMLB","R","1.14152256",0.05142857142857143,0.2742857142857143,0.17142857142857143,-5.978786157241385,0.6742857142857143,0.15428571428571428,6.731981569116948,0,,0.6971428571428572,0.3028571428571429,-10.296193306279562,175,0.1657142857142857,0.92,0.07428571428571429,-3.355349939758312,0.6628571428571428,0.26285714285714284,3.0006021624788106
646240,"Devers, Rafael",2026,"SI","Giants","L","1.125833488",0.02857142857142857,0.21714285714285714,0.08,-6.465728401859581,0.7885714285714286,0.13142857142857142,6.603035641055282,0,,0.6114285714285714,0.38857142857142857,-10.815290523670265,175,0.12571428571428572,0.8914285714285715,0.07428571428571429,-2.2657471350139904,0.6057142857142858,0.32,2.9981758074486122
670042,"Raley, Luke",2026,"FF","Mariners","L","1.126793131",0.05747126436781609,0.23563218390804597,0.06896551724137931,-6.639422424895072,0.7988505747126436,0.13218390804597702,6.199000288869173,0.034482758620689655,8.46283076713582,0.735632183908046,0.22988505747126436,-10.366634811924353,174,0.3505747126436782,0.9482758620689655,0.028735632183908046,-3.116075497728814,0.5344827586206896,0.4367816091954023,3.409231396361483
686217,"Frelick, Sal",2026,"FF","Brewers","L","0.906288709",0.005780346820809248,0.32947976878612717,0.09248554913294797,-5.325144126783182,0.8265895953757225,0.08092485549132948,6.952303954028222,0.017341040462427744,9.0055516850998,0.791907514450867,0.1907514450867052,-10.551427470415362,173,0.10982658959537572,0.930635838150289,0,,0.5433526011560693,0.45664739884393063,2.8167674548245083
678218,"Valenzuela, Brandon",2026,"FF","Blue Jays","S","0.786768347",0.023121387283236993,0.24855491329479767,0.07514450867052024,-5.314505873074175,0.8092485549132948,0.11560693641618497,6.089251442127457,0.028901734104046242,8.456563098429843,0.7976878612716763,0.17341040462427745,-9.601102284422254,173,0.1907514450867052,0.9017341040462428,0,,0.4797687861271676,0.5202312138728323,2.875226796409496
607208,"Turner, Trea",2026,"SL","Phillies","R","5.261506611",0.12138728323699421,0.19653179190751446,0.03468208092485549,-7.788978114937109,0.49710982658959535,0.4682080924855491,10.655493228283369,0.49710982658959535,13.131469132546492,0.44508670520231214,0.057803468208092484,-10.084429204326609,173,0.3583815028901734,0.9017341040462428,0.2138728323699422,-3.71836754156015,0.6994219653179191,0.08670520231213873,2.7720901651240246
686611,"Crews, Dylan",2026,"FF","Nationals","R","0.826810439",0.028901734104046242,0.20809248554913296,0.09826589595375723,-5.630433040196121,0.815028901734104,0.08670520231213873,7.015750878551521,0,,0.7803468208092486,0.21965317919075145,-10.967382376317131,173,0.24855491329479767,0.930635838150289,0,,0.5028901734104047,0.49710982658959535,2.9180714127250584
694212,"Basallo, Samuel",2026,"FF","Orioles","L","1.193795811",0.057803468208092484,0.24855491329479767,0.046242774566473986,-5.540935565716126,0.8497109826589595,0.10404624277456648,9.755620272485348,0.005780346820809248,8.370509532323297,0.5664739884393064,0.4277456647398844,-11.264627626331528,173,0.2947976878612717,0.8670520231213873,0.005780346820809248,-3.917666158504956,0.4797687861271676,0.5144508670520231,3.408764448618694
682987,"Jones, Spencer",2026,"FF","Yankees","L","1.117269141",0.057803468208092484,0.12716763005780346,0.17341040462427745,-6.558552411636984,0.7456647398843931,0.08092485549132948,6.442699860601748,0.023121387283236993,8.450636389724378,0.7514450867052023,0.2254335260115607,-9.800901104032846,173,0.32947976878612717,0.9132947976878613,0.028901734104046242,-4.404527982598847,0.34104046242774566,0.630057803468208,3.268605258999289
669394,"Burger, Jake",2026,"SI","Rangers","R","2.255612661",0.046511627906976744,0.19186046511627908,0.3023255813953488,-6.385220294070194,0.5465116279069767,0.1511627906976744,7.5166375953024875,0.023255813953488372,8.246511348454774,0.6744186046511628,0.3023255813953488,-11.555090812709281,172,0.18023255813953487,0.9011627906976745,0.20348837209302326,-3.3296314785459087,0.7093023255813954,0.0872093023255814,2.6608694740504144
680700,"Palacios, Richie",2026,"FF","Rays","L","0.923327901",0.03488372093023256,0.3023255813953488,0.08139534883720931,-4.9637277964189925,0.75,0.1686046511627907,7.695887555508652,0.011627906976744186,8.212483315017991,0.7441860465116279,0.2441860465116279,-11.697643711777094,172,0.1744186046511628,0.8837209302325582,0.005813953488372093,-2.9409414750715936,0.6046511627906976,0.38953488372093026,2.7516923712687134
657041,"Thomas, Lane",2026,"FF","zMLB","R","0.670747453",0.017543859649122806,0.30409356725146197,0.08187134502923976,-5.11169347192788,0.847953216374269,0.07017543859649122,6.375436081329958,0.023391812865497075,8.28570366310476,0.7953216374269005,0.18128654970760233,-10.927496897783781,171,0.1871345029239766,0.9239766081871345,0.005847953216374269,-2.3300243009018593,0.7309941520467836,0.2631578947368421,2.7817083147556696
691406,"Caminero, Junior",2026,"SI","Rays","R","1.212350285",0.017543859649122806,0.3333333333333333,0.25146198830409355,-6.2630693560276525,0.695906432748538,0.05263157894736842,5.8743137838972705,0.005847953216374269,8.516193443004031,0.8070175438596491,0.1871345029239766,-9.800831299172096,171,0.1111111111111111,0.9649122807017544,0.1286549707602339,-3.00511535737542,0.7368421052631579,0.13450292397660818,2.7127952775772552
805811,"Eldridge, Bryce",2026,"FF","Giants","L","0.966053073",0.03508771929824561,0.2573099415204678,0.017543859649122806,-5.602261222562137,0.8187134502923976,0.16374269005847952,5.806204123195414,0.011695906432748537,8.805574073678343,0.7426900584795322,0.24561403508771928,-10.278174449070466,171,0.1871345029239766,0.9064327485380117,0.011695906432748537,-2.304544089856659,0.4619883040935672,0.5263157894736842,3.0901325510144435
672640,"Lopez, Otto",2026,"SL","Marlins","R","5.671247824",0.10526315789473684,0.21052631578947367,0.029239766081871343,-6.377496087511591,0.5380116959064327,0.4327485380116959,9.482280764356943,0.4619883040935672,12.38857700307558,0.52046783625731,0.017543859649122806,-8.612575912453494,171,0.28654970760233917,0.8771929824561403,0.2046783625730994,-3.2964681375043217,0.7017543859649122,0.0935672514619883,2.7678917268545318
682657,"Martínez, Angel",2026,"FF","Guardians","S","1.094115397",0.01764705882352941,0.2,0.17647058823529413,-5.461365977514972,0.7588235294117647,0.06470588235294118,8.170398881445635,0,,0.7647058823529411,0.23529411764705882,-10.15299348857019,170,0.1411764705882353,0.9117647058823529,0.011764705882352941,-2.0672073927005212,0.5823529411764706,0.40588235294117647,2.7343099222463434
686797,"Lee, Brooks",2026,"CH","Twins","S","3.018059134",0.08823529411764706,0.23529411764705882,0.01764705882352941,-5.271451678919604,0.5764705882352941,0.40588235294117647,7.644905207982708,0.4235294117647059,11.260744513347946,0.5588235294117647,0.01764705882352941,-10.556369105394175,170,0.23529411764705882,0.9058823529411765,0.2411764705882353,-2.8546387653791867,0.7235294117647059,0.03529411764705882,2.385578129582806
695657,"Montgomery, Colson",2026,"SI","White Sox","L","2.439399488",0.10588235294117647,0.2,0.4764705882352941,-8.369663356458299,0.4588235294117647,0.06470588235294118,7.745925266081836,0.03529411764705882,8.694681278969155,0.788235294117647,0.17647058823529413,-10.794909000806637,170,0.3058823529411765,0.9176470588235294,0.24705882352941178,-3.737287962438996,0.6176470588235294,0.13529411764705881,2.8798985248944473
664023,"Happ, Ian",2026,"CH","Cubs","S","3.553887812",0.10650887573964497,0.1893491124260355,0,,0.4260355029585799,0.5739644970414202,8.897205773281458,0.42011834319526625,11.34498975650238,0.5207100591715976,0.05917159763313609,-9.628611017600077,169,0.39644970414201186,0.9289940828402367,0.21893491124260356,-3.3064553338043545,0.6686390532544378,0.11242603550295859,2.798623525471117
671739,"Harris II, Michael",2026,"SI","Braves","L","1.050347153",0.03550295857988166,0.24260355029585798,0.1834319526627219,-7.3171165133562335,0.5976331360946746,0.21893491124260356,7.293702971934797,0.005917159763313609,7.407422730137579,0.6804733727810651,0.3136094674556213,-9.879637604611906,169,0.13609467455621302,0.893491124260355,0.047337278106508875,-2.813329525597827,0.757396449704142,0.1952662721893491,2.90014094852555
702284,"Young, Cole",2026,"SI","Mariners","L","0.876148922",0.011834319526627219,0.33136094674556216,0.11242603550295859,-5.621607514117011,0.727810650887574,0.15976331360946747,5.40080809952627,0.023668639053254437,8.02230343272326,0.8106508875739645,0.16568047337278108,-10.191662401336348,169,0.10059171597633136,0.9467455621301775,0.047337278106508875,-2.779551117247963,0.7633136094674556,0.1893491124260355,2.933467823925956
805808,"McGonigle, Kevin",2026,"SI","Tigers","L","0.889496456",0.005917159763313609,0.40828402366863903,0.17159763313609466,-5.464751036833782,0.7514792899408284,0.07692307692307693,7.244458743268487,0.01775147928994083,8.433742740237122,0.8224852071005917,0.15976331360946747,-9.798962190684051,169,0.05917159763313609,0.9467455621301775,0.07692307692307693,-2.4718045088120886,0.8402366863905325,0.08284023668639054,2.710569127184097
677588,"Tena, José",2026,"FF","Nationals","L","0.923830943",0.05325443786982249,0.1893491124260355,0.03550295857988166,-4.829903891411638,0.7218934911242604,0.24260355029585798,6.205378329312446,0.005917159763313609,7.593361797039031,0.6923076923076923,0.30177514792899407,-10.372438241857747,169,0.2603550295857988,0.9112426035502958,0.03550295857988166,-2.6805104050031794,0.6094674556213018,0.35502958579881655,3.0227034568915236
683357,"Caissie, Owen",2026,"FF","Marlins","L","0.704356084",0.04142011834319527,0.21301775147928995,0.05325443786982249,-6.508994212514921,0.834319526627219,0.11242603550295859,6.701361680877852,0,,0.6627218934911243,0.33727810650887574,-10.03282249642563,169,0.28994082840236685,0.9230769230769231,0.011834319526627219,-4.101439047746852,0.4911242603550296,0.4970414201183432,2.8704409034611738
676475,"Burleson, Alec",2026,"SI","Cardinals","L","1.50175362",0.0650887573964497,0.3076923076923077,0.11834319526627218,-5.890893933989991,0.6449704142011834,0.23668639053254437,7.2086032383399425,0.03550295857988166,9.549068021259018,0.7041420118343196,0.2603550295857988,-11.775494690260471,169,0.21301775147928995,0.9467455621301775,0.10650887573964497,-2.7152223806610554,0.6686390532544378,0.22485207100591717,3.1609864317730496
547180,"Harper, Bryce",2026,"SI","Phillies","L","0.897957807",0.047619047619047616,0.13690476190476192,0.14285714285714285,-6.5140025939855954,0.5238095238095238,0.3333333333333333,6.868129201142842,0.011904761904761904,9.041184964963136,0.6071428571428571,0.38095238095238093,-10.993668541519636,168,0.125,0.9107142857142857,0.05952380952380952,-2.709686832292176,0.6369047619047619,0.30357142857142855,2.7260999053768358
677594,"Rodríguez, Julio",2026,"SL","Mariners","R","4.831870586",0.09523809523809523,0.1488095238095238,0.08333333333333333,-5.869160039614563,0.5535714285714286,0.3630952380952381,10.998563710980465,0.49404761904761907,12.863735901151221,0.48214285714285715,0.023809523809523808,-9.653863180215588,168,0.32142857142857145,0.9285714285714286,0.1488095238095238,-3.177157547501032,0.7023809523809523,0.1488095238095238,2.64663724377292
681624,"Pages, Andy",2026,"SL","Dodgers","R","4.702354179",0.05952380952380952,0.25,0.10714285714285714,-6.658420880923669,0.5416666666666666,0.35119047619047616,10.645151767703851,0.32142857142857145,12.321171071153625,0.5952380952380952,0.08333333333333333,-11.147028062425154,168,0.2619047619047619,0.8511904761904762,0.05357142857142857,-4.376063152887551,0.7619047619047619,0.18452380952380953,2.8244621361446027
666176,"Adell, Jo",2026,"SL","zMLB","R","4.53603916",0.07784431137724551,0.1317365269461078,0.11377245508982035,-6.222680913941231,0.4431137724550898,0.4431137724550898,9.900757072449432,0.39520958083832336,11.826372069501025,0.5808383233532934,0.023952095808383235,-11.972292486978688,167,0.3712574850299401,0.8323353293413174,0.18562874251497005,-4.028391564635919,0.6586826347305389,0.15568862275449102,3.359944246504232
676391,"Clement, Ernie",2026,"SI","Blue Jays","R","0.453144556",0,0.3592814371257485,0.20359281437125748,-5.314426453326606,0.7425149700598802,0.05389221556886228,7.130057526115778,0.011976047904191617,10.557752904142333,0.8922155688622755,0.09580838323353294,-9.063762059482148,167,0.041916167664670656,0.9760479041916168,0.041916167664670656,-2.606358401827892,0.7904191616766467,0.16766467065868262,2.486151684948444
807799,"Yoshida, Masataka",2026,"FF","Red Sox","L","0.580049721",0.011976047904191617,0.4311377245508982,0.10179640718562874,-5.227997890748703,0.8143712574850299,0.08383233532934131,6.2346067617821035,0.041916167664670656,8.994325954957235,0.7724550898203593,0.18562874251497005,-10.021121164152802,167,0.059880239520958084,0.9221556886227545,0.005988023952095809,-2.2476759817421756,0.8203592814371258,0.17365269461077845,2.474365435794103
650489,"Castro, Willi",2026,"CH","Rockies","S","3.724995272",0.09580838323353294,0.15568862275449102,0.005988023952095809,-4.129775047111249,0.4431137724550898,0.5508982035928144,8.98436236449481,0.46107784431137727,11.580295320852349,0.5149700598802395,0.023952095808383235,-9.44971782314538,167,0.3712574850299401,0.9401197604790419,0.16766467065868262,-2.8162258169071412,0.7125748502994012,0.11976047904191617,2.6114947621493156
678662,"Tovar, Ezequiel",2026,"SL","Rockies","R","5.555933061",0.11976047904191617,0.16167664670658682,0.03592814371257485,-5.375259956817448,0.49101796407185627,0.47305389221556887,9.756445774211295,0.3592814371257485,12.83112352684634,0.5568862275449101,0.08383233532934131,-11.67664953682744,167,0.32934131736526945,0.9221556886227545,0.18562874251497005,-3.849409427707427,0.6287425149700598,0.18562874251497005,2.8237305482232005
676475,"Burleson, Alec",2026,"CH","Cardinals","L","2.570985025",0.05421686746987952,0.24096385542168675,0.012048192771084338,-4.58577810895088,0.5783132530120482,0.40963855421686746,7.307130763052395,0.27710843373493976,11.75153518660811,0.6265060240963856,0.0963855421686747,-9.97361952153575,166,0.21686746987951808,0.8975903614457831,0.1746987951807229,-2.9380409260040703,0.7650602409638554,0.060240963855421686,2.528293032913844
663586,"Riley, Austin",2026,"SI","Braves","R","1.715661914",0.048484848484848485,0.21818181818181817,0.12121212121212122,-6.374395481878134,0.7090909090909091,0.1696969696969697,6.201339597463541,0.012121212121212121,10.488487077053666,0.7636363636363637,0.22424242424242424,-9.98057350316565,165,0.15151515151515152,0.9151515151515152,0.07272727272727272,-3.94678766158739,0.503030303030303,0.42424242424242425,2.971149246611278
702616,"Holliday, Jackson",2026,"FF","Orioles","L","0.775089474",0.04242424242424243,0.2787878787878788,0.024242424242424242,-5.4199431699514315,0.8363636363636363,0.1393939393939394,7.058332868688649,0,,0.7212121212121212,0.2787878787878788,-10.464484772166191,165,0.2787878787878788,0.9090909090909091,0,,0.5515151515151515,0.4484848484848485,2.89627668246866
605141,"Betts, Mookie",2026,"FF","Dodgers","R","0.996426351",0.01818181818181818,0.45454545454545453,0.03636363636363636,-4.620228585197029,0.8242424242424242,0.1393939393939394,6.88511745373556,0.006060606060606061,9.115220271352507,0.8606060606060606,0.13333333333333333,-9.075166705247218,165,0.06666666666666667,0.9151515151515152,0.006060606060606061,-2.1821895221536813,0.7454545454545455,0.24848484848484848,2.808292984188686
514888,"Altuve, Jose",2026,"FF","Astros","R","1.272858957",0.06707317073170732,0.3353658536585366,0.10975609756097561,-6.440665301362148,0.774390243902439,0.11585365853658537,6.651592475943022,0.012195121951219513,8.877665958156168,0.7682926829268293,0.21951219512195122,-10.772158980723248,164,0.22560975609756098,0.9512195121951219,0.006097560975609756,-2.6831303989521884,0.573170731707317,0.42073170731707316,3.2712657401418843
676356,"DeLuca, Jonny",2026,"FF","Rays","R","0.620572687",0.006097560975609756,0.24390243902439024,0.0975609756097561,-5.351554607487195,0.8414634146341463,0.06097560975609756,5.477737005204205,0.006097560975609756,7.006600632354103,0.7621951219512195,0.23170731707317074,-10.099205857388997,164,0.23170731707317074,0.8902439024390244,0,,0.5609756097560976,0.43902439024390244,2.8315426753412596
683002,"Henderson, Gunnar",2026,"SL","Orioles","L","4.205275679",0.0975609756097561,0.17682926829268292,0.08536585365853659,-6.374973295647102,0.5975609756097561,0.3170731707317073,9.842812469860533,0.3780487804878049,13.053080977407253,0.5670731707317073,0.054878048780487805,-10.889424911946199,164,0.3475609756097561,0.8475609756097561,0.2621951219512195,-4.0924074951359195,0.6158536585365854,0.12195121951219512,2.665103799440044
679529,"Torkelson, Spencer",2026,"SI","Tigers","R","1.205131089",0.012195121951219513,0.29878048780487804,0.17073170731707318,-5.64216910969383,0.725609756097561,0.10365853658536585,6.6879590747602675,0.012195121951219513,10.059760551256856,0.8963414634146342,0.09146341463414634,-11.98139022831089,164,0.14634146341463414,0.9573170731707317,0.13414634146341464,-3.135348454944094,0.7378048780487805,0.12804878048780488,2.5723334505281867
687093,"Grissom, Vaughn",2026,"FF","Angels","R","0.876207301",0.06097560975609756,0.22560975609756098,0.10975609756097561,-6.806882343568369,0.7073170731707317,0.18292682926829268,6.899669782218482,0.018292682926829267,8.334518602579045,0.7012195121951219,0.2804878048780488,-11.0626052517288,164,0.21951219512195122,0.9085365853658537,0.006097560975609756,-4.715674772784945,0.4878048780487805,0.5060975609756098,2.9874917527165743
673962,"Jung, Josh",2026,"FF","Rangers","R","0.739797793",0.024539877300613498,0.32515337423312884,0.06748466257668712,-5.279183138095678,0.7852760736196319,0.147239263803681,6.241678211067987,0,,0.7423312883435583,0.25766871165644173,-10.403897266592903,163,0.1656441717791411,0.9447852760736196,0.006134969325153374,-2.373791618122704,0.7361963190184049,0.25766871165644173,2.8483362140166695
621020,"Swanson, Dansby",2026,"SL","Cubs","R","3.957351674",0.13496932515337423,0.1901840490797546,0.03680981595092025,-5.138823526833042,0.5398773006134969,0.4233128834355828,9.258744494284016,0.3619631901840491,11.419475211782252,0.5950920245398773,0.04294478527607362,-9.582362942408974,163,0.36809815950920244,0.8650306748466258,0.2883435582822086,-3.674801085844992,0.6012269938650306,0.11042944785276074,3.243076309246623
666397,"Julien, Edouard",2026,"FF","Rockies","L","0.964069421",0.03067484662576687,0.294478527607362,0.0736196319018405,-5.500596324978872,0.7975460122699386,0.12883435582822086,7.60335815185954,0,,0.7730061349693251,0.22699386503067484,-10.14672939088176,163,0.1165644171779141,0.9202453987730062,0.012269938650306749,-2.2293776715126077,0.7116564417177914,0.27607361963190186,2.890607574804811
621566,"Olson, Matt",2026,"SI","Braves","L","1.322626847",0.030864197530864196,0.2716049382716049,0.12962962962962962,-6.034952519524213,0.6851851851851852,0.18518518518518517,9.196280100341202,0.024691358024691357,7.975791186784411,0.808641975308642,0.16666666666666666,-10.498684653358657,162,0.15432098765432098,0.9629629629629629,0.012345679012345678,-2.3186495582308555,0.7592592592592593,0.22839506172839505,2.7752186612964955
665161,"Peña, Jeremy",2026,"FF","Astros","R","1.183002276",0.030864197530864196,0.21604938271604937,0.06172839506172839,-5.4034283092790885,0.6975308641975309,0.24074074074074073,6.080743974561735,0.04938271604938271,9.4052218164249,0.691358024691358,0.25925925925925924,-10.36014973492346,162,0.2037037037037037,0.8271604938271605,0.018518518518518517,-2.9151126109357297,0.6419753086419753,0.3395061728395062,2.867997465919637
608369,"Seager, Corey",2026,"FF","Rangers","L","1.535615899",0.05555555555555555,0.2222222222222222,0.006172839506172839,-4.628561857416393,0.7962962962962963,0.19753086419753085,7.080531488232826,0.006172839506172839,7.980573544477694,0.7469135802469136,0.24691358024691357,-9.81221605319254,162,0.3395061728395062,0.8950617283950617,0.006172839506172839,-2.2247171701396,0.36419753086419754,0.6296296296296297,3.392383371398979
502671,"Goldschmidt, Paul",2026,"FF","Yankees","R","0.743416761",0.07453416149068323,0.2919254658385093,0.11801242236024845,-5.09500728054272,0.7267080745341615,0.15527950310559005,6.847804962351022,0.049689440993788817,10.513902039806291,0.6956521739130435,0.2546583850931677,-11.137547361652468,161,0.22981366459627328,0.9006211180124224,0,,0.6645962732919255,0.33540372670807456,3.1161038282514304
677649,"Duran, Ezequiel",2026,"SI","Rangers","R","0.966506817",0.024844720496894408,0.2484472049689441,0.2546583850931677,-5.654940657531718,0.6645962732919255,0.08074534161490683,7.860366036716894,0.006211180124223602,7.591146184974799,0.6459627329192547,0.34782608695652173,-9.83191750747003,161,0.11180124223602485,0.8881987577639752,0.055900621118012424,-2.6429202827892833,0.7639751552795031,0.18012422360248448,2.8606602816923266
543760,"Semien, Marcus",2026,"SL","Mets","R","4.693686865",0.18633540372670807,0.2111801242236025,0.037267080745341616,-5.887419271644436,0.5527950310559007,0.40993788819875776,9.756025880368613,0.2857142857142857,11.422321382225775,0.5838509316770186,0.13043478260869565,-11.126804574290887,161,0.391304347826087,0.8136645962732919,0.32298136645962733,-3.5968921481653315,0.577639751552795,0.09937888198757763,3.177155873981196
687551,"Gilbert, Drew",2026,"FF","Giants","L","1.486655678",0.062111801242236024,0.2981366459627329,0.08695652173913043,-5.065312438840994,0.7018633540372671,0.2111801242236025,7.429956148740384,0.006211180124223602,10.45398272963813,0.7267080745341615,0.2670807453416149,-10.882618539134423,161,0.2236024844720497,0.9130434782608695,0,,0.4906832298136646,0.5093167701863354,3.2159087976265934
543877,"Vázquez, Christian",2026,"FF","Astros","R","0.710885608",0.049689440993788817,0.2981366459627329,0.049689440993788817,-5.074562479311688,0.7763975155279503,0.17391304347826086,6.603129151266731,0.031055900621118012,8.83533972085521,0.7018633540372671,0.2670807453416149,-10.547072280261292,161,0.2111801242236025,0.9192546583850931,0.006211180124223602,-3.1893710094960137,0.6459627329192547,0.34782608695652173,2.9689157104290658
681393,"Norby, Connor",2026,"FF","zMLB","R","0.906110363",0.12422360248447205,0.16770186335403728,0.037267080745341616,-5.310379995271523,0.7701863354037267,0.19254658385093168,7.556515659900196,0.006211180124223602,9.78456946301967,0.5652173913043478,0.42857142857142855,-11.297395016590656,161,0.32919254658385094,0.8819875776397516,0.024844720496894408,-2.8104658802520155,0.515527950310559,0.45962732919254656,3.2430382930624746
668227,"Arozarena, Randy",2026,"SI","Mariners","R","0.920836039",0.05625,0.24375,0.18125,-5.6699254942131265,0.69375,0.125,8.656982856190352,0.00625,7.387281689487667,0.5625,0.43125,-11.77911419228296,160,0.19375,0.9125,0.09375,-2.6522583734883622,0.6875,0.21875,3.0678153025210304
668930,"Turang, Brice",2026,"SI","Brewers","L","0.743901681",0.0625,0.24375,0.01875,-5.59913881694417,0.65,0.33125,6.4178284759212,0,,0.6625,0.3375,-10.263010424503237,160,0.14375,0.95,0.025,-2.599959631093311,0.6875,0.2875,2.5914146496576205
677587,"Rocchio, Brayan",2026,"CH","Guardians","S","3.539521854",0.08125,0.2375,0,,0.43125,0.56875,8.596429201232324,0.43125,11.44693161770573,0.525,0.04375,-9.840444134661622,160,0.33125,0.925,0.11875,-3.1704611339719992,0.76875,0.1125,2.591793552615715
682626,"Alvarez, Francisco",2026,"SI","Mets","R","1.117884433",0.0375,0.225,0.18125,-6.973999625028677,0.7,0.11875,7.071478839458547,0.025,9.133530904639215,0.7,0.275,-9.681116380891083,160,0.225,0.95625,0.10625,-2.9080988660700164,0.65625,0.2375,2.99519453882473
686948,"Baldwin, Drake",2026,"SI","Braves","L","0.967439975",0.012578616352201259,0.3081761006289308,0.15723270440251572,-6.1417243439579785,0.6855345911949685,0.15723270440251572,6.366095421088328,0,,0.7987421383647799,0.20125786163522014,-9.805154367173179,159,0.12578616352201258,0.9182389937106918,0.07547169811320754,-2.8682874983263438,0.7547169811320755,0.16981132075471697,2.708917145162985
645277,"Albies, Ozzie",2026,"SI","Braves","S","1.139902186",0.031446540880503145,0.32075471698113206,0.050314465408805034,-5.383870654142067,0.7861635220125787,0.16352201257861634,6.382854822288795,0.012578616352201259,7.480751391398639,0.8238993710691824,0.16352201257861634,-10.443264675262908,159,0.15723270440251572,0.9559748427672956,0.05660377358490566,-2.576893368703324,0.7232704402515723,0.22012578616352202,3.3105814296407723
687637,"Beavers, Dylan",2026,"FF","Orioles","L","0.676529745",0.03773584905660377,0.24528301886792453,0.1069182389937107,-5.108104710594775,0.7924528301886793,0.10062893081761007,5.309335128785422,0.006289308176100629,7.335913356243185,0.7672955974842768,0.22641509433962265,-10.417848900980662,159,0.18238993710691823,0.9371069182389937,0.006289308176100629,-2.700201465282485,0.5786163522012578,0.41509433962264153,2.6861179666833053
673548,"Suzuki, Seiya",2026,"SI","Cubs","R","0.825310306",0.018867924528301886,0.22641509433962265,0.18867924528301888,-5.884003963169309,0.7232704402515723,0.0880503144654088,5.786144396225926,0,,0.7484276729559748,0.25157232704402516,-9.664737430807241,159,0.15723270440251572,0.9308176100628931,0.0880503144654088,-2.4275886499928316,0.6415094339622641,0.27044025157232704,2.8490554081656887
621493,"Ward, Taylor",2026,"SI","zMLB","R","1.282040018",0.006329113924050633,0.3987341772151899,0.056962025316455694,-5.2604704728703435,0.7848101265822784,0.15822784810126583,6.67764027730191,0.006329113924050633,8.483544184484876,0.7658227848101266,0.22784810126582278,-10.471927508347473,158,0.0949367088607595,0.930379746835443,0.0759493670886076,-2.5039422391130453,0.7658227848101266,0.15822784810126583,2.9211708622968087
665833,"Cruz, Oneil",2026,"FF","Pirates","L","0.996417269",0.02531645569620253,0.2088607594936709,0.0379746835443038,-4.934473172799006,0.879746835443038,0.08227848101265822,6.813547044105646,0.006329113924050633,14.334945027908036,0.6708860759493671,0.3227848101265823,-11.066443458504157,158,0.3037974683544304,0.8987341772151899,0.006329113924050633,-2.525709718812864,0.41139240506329117,0.5822784810126582,3.245750549418152
669357,"Gorman, Nolan",2026,"FF","Cardinals","L","1.603958102",0.05063291139240506,0.15822784810126583,0.04430379746835443,-5.01988419845743,0.8354430379746836,0.12025316455696203,6.589050204416851,0.0189873417721519,8.485338797682136,0.6962025316455697,0.2848101265822785,-9.485838734756218,158,0.34810126582278483,0.9493670886075949,0,,0.3227848101265823,0.6772151898734177,3.639594598153878
691718,"Crow-Armstrong, Pete",2026,"SL","Cubs","L","4.058678064",0.10126582278481013,0.17088607594936708,0.13291139240506328,-6.253425032760232,0.6329113924050633,0.23417721518987342,10.651983596499528,0.31645569620253167,11.63556337878726,0.6329113924050633,0.05063291139240506,-11.083214814789063,158,0.3037974683544304,0.879746835443038,0.22784810126582278,-3.7343362351642893,0.6708860759493671,0.10126582278481013,3.2749041833842822
678882,"Rafaela, Ceddanne",2026,"SL","Red Sox","R","4.236317824",0.10126582278481013,0.26582278481012656,0.056962025316455694,-5.819147313436583,0.5253164556962026,0.4177215189873418,8.966339827823822,0.27848101265822783,12.047709931048168,0.6329113924050633,0.08860759493670886,-9.763052697356967,158,0.25949367088607594,0.8987341772151899,0.1518987341772152,-3.3113356216121326,0.810126582278481,0.0379746835443038,2.3814595739708473
665877,"Fermín, José",2026,"FF","Cardinals","R","0.691194614",0.0189873417721519,0.34810126582278483,0.11392405063291139,-5.479685885668453,0.8037974683544303,0.08227848101265822,5.847083018497075,0.012658227848101266,9.251127751824784,0.8607594936708861,0.12658227848101267,-10.230520989686731,158,0.12658227848101267,0.9746835443037974,0.006329113924050633,-2.2406251027403417,0.7215189873417721,0.2721518987341772,2.799470875151975
696285,"Young, Jacob",2026,"FF","Nationals","R","0.911995369",0.06369426751592357,0.35668789808917195,0.012738853503184714,-5.5082140458031095,0.7197452229299363,0.267515923566879,6.973992774806945,0.025477707006369428,8.398428132350855,0.7961783439490446,0.17834394904458598,-10.380091046073405,157,0.17834394904458598,0.8726114649681529,0.006369426751592357,-2.2107751257317485,0.5859872611464968,0.40764331210191085,3.0302400422514726
593428,"Bogaerts, Xander",2026,"FF","Padres","R","0.816930473",0.025477707006369428,0.29936305732484075,0.03821656050955414,-4.9365462815786785,0.7770700636942676,0.18471337579617833,6.4903876546630235,0.03821656050955414,8.555127940180205,0.802547770700637,0.1592356687898089,-11.194848855342485,157,0.14012738853503184,0.9235668789808917,0.012738853503184714,-3.3198010732597387,0.6560509554140127,0.33121019108280253,2.7350717772925908
669707,"Triolo, Jared",2026,"FF","Pirates","R","1.153853609",0.03821656050955414,0.3184713375796178,0.08280254777070063,-6.081459618713429,0.7961783439490446,0.12101910828025478,6.072822030066816,0,,0.6878980891719745,0.31210191082802546,-10.594841491973817,157,0.1337579617834395,0.8980891719745223,0.012738853503184714,-2.923222145314228,0.5923566878980892,0.39490445859872614,3.012551961412747
606466,"Marte, Ketel",2026,"CH","Diamondbacks","S","3.486258115",0.07006369426751592,0.2484076433121019,0.044585987261146494,-5.71978018569175,0.554140127388535,0.4012738853503185,9.192293510623111,0.40764331210191085,11.819407016876278,0.5796178343949044,0.012738853503184714,-8.052452767837629,157,0.29936305732484075,0.9617834394904459,0.18471337579617833,-3.1155993806026903,0.7770700636942676,0.03821656050955414,2.3957970846257974
679845,"Loftin, Nick",2026,"FF","Royals","R","0.85834307",0.012738853503184714,0.3503184713375796,0.08917197452229299,-5.425165360906684,0.7770700636942676,0.1337579617834395,5.532478725036535,0.012738853503184714,8.57078799263061,0.7834394904458599,0.20382165605095542,-9.457281010490732,157,0.05732484076433121,0.89171974522293,0,,0.5477707006369427,0.45222929936305734,2.6700146635179602
642715,"Adames, Willy",2026,"SL","Giants","R","3.767094047",0.17834394904458598,0.1592356687898089,0.12101910828025478,-6.323519333094072,0.5414012738853503,0.3375796178343949,9.948603231984595,0.40764331210191085,11.969095085557568,0.5477707006369427,0.044585987261146494,-11.609706564132837,157,0.445859872611465,0.8152866242038217,0.27388535031847133,-4.163689278585743,0.554140127388535,0.17197452229299362,3.2240059468064657
805779,"Wilson, Jacob",2026,"FF","Athletics","R","1.167344995",0.044585987261146494,0.21656050955414013,0.044585987261146494,-6.060477858212217,0.732484076433121,0.2229299363057325,5.968141188346167,0.03184713375796178,9.589354137283209,0.6878980891719745,0.2802547770700637,-10.221143149402721,157,0.17834394904458598,0.8598726114649682,0,,0.4012738853503185,0.5987261146496815,3.078470950552787
608324,"Bregman, Alex",2026,"SL","Cubs","R","4.866063979",0.1282051282051282,0.20512820512820512,0.07692307692307693,-5.758135830855007,0.5705128205128205,0.3525641025641026,9.49289295120781,0.391025641025641,12.184851399051105,0.5641025641025641,0.04487179487179487,-11.226271157016448,156,0.30128205128205127,0.8461538461538461,0.21794871794871795,-5.045736690284171,0.6987179487179487,0.08333333333333333,2.569476836191516
514888,"Altuve, Jose",2026,"SI","Astros","R","1.210504461",0.038461538461538464,0.2692307692307692,0.2948717948717949,-6.67491751383715,0.6538461538461539,0.05128205128205128,6.7455412376369015,0.03205128205128205,9.751460473087985,0.7884615384615384,0.1794871794871795,-10.26460221907074,156,0.16025641025641027,0.967948717948718,0.0641025641025641,-3.2099481235480076,0.7051282051282052,0.23076923076923078,3.0077632019411604
572233,"Walker, Christian",2026,"SL","Astros","R","5.681494558",0.11538461538461539,0.22435897435897437,0.10256410256410256,-7.147337318835111,0.4423076923076923,0.4551282051282051,10.694737752292632,0.40384615384615385,12.672074130534023,0.5448717948717948,0.05128205128205128,-9.644264449449446,156,0.3974358974358974,0.8269230769230769,0.23717948717948717,-4.527675924076898,0.6987179487179487,0.0641025641025641,2.701248018676305
805779,"Wilson, Jacob",2026,"SI","Athletics","R","1.498652872",0.01282051282051282,0.3974358974358974,0.1346153846153846,-6.296838405298626,0.7371794871794872,0.1282051282051282,6.733037604262504,0.019230769230769232,9.00082839348692,0.7564102564102564,0.22435897435897437,-10.333771320437169,156,0.07051282051282051,0.9102564102564102,0.01282051282051282,-5.881557798462763,0.75,0.23717948717948717,2.7461622347516
681297,"Cowser, Colton",2026,"FF","Orioles","L","0.970700329",0.03205128205128205,0.23076923076923078,0.07692307692307693,-5.938620547177041,0.7307692307692307,0.19230769230769232,5.890087441822872,0.04487179487179487,8.475685414808634,0.782051282051282,0.17307692307692307,-9.175748850155244,156,0.23076923076923078,0.9358974358974359,0.01282051282051282,-2.6440880245511087,0.5576923076923077,0.42948717948717946,3.1427634918147804
668715,"Steer, Spencer",2026,"SI","Reds","R","0.799266725",0.038461538461538464,0.2692307692307692,0.16666666666666666,-5.785829909814735,0.7371794871794872,0.09615384615384616,6.714032639338497,0,,0.7115384615384616,0.28846153846153844,-9.873253388879558,156,0.19230769230769232,0.9358974358974359,0.09615384615384616,-2.7382824071008223,0.6794871794871795,0.22435897435897437,3.0322508510580066
521692,"Perez, Salvador",2026,"SL","Royals","R","4.787997986",0.14193548387096774,0.2,0.03225806451612903,-4.8453970673855045,0.4967741935483871,0.47096774193548385,9.84285306387128,0.4774193548387097,12.040453485575975,0.5032258064516129,0.01935483870967742,-12.076498162878238,155,0.32903225806451614,0.9161290322580645,0.17419354838709677,-3.382369419736092,0.6838709677419355,0.14193548387096774,2.8990253456078006
673548,"Suzuki, Seiya",2026,"SL","Cubs","R","4.781150685",0.06451612903225806,0.1870967741935484,0.05161290322580645,-6.3945256956340515,0.5225806451612903,0.4258064516129032,9.882543542320619,0.4064516129032258,12.871738442308018,0.5161290322580645,0.07741935483870968,-10.357691080166617,155,0.3161290322580645,0.8838709677419355,0.10967741935483871,-4.630906511654583,0.7096774193548387,0.18064516129032257,2.626293109616474
701398,"Stewart, Sal",2026,"SL","Reds","R","3.371653414",0.07096774193548387,0.2129032258064516,0.06451612903225806,-6.49269705170835,0.5870967741935483,0.34838709677419355,8.00967513876241,0.2903225806451613,10.39343994945785,0.632258064516129,0.07741935483870968,-11.219350130912202,155,0.23870967741935484,0.896774193548387,0.17419354838709677,-4.005051529892671,0.7225806451612903,0.1032258064516129,3.214508583567905
810938,"Williamson, Ben",2026,"FF","Rays","R","1.543455812",0.03870967741935484,0.3032258064516129,0.05161290322580645,-4.869132371787066,0.7419354838709677,0.2064516129032258,6.762550587774879,0.012903225806451613,9.705857943401478,0.7548387096774194,0.23225806451612904,-9.659057774870842,155,0.09032258064516129,0.8838709677419355,0.0064516129032258064,-2.0819657507379,0.7225806451612903,0.2709677419354839,2.6509071498328605
683002,"Henderson, Gunnar",2026,"CH","Orioles","L","2.71214015",0.08387096774193549,0.2129032258064516,0.03870967741935484,-5.759996018345292,0.6258064516129033,0.33548387096774196,6.971080210537646,0.33548387096774196,10.522691505378916,0.6258064516129033,0.03870967741935484,-8.618209907981363,155,0.23870967741935484,0.9161290322580645,0.2129032258064516,-3.4604482940924473,0.6967741935483871,0.09032258064516129,2.5441194243038785
642086,"Smith, Dominic",2026,"FF","Braves","L","1.311663355",0.01948051948051948,0.2922077922077922,0.03896103896103896,-5.223069110647937,0.8051948051948052,0.15584415584415584,5.43280343983593,0.025974025974025976,8.995117850117856,0.7597402597402597,0.21428571428571427,-10.164995857590577,154,0.12987012987012986,0.9090909090909091,0.006493506493506494,-4.8910295217535005,0.5454545454545454,0.44805194805194803,3.0675686827121194
687221,"Rushing, Dalton",2026,"FF","Dodgers","L","0.849955114",0.045454545454545456,0.18181818181818182,0.12987012987012986,-5.8666065644281185,0.8116883116883117,0.05844155844155844,6.09534293410902,0.006493506493506494,9.562682204373825,0.6363636363636364,0.35714285714285715,-9.67897523813899,154,0.35714285714285715,0.948051948051948,0.012987012987012988,-2.9566242909599803,0.538961038961039,0.44805194805194803,3.1863763720738785
668709,"Bleday, JJ",2026,"CH","Reds","L","4.105160989",0.14935064935064934,0.14935064935064934,0.025974025974025976,-5.645503425450466,0.36363636363636365,0.6103896103896104,8.908678234471765,0.6233766233766234,12.909386420907014,0.37662337662337664,0,,154,0.42207792207792205,0.961038961038961,0.24025974025974026,-3.352370408103245,0.7077922077922078,0.05194805194805195,2.4493444600846725
676724,"Young, Jared",2026,"FF","Mets","L","1.058452099",0.032467532467532464,0.2597402597402597,0.1038961038961039,-5.529779521281124,0.8051948051948052,0.09090909090909091,5.2039327314512365,0,,0.7922077922077922,0.2077922077922078,-9.360830704500076,154,0.2662337662337662,0.9415584415584416,0,,0.4675324675324675,0.5324675324675324,3.143489905936162
701807,"Benge, Carson",2026,"SI","Mets","L","1.176321395",0.032467532467532464,0.2857142857142857,0.11038961038961038,-5.5307750885997,0.7532467532467533,0.13636363636363635,8.124519611880507,0.006493506493506494,9.220727878388693,0.7597402597402597,0.23376623376623376,-11.113835651864594,154,0.17532467532467533,0.922077922077922,0.12337662337662338,-2.628782842214739,0.6428571428571429,0.23376623376623376,2.9162886199075757
666182,"Bichette, Bo",2026,"SL","Mets","R","5.288162102",0.05194805194805195,0.18181818181818182,0.032467532467532464,-6.774059043193022,0.5324675324675324,0.43506493506493504,10.199295587707125,0.44155844155844154,13.671912337447024,0.512987012987013,0.045454545454545456,-9.63661011370177,154,0.2727272727272727,0.9415584415584416,0.09090909090909091,-4.137523097131036,0.6688311688311688,0.24025974025974026,2.707025450939248
691406,"Caminero, Junior",2026,"SL","Rays","R","3.048752525",0.11764705882352941,0.23529411764705882,0.09803921568627451,-5.43901607041724,0.5490196078431373,0.35294117647058826,7.5349557851563675,0.41830065359477125,11.655004468958566,0.5686274509803921,0.013071895424836602,-10.416886509713285,153,0.2679738562091503,0.9019607843137255,0.27450980392156865,-3.5336455433706973,0.6274509803921569,0.09803921568627451,2.9029579894002477
666969,"García, Adolis",2026,"FF","Phillies","R","1.415297874",0.05921052631578947,0.19078947368421054,0.03289473684210526,-5.176864795582471,0.7894736842105263,0.17763157894736842,7.414476446156693,0.006578947368421052,8.685045349260362,0.6052631578947368,0.3881578947368421,-11.325316626380934,152,0.34210526315789475,0.868421052631579,0.006578947368421052,-2.499980103721309,0.40789473684210525,0.5855263157894737,3.4855257889878377
621020,"Swanson, Dansby",2026,"SI","Cubs","R","1.309478449",0.046052631578947366,0.29605263157894735,0.13157894736842105,-5.9151113438170535,0.7236842105263158,0.14473684210526316,6.05612739760261,0.019736842105263157,7.705769589596185,0.7631578947368421,0.21710526315789475,-10.083100247947597,152,0.21052631578947367,0.9407894736842105,0.16447368421052633,-2.951277641891126,0.6381578947368421,0.19736842105263158,3.301337738248938
691723,"Mayo, Coby",2026,"FF","Orioles","R","0.893486133",0.039473684210526314,0.2236842105263158,0.09210526315789473,-5.900674861019237,0.75,0.15789473684210525,6.157816352420731,0.02631578947368421,9.387295878894271,0.8355263157894737,0.13815789473684212,-10.256293575844815,152,0.18421052631578946,0.9013157894736842,0,,0.5526315789473685,0.4473684210526316,2.834816973868575
647304,"Naylor, Josh",2026,"SI","Mariners","L","1.375841543",0.019736842105263157,0.3618421052631579,0.15789473684210525,-5.794987183382991,0.7368421052631579,0.10526315789473684,6.323903478643066,0.05263157894736842,8.729385645414942,0.8026315789473685,0.14473684210526316,-9.44551851272514,152,0.10526315789473684,0.9605263157894737,0.09868421052631579,-3.1426956520119127,0.743421052631579,0.15789473684210525,2.709089486125458
700250,"Rice, Ben",2026,"SI","Yankees","L","1.379464858",0.046052631578947366,0.2894736842105263,0.11842105263157894,-6.185459285137937,0.7171052631578947,0.16447368421052633,6.557316545308188,0.019736842105263157,7.134126535903654,0.8421052631578947,0.13815789473684212,-10.394306932051236,152,0.16447368421052633,0.9539473684210527,0.10526315789473684,-2.9026508068692927,0.6447368421052632,0.25,2.9318161803736964
703607,"Bolte, Henry",2026,"FF","Athletics","R","1.444006357",0.06578947368421052,0.16447368421052633,0.09868421052631579,-5.622754974542153,0.743421052631579,0.15789473684210525,9.001121720839686,0,,0.6973684210526315,0.3026315789473684,-10.399001727589548,152,0.3092105263157895,0.8881578947368421,0.02631578947368421,-3.7234500803708492,0.5921052631578947,0.3815789473684211,3.618446289787668
663656,"Tucker, Kyle",2026,"CH","Dodgers","L","3.027380913",0.06622516556291391,0.2119205298013245,0.013245033112582781,-4.744605873363534,0.6291390728476821,0.3576158940397351,8.354211531752785,0.47019867549668876,12.120555095283724,0.5099337748344371,0.019867549668874173,-12.814081862592003,151,0.2781456953642384,0.9403973509933775,0.1456953642384106,-3.432227930841072,0.7152317880794702,0.1390728476821192,2.62194860480245
666152,"Hamilton, David",2026,"FF","Brewers","L","0.69268463",0.026490066225165563,0.33112582781456956,0.026490066225165563,-4.9853485506693564,0.8543046357615894,0.11920529801324503,5.521654932567478,0.006622516556291391,8.045107588605475,0.7284768211920529,0.26490066225165565,-9.682965322284657,151,0.16556291390728478,0.9403973509933775,0.026490066225165563,-2.363836597108166,0.6622516556291391,0.31125827814569534,2.788177050376092
660688,"Ruiz, Keibert",2026,"FF","Nationals","S","0.846911771",0.006622516556291391,0.41721854304635764,0.09271523178807947,-4.748958539536218,0.8874172185430463,0.019867549668874173,4.588510443504439,0.006622516556291391,8.629858230427658,0.8278145695364238,0.16556291390728478,-9.91782876254094,151,0.059602649006622516,0.9006622516556292,0.006622516556291391,-2.083681523222713,0.6556291390728477,0.33774834437086093,2.7831983261826823
671289,"Freeman, Tyler",2026,"FF","Rockies","R","0.612244475",0.02666666666666667,0.29333333333333333,0.09333333333333334,-5.552911154243909,0.78,0.12666666666666668,7.463941129951162,0.02,9.636055747317853,0.7733333333333333,0.20666666666666667,-11.160229859834615,150,0.08666666666666667,0.8533333333333334,0,,0.7,0.3,2.6246593384241
666126,"Cortes, Carlos",2026,"FF","Athletics","L","1.039534924",0.02,0.26,0.02,-6.4888324629979595,0.8066666666666666,0.17333333333333334,6.179619995502798,0,,0.7333333333333333,0.26666666666666666,-10.172348432313562,150,0.12,0.8666666666666667,0,,0.44,0.56,2.8888860626699855
672580,"Garcia, Maikel",2026,"FF","Royals","R","1.344966734",0.04666666666666667,0.38666666666666666,0.05333333333333334,-4.849164303427391,0.84,0.10666666666666667,8.683558658152434,0,,0.76,0.24,-10.447797105212645,150,0.12,0.9333333333333333,0.013333333333333334,-3.3315097039231363,0.7466666666666667,0.24,2.894098112031787
682177,"Schneemann, Daniel",2026,"FF","Guardians","L","1.022844278",0.04697986577181208,0.22818791946308725,0.08053691275167785,-5.670999510306185,0.8187919463087249,0.10067114093959731,5.870073472038492,0.006711409395973154,10.773658484047752,0.7449664429530202,0.2483221476510067,-10.015744373741045,149,0.28187919463087246,0.9530201342281879,0.006711409395973154,-2.433599550631409,0.5973154362416108,0.3959731543624161,3.3444943043201936
682985,"Greene, Riley",2026,"CH","Tigers","L","4.805044955",0.20134228187919462,0.1476510067114094,0.020134228187919462,-7.167524626748904,0.4563758389261745,0.5234899328859061,8.793721730929182,0.4563758389261745,12.425291090330647,0.5100671140939598,0.03355704697986577,-10.256323469852692,149,0.4429530201342282,0.9664429530201343,0.348993288590604,-3.2579974043398687,0.5973154362416108,0.053691275167785234,3.0270215294578486
687263,"Neto, Zach",2026,"CH","Angels","R","3.874610295",0.18120805369127516,0.1342281879194631,0.040268456375838924,-7.191951754121439,0.4563758389261745,0.5033557046979866,9.441268828727003,0.48322147651006714,12.12772143387474,0.4966442953020134,0.020134228187919462,-8.98564584816211,149,0.4563758389261745,0.959731543624161,0.38926174496644295,-3.224426206480854,0.5838926174496645,0.026845637583892617,2.972442277810337
691023,"Walker, Jordan",2026,"ST","Cardinals","R","5.6823686",0.0738255033557047,0.16778523489932887,0.040268456375838924,-9.444060940694511,0.5033557046979866,0.4563758389261745,10.606297595207089,0.4161073825503356,13.497050740560127,0.5234899328859061,0.06040268456375839,-10.369225303334316,149,0.3087248322147651,0.8322147651006712,0.18120805369127516,-3.261934729130785,0.6510067114093959,0.16778523489932887,2.612294089465309
671277,"García Jr., Luis",2026,"CH","zMLB","L","3.625783921",0.087248322147651,0.2550335570469799,0,,0.5570469798657718,0.4429530201342282,7.7061839927337825,0.3959731543624161,11.212114342779689,0.5771812080536913,0.026845637583892617,-8.085938737567155,149,0.2483221476510067,0.9530201342281879,0.2080536912751678,-2.891762338436138,0.7785234899328859,0.013422818791946308,2.494186164096061
700250,"Rice, Ben",2026,"SL","Yankees","L","4.409183665",0.15436241610738255,0.21476510067114093,0.06040268456375839,-6.034461560463742,0.5234899328859061,0.4161073825503356,9.171008297815627,0.42953020134228187,12.50899021127922,0.5234899328859061,0.04697986577181208,-11.2400001031797,149,0.37583892617449666,0.8590604026845637,0.2550335570469799,-4.173411172246848,0.6241610738255033,0.12080536912751678,2.8519743447522172
673962,"Jung, Josh",2026,"SI","Rangers","R","1.11244859",0.020134228187919462,0.2751677852348993,0.2348993288590604,-6.136634080514198,0.6912751677852349,0.0738255033557047,5.651618245541492,0,,0.7181208053691275,0.28187919463087246,-9.544651040315001,149,0.087248322147651,0.9194630872483222,0.18120805369127516,-2.8510112416111477,0.7315436241610739,0.087248322147651,2.706666616467134
680779,"Davis, Henry",2026,"FF","Pirates","R","0.912445407",0.08053691275167785,0.24161073825503357,0.1476510067114094,-6.1102038141067005,0.785234899328859,0.06711409395973154,6.653939470365909,0,,0.738255033557047,0.26174496644295303,-10.426645197838768,149,0.31543624161073824,0.912751677852349,0,,0.5167785234899329,0.48322147651006714,3.081205839073081
691023,"Walker, Jordan",2026,"SL","Cardinals","R","6.865910077",0.18791946308724833,0.11409395973154363,0.04697986577181208,-6.567918725884242,0.47651006711409394,0.47651006711409394,12.106311730109496,0.5234899328859061,13.091157931540877,0.436241610738255,0.040268456375838924,-9.378655261719747,149,0.40268456375838924,0.8389261744966443,0.2684563758389262,-3.5878720158298147,0.6308724832214765,0.10067114093959731,2.459852051333619
691594,"Sanoja, Javier",2026,"FF","Marlins","R","0.70553887",0.02702702702702703,0.34459459459459457,0.06756756756756757,-5.219181766992656,0.7905405405405406,0.14189189189189189,5.715156996216064,0.033783783783783786,7.479638750082048,0.8378378378378378,0.12837837837837837,-10.954991133158005,148,0.0945945945945946,0.9459459459459459,0.006756756756756757,-2.185232228659394,0.6013513513513513,0.3918918918918919,2.86603746933658
682626,"Alvarez, Francisco",2026,"FF","Mets","R","0.707961504",0.060810810810810814,0.23648648648648649,0.060810810810810814,-5.6302969783906,0.8040540540540541,0.13513513513513514,7.448164131138352,0.006756756756756757,7.082080828755021,0.6756756756756757,0.31756756756756754,-10.995806381156864,148,0.3310810810810811,0.9324324324324325,0.006756756756756757,-2.8065323927640153,0.4527027027027027,0.5405405405405406,2.9071974293632707
680869,"Gelof, Zack",2026,"FF","Athletics","R","0.806209776",0.04054054054054054,0.2702702702702703,0.033783783783783786,-4.999238861497356,0.8851351351351351,0.08108108108108109,6.595230082305822,0.006756756756756757,12.101357771752163,0.7972972972972973,0.19594594594594594,-9.631527850222767,148,0.3310810810810811,0.9527027027027027,0.02027027027027027,-3.3319228063229755,0.6081081081081081,0.3716216216216216,3.100272167812351
694728,"Matthews, Brice",2026,"FF","Astros","R","1.189870577",0.06756756756756757,0.1891891891891892,0.033783783783783786,-5.484559695364551,0.831081081081081,0.13513513513513514,6.960236908053612,0.006756756756756757,7.499733331126762,0.6013513513513513,0.3918918918918919,-10.246301964073895,148,0.38513513513513514,0.8986486486486487,0.006756756756756757,-2.573449836555462,0.34459459459459457,0.6486486486486487,3.3356556344873853
571448,"Arenado, Nolan",2026,"SI","Diamondbacks","R","2.697772453",0.05405405405405406,0.2972972972972973,0.28378378378378377,-7.354984056893025,0.6418918918918919,0.07432432432432433,6.874757243728855,0.06756756756756757,10.3731548036465,0.7635135135135135,0.16891891891891891,-10.352958112840296,148,0.12837837837837837,0.9391891891891891,0.0945945945945946,-4.667774300056325,0.8040540540540541,0.10135135135135136,3.0285960221201926
542303,"Ozuna, Marcell",2026,"FF","Pirates","R","0.732019041",0.013513513513513514,0.31756756756756754,0.04054054054054054,-6.0663055841852636,0.8581081081081081,0.10135135135135136,6.583303826531314,0.013513513513513514,7.663715070768546,0.722972972972973,0.2635135135135135,-10.670938339312151,148,0.1554054054054054,0.831081081081081,0.013513513513513514,-2.2776091683308404,0.722972972972973,0.2635135135135135,2.8424210933416965
682829,"De La Cruz, Elly",2026,"CH","Reds","S","4.315606914",0.18243243243243243,0.0945945945945946,0,,0.31756756756756754,0.6824324324324325,8.050387670855738,0.5337837837837838,13.034497218977299,0.4189189189189189,0.0472972972972973,-9.36064083492839,148,0.3581081081081081,0.9391891891891891,0.31756756756756754,-3.2896795148075477,0.6621621621621622,0.02027027027027027,2.9925109925824174
670770,"Friedl, TJ",2026,"FF","Reds","L","0.659220182",0.033783783783783786,0.3783783783783784,0.0945945945945946,-5.690655079054263,0.8040540540540541,0.10135135135135136,6.3965747854694,0,,0.7567567567567568,0.24324324324324326,-10.289118102561803,148,0.1554054054054054,0.8851351351351351,0.013513513513513514,-2.8395427169497447,0.668918918918919,0.31756756756756754,2.763894302365717
695734,"Lile, Daylen",2026,"SL","Nationals","L","3.83645249",0.10204081632653061,0.21768707482993196,0.05442176870748299,-8.619862229842301,0.5578231292517006,0.3877551020408163,7.562867268283486,0.3673469387755102,11.358842917163212,0.5986394557823129,0.034013605442176874,-10.474688905551105,147,0.29931972789115646,0.891156462585034,0.2108843537414966,-4.626928106561446,0.7006802721088435,0.08843537414965986,2.7367600761403157
703607,"Bolte, Henry",2026,"SI","Athletics","R","2.04913599",0.03424657534246575,0.19863013698630136,0.3013698630136986,-6.782403028784293,0.5753424657534246,0.1232876712328767,6.2224823661325335,0,,0.7054794520547946,0.2945205479452055,-10.219301342886702,146,0.22602739726027396,0.9383561643835616,0.3013698630136986,-3.551569634459804,0.589041095890411,0.1095890410958904,2.5592529893245373
518692,"Freeman, Freddie",2026,"SL","Dodgers","L","4.420095262",0.13013698630136986,0.1917808219178082,0.0410958904109589,-8.155901873582708,0.5821917808219178,0.3767123287671233,9.216964856690376,0.3287671232876712,11.955561570792488,0.541095890410959,0.13013698630136986,-10.963700663176688,146,0.3493150684931507,0.863013698630137,0.19863013698630136,-4.806010875159998,0.636986301369863,0.1643835616438356,2.9392308904361513
571448,"Arenado, Nolan",2026,"SL","Diamondbacks","R","5.860308437",0.1643835616438356,0.1780821917808219,0.0958904109589041,-5.138721210574492,0.5205479452054794,0.3835616438356164,11.411779833419832,0.4246575342465753,14.09745167526309,0.541095890410959,0.03424657534246575,-10.764271811827266,146,0.3356164383561644,0.8904109589041096,0.22602739726027396,-3.618359977031355,0.6575342465753424,0.11643835616438356,2.9800817115015548
543760,"Semien, Marcus",2026,"SI","Mets","R","1.419815709",0.0273972602739726,0.3972602739726027,0.0684931506849315,-6.781350252982396,0.8424657534246576,0.08904109589041095,6.729805358535341,0.00684931506849315,7.277654204023026,0.7123287671232876,0.2808219178082192,-10.858354047885586,146,0.11643835616438356,0.958904109589041,0.08904109589041095,-3.0264038288848734,0.7328767123287672,0.1780821917808219,3.1554414409406375
607043,"Nimmo, Brandon",2026,"SI","Rangers","L","1.206406243",0.03424657534246575,0.21232876712328766,0.0684931506849315,-4.78957666958419,0.7054794520547946,0.22602739726027396,6.346761259889052,0.0273972602739726,8.14445364983186,0.8356164383561644,0.136986301369863,-10.509553469220837,146,0.15753424657534246,0.9178082191780822,0.0958904109589041,-3.499533952104079,0.6506849315068494,0.2534246575342466,2.619275587006401
808982,"Lee, Jung Hoo",2026,"SI","Giants","L","1.347144562",0.0410958904109589,0.3561643835616438,0.11643835616438356,-7.318022577663915,0.7808219178082192,0.10273972602739725,7.1554137597604734,0.03424657534246575,8.321926074016893,0.7328767123287672,0.2328767123287671,-11.021579715748684,146,0.11643835616438356,0.9041095890410958,0.11643835616438356,-2.8141731202095066,0.726027397260274,0.15753424657534246,2.545856745041032
666023,"Fermin, Freddy",2026,"FF","Padres","R","1.555383361",0.04794520547945205,0.2054794520547945,0.06164383561643835,-6.211013360389243,0.7123287671232876,0.22602739726027396,6.233398631213554,0.04794520547945205,8.035261888982758,0.7465753424657534,0.2054794520547945,-9.81308386445951,146,0.21232876712328766,0.9452054794520548,0.0684931506849315,-3.277524200260116,0.5684931506849316,0.363013698630137,3.096534057459019
677800,"Abreu, Wilyer",2026,"SI","Red Sox","L","1.101631013",0.03424657534246575,0.2808219178082192,0.13013698630136986,-6.966724260508258,0.726027397260274,0.14383561643835616,6.258724114281272,0,,0.6232876712328768,0.3767123287671233,-10.101103341018135,146,0.14383561643835616,0.8972602739726028,0.06164383561643835,-2.7333561938797573,0.678082191780822,0.2602739726027397,2.7156074545167304
665742,"Soto, Juan",2026,"FF","Mets","L","1.341753357",0.0273972602739726,0.363013698630137,0.0136986301369863,-4.387314097593347,0.910958904109589,0.07534246575342465,7.29327784678773,0.00684931506849315,7.398518159457516,0.815068493150685,0.1780821917808219,-10.811326166266568,146,0.2328767123287671,0.952054794520548,0.02054794520547945,-2.1299635855442607,0.6301369863013698,0.3493150684931507,3.372373029996866
666211,"Trammell, Taylor",2026,"FF","Astros","L","1.154737762",0.034482758620689655,0.2,0.0896551724137931,-5.4356460804748385,0.8137931034482758,0.09655172413793103,5.579746199614552,0.006896551724137931,8.85528882485182,0.7724137931034483,0.2206896551724138,-10.457807060071856,145,0.36551724137931035,0.9655172413793104,0,,0.47586206896551725,0.5241379310344828,3.3208966483961735
669477,"Schmitt, Casey",2026,"SI","Giants","R","1.057432857",0.020689655172413793,0.2896551724137931,0.18620689655172415,-5.516231014273025,0.7172413793103448,0.09655172413793103,6.687334736844478,0.013793103448275862,7.373502869239134,0.696551724137931,0.2896551724137931,-10.361065591590314,145,0.0896551724137931,0.9310344827586207,0.041379310344827586,-2.613959460272902,0.7586206896551724,0.2,2.871829561427335
571970,"Muncy, Max",2026,"CH","Dodgers","L","3.67956108",0.13793103448275862,0.20689655172413793,0.027586206896551724,-9.396286807353967,0.42758620689655175,0.5448275862068965,8.203270229972109,0.46206896551724136,11.864906971969221,0.5172413793103449,0.020689655172413793,-12.299311297176981,145,0.3724137931034483,0.9310344827586207,0.2620689655172414,-3.2324208745879077,0.7034482758620689,0.034482758620689655,2.7960024262757517
668804,"Reynolds, Bryan",2026,"SL","Pirates","S","4.492496501",0.14482758620689656,0.1724137931034483,0.12413793103448276,-7.165420326958698,0.6275862068965518,0.2482758620689655,9.430678405191525,0.22758620689655173,12.199384256164945,0.696551724137931,0.07586206896551724,-12.377360257458069,145,0.43448275862068964,0.903448275862069,0.4689655172413793,-4.678246320816837,0.47586206896551725,0.05517241379310345,2.974242669064968
683748,"Mesa Jr., Victor",2026,"FF","Rays","L","0.86272177",0.041666666666666664,0.20833333333333334,0.06944444444444445,-4.866759283746445,0.8194444444444444,0.1111111111111111,6.284060808711445,0.006944444444444444,7.526074137956822,0.7847222222222222,0.20833333333333334,-10.967377048833365,144,0.3125,0.9305555555555556,0.020833333333333332,-2.124179746786312,0.5277777777777778,0.4513888888888889,2.9677866145981113
624413,"Alonso, Pete",2026,"SL","Orioles","R","4.14953496",0.1388888888888889,0.1597222222222222,0.06944444444444445,-5.370414358505558,0.5486111111111112,0.3819444444444444,9.329672468737005,0.2916666666666667,11.836729664134596,0.6319444444444444,0.0763888888888889,-10.51373596517352,144,0.3541666666666667,0.9027777777777778,0.2916666666666667,-3.7918580328609472,0.6319444444444444,0.0763888888888889,3.2492747582715786
668804,"Reynolds, Bryan",2026,"CH","Pirates","S","3.133470669",0.07692307692307693,0.26573426573426573,0.013986013986013986,-6.922551787677591,0.46853146853146854,0.5174825174825175,7.812631661306507,0.3356643356643357,10.411749601543168,0.6013986013986014,0.06293706293706294,-10.907647316237286,143,0.2867132867132867,0.9300699300699301,0.16783216783216784,-3.42621867823197,0.7622377622377622,0.06993006993006994,2.8785643785744046
670032,"Lopez, Nicky",2026,"FF","zMLB","L","0.544093629",0.04195804195804196,0.24475524475524477,0.04195804195804196,-5.39366818653879,0.8041958041958042,0.15384615384615385,6.106471843703737,0,,0.7132867132867133,0.2867132867132867,-9.904022134667615,143,0.1958041958041958,0.9370629370629371,0.013986013986013986,-2.6195429516193283,0.6643356643356644,0.32167832167832167,2.8465944062447
701398,"Stewart, Sal",2026,"ST","Reds","R","3.922689445",0.055944055944055944,0.1888111888111888,0.013986013986013986,-13.142164918356777,0.6223776223776224,0.36363636363636365,8.80688085502591,0.3706293706293706,12.711220104464285,0.6013986013986014,0.027972027972027972,-10.460447125935705,143,0.25874125874125875,0.8461538461538461,0.09090909090909091,-3.9183379613475195,0.7552447552447552,0.15384615384615385,2.6570759813152356
621439,"Buxton, Byron",2026,"SI","Twins","R","2.240527933",0.04225352112676056,0.2676056338028169,0.1619718309859155,-6.7537393690095096,0.7605633802816901,0.07746478873239436,7.028792917568949,0.035211267605633804,9.13158183714115,0.7816901408450704,0.18309859154929578,-10.746466515044316,142,0.19718309859154928,0.9084507042253521,0.19014084507042253,-3.3828486003640776,0.676056338028169,0.13380281690140844,2.707151521705746
672960,"Okamoto, Kazuma",2026,"SL","Blue Jays","R","6.161227266",0.2323943661971831,0.16901408450704225,0.09154929577464789,-9.44572823069015,0.4788732394366197,0.4295774647887324,10.452668280334617,0.38028169014084506,13.501251362161252,0.5633802816901409,0.056338028169014086,-9.74318716283312,142,0.44366197183098594,0.9014084507042254,0.33098591549295775,-4.861225489088761,0.5070422535211268,0.1619718309859155,3.277434786180257
672640,"Lopez, Otto",2026,"SI","Marlins","R","0.863095524",0,0.33098591549295775,0.09859154929577464,-5.804981933169584,0.6971830985915493,0.20422535211267606,5.566258564795291,0.02112676056338028,10.105902349825193,0.8591549295774648,0.11971830985915492,-9.83686509041506,142,0.04225352112676056,0.9295774647887324,0.07746478873239436,-2.5011144980616575,0.795774647887324,0.1267605633802817,2.490177898382879
681481,"Carpenter, Kerry",2026,"FF","Tigers","L","0.801322834",0.035211267605633804,0.30985915492957744,0.04929577464788732,-5.3917475870582035,0.9084507042253521,0.04225352112676056,6.302307739278728,0.014084507042253521,8.850002452133932,0.8098591549295775,0.176056338028169,-9.823106435259707,142,0.2676056338028169,0.9154929577464789,0.014084507042253521,-2.42481367949752,0.6056338028169014,0.38028169014084506,2.9876012825427773
672515,"Moreno, Gabriel",2026,"SI","Diamondbacks","R","0.987041481",0.007042253521126761,0.323943661971831,0.19718309859154928,-5.2934206564087125,0.7112676056338029,0.09154929577464789,8.736126967365804,0.028169014084507043,8.942070346143073,0.7887323943661971,0.18309859154929578,-10.537977232948933,142,0.028169014084507043,0.9154929577464789,0.035211267605633804,-2.5926492072816516,0.8802816901408451,0.08450704225352113,2.6953131202814418
668227,"Arozarena, Randy",2026,"SL","Mariners","R","4.55010925",0.14084507042253522,0.2535211267605634,0.09859154929577464,-5.3887139151831605,0.5492957746478874,0.352112676056338,10.608454276650994,0.24647887323943662,14.060212098628075,0.5563380281690141,0.19718309859154928,-12.089367363533379,142,0.30985915492957744,0.9084507042253521,0.2112676056338028,-4.323784513022437,0.6338028169014085,0.15492957746478872,3.29232273768392
643446,"McNeil, Jeff",2026,"SI","Athletics","L","0.897974329",0.03546099290780142,0.375886524822695,0.1702127659574468,-6.2518464776028955,0.7588652482269503,0.07092198581560284,7.31849720744689,0.014184397163120567,9.47511180502445,0.8156028368794326,0.1702127659574468,-9.831372917389489,141,0.06382978723404255,0.9148936170212766,0.028368794326241134,-3.027403662311113,0.8439716312056738,0.1276595744680851,2.7207234984633866
669364,"Edwards, Xavier",2026,"SI","Marlins","S","1.43400586",0.0070921985815602835,0.3475177304964539,0,,0.5319148936170213,0.46808510638297873,6.6627247651097825,0.05673758865248227,8.465131270785106,0.8014184397163121,0.14184397163120568,-9.701980108337553,141,0.05673758865248227,0.9574468085106383,0.014184397163120567,-2.2182973504816523,0.7163120567375887,0.2695035460992908,2.7909153759421934
663743,"Fortes, Nick",2026,"FF","Rays","R","0.57307866",0.02127659574468085,0.23404255319148937,0.24822695035460993,-6.0161192779142505,0.7163120567375887,0.03546099290780142,5.883756095563522,0.0070921985815602835,9.140349744937561,0.7446808510638298,0.24822695035460993,-9.34451609559249,141,0.14184397163120568,0.950354609929078,0.028368794326241134,-2.2724905968688924,0.7304964539007093,0.24113475177304963,2.52874233455872
665161,"Peña, Jeremy",2026,"SL","Astros","R","5.430236146",0.2127659574468085,0.16312056737588654,0.06382978723404255,-5.763240313356551,0.425531914893617,0.5106382978723404,11.499406904468435,0.5531914893617021,14.248645796080998,0.4397163120567376,0.0070921985815602835,-9.665143155920711,141,0.425531914893617,0.9432624113475178,0.2978723404255319,-3.31689194611733,0.6382978723404256,0.06382978723404255,2.4790733273347536
641933,"O'Neill, Tyler",2026,"FF","Orioles","R","0.92860307",0.028368794326241134,0.23404255319148937,0.09219858156028368,-5.255718045690963,0.7872340425531915,0.12056737588652482,5.561325589969216,0.02127659574468085,7.773029148069503,0.7872340425531915,0.19148936170212766,-9.039384977311515,141,0.2553191489361702,0.9219858156028369,0,,0.574468085106383,0.425531914893617,3.1508799877344553
695734,"Lile, Daylen",2026,"CH","Nationals","L","3.036525432",0.07142857142857142,0.2571428571428571,0.007142857142857143,-8.678200622293772,0.5142857142857142,0.4785714285714286,7.955198659308234,0.4,11.751346482443768,0.5785714285714286,0.02142857142857143,-9.094060694401668,140,0.24285714285714285,0.9571428571428572,0.10714285714285714,-2.6889068577799446,0.85,0.04285714285714286,3.3989986883546917
701762,"Kurtz, Nick",2026,"SI","Athletics","L","1.721129328",0.03571428571428571,0.2,0.17857142857142858,-6.0713245908719555,0.6071428571428571,0.21428571428571427,9.14324015393124,0.007142857142857143,8.951043803495034,0.75,0.24285714285714285,-11.785632147224668,140,0.2571428571428571,0.8785714285714286,0.18571428571428572,-3.2371727448253096,0.6071428571428571,0.20714285714285716,2.9574980889064837
575929,"Contreras, Willson",2026,"SL","Red Sox","R","6.536965231",0.24285714285714285,0.09285714285714286,0.10714285714285714,-6.531284028898207,0.4142857142857143,0.4785714285714286,12.44661343079054,0.5571428571428572,15.251478501012674,0.37857142857142856,0.06428571428571428,-11.504320752752077,140,0.4642857142857143,0.8785714285714286,0.32857142857142857,-3.852508502389529,0.6,0.07142857142857142,2.945222487687405
694249,"Carrigg, Cole",2026,"FF","Rockies","S","0.890580151",0.04285714285714286,0.17857142857142858,0.20714285714285716,-6.1372797256128395,0.7071428571428572,0.08571428571428572,6.293295192272489,0.02142857142857143,9.084443976015654,0.7,0.2785714285714286,-10.48648257068854,140,0.22857142857142856,0.9357142857142857,0.03571428571428571,-3.57024776061709,0.5928571428571429,0.37142857142857144,2.7945735598139265
683737,"Busch, Michael",2026,"SL","Cubs","L","4.556265682",0.19285714285714287,0.17857142857142858,0.03571428571428571,-5.323314414294136,0.6071428571428571,0.35714285714285715,9.31500407704734,0.36428571428571427,12.396252223035868,0.55,0.08571428571428572,-12.20574391072892,140,0.4142857142857143,0.85,0.40714285714285714,-4.204132388340516,0.4642857142857143,0.12857142857142856,2.6793350757367866
680777,"Jeffers, Ryan",2026,"FF","Twins","R","1.196439341",0,0.2785714285714286,0.08571428571428572,-5.777433586030212,0.7928571428571428,0.12142857142857143,5.597679006228205,0.007142857142857143,8.491707499508168,0.7142857142857143,0.2785714285714286,-10.009720188664652,140,0.08571428571428572,0.9142857142857143,0.02142857142857143,-2.396783537007329,0.7214285714285714,0.2571428571428571,2.4941381027197784
678391,"Vivas, Jorbit",2026,"FF","Nationals","L","0.844253061",0.014285714285714285,0.24285714285714285,0.25,-6.088611415570973,0.6642857142857143,0.08571428571428572,5.948858868134723,0.007142857142857143,7.530197788444895,0.7571428571428571,0.2357142857142857,-10.092610832799174,140,0.1,0.9285714285714286,0.014285714285714285,-2.306267306882777,0.7142857142857143,0.2714285714285714,2.647187484391739
678246,"Vargas, Miguel",2026,"SL","White Sox","R","2.93200667",0.05714285714285714,0.2642857142857143,0.07857142857142857,-4.815741620448847,0.6428571428571429,0.2785714285714286,9.500372448358965,0.2785714285714286,11.67797347925673,0.6357142857142857,0.08571428571428572,-12.907263311989915,140,0.2642857142857143,0.8142857142857143,0.12857142857142856,-2.9806860772130785,0.7214285714285714,0.15,2.560210412872798
701538,"Merrill, Jackson",2026,"CH","Padres","L","3.625306925",0.09352517985611511,0.16546762589928057,0.007194244604316547,-5.606657310824023,0.5251798561151079,0.4676258992805755,8.076000133438846,0.460431654676259,12.157065049993932,0.5035971223021583,0.03597122302158273,-10.827589846207522,139,0.2805755395683453,0.9280575539568345,0.20863309352517986,-3.2117578221300587,0.697841726618705,0.09352517985611511,2.5942619982030033
691718,"Crow-Armstrong, Pete",2026,"CH","Cubs","L","3.742814685",0.1079136690647482,0.2517985611510791,0.04316546762589928,-7.652976743338333,0.6187050359712231,0.3381294964028777,9.082022603513233,0.34532374100719426,12.426494549732633,0.5971223021582733,0.05755395683453238,-11.31057000761397,139,0.2805755395683453,0.8992805755395683,0.18705035971223022,-3.56607237248086,0.6474820143884892,0.16546762589928057,2.9404751391857586
592663,"Realmuto, J.T.",2026,"SI","Phillies","R","1.169610889",0.014388489208633094,0.2733812949640288,0.23741007194244604,-6.33795756698854,0.6546762589928058,0.1079136690647482,6.0106606896015276,0.05755395683453238,9.477736591049522,0.8633093525179856,0.07913669064748201,-9.622017510586268,139,0.1223021582733813,0.9496402877697842,0.2302158273381295,-2.857821857931128,0.6690647482014388,0.10071942446043165,2.477486583663047
668901,"Vientos, Mark",2026,"FF","Mets","R","0.716430478",0.050359712230215826,0.22302158273381295,0.03597122302158273,-5.654690780521018,0.7913669064748201,0.17266187050359713,7.072495710744963,0,,0.7985611510791367,0.2014388489208633,-9.750958394082279,139,0.2733812949640288,0.9496402877697842,0.02158273381294964,-2.319807063805971,0.6258992805755396,0.35251798561151076,3.028200348884689
641343,"Bauers, Jake",2026,"SI","Brewers","L","1.067026084",0.05755395683453238,0.2589928057553957,0.19424460431654678,-7.334349180558233,0.6402877697841727,0.16546762589928057,6.9142575719903645,0,,0.6762589928057554,0.3237410071942446,-10.608724433266511,139,0.1510791366906475,0.9064748201438849,0.10071942446043165,-2.367814961171976,0.6834532374100719,0.2158273381294964,2.783400611978692
645277,"Albies, Ozzie",2026,"CU","Braves","S","1.744332751",0.02877697841726619,0.19424460431654678,0.1366906474820144,-5.428742134664649,0.762589928057554,0.10071942446043165,5.975453339610229,0.26618705035971224,11.082346010436437,0.6474820143884892,0.08633093525179857,-12.565808789767233,139,0.17266187050359713,0.8201438848920863,0.26618705035971224,-3.40460279296105,0.7050359712230215,0.02877697841726619,2.8195053173044
607043,"Nimmo, Brandon",2026,"SL","Rangers","L","4.406305069",0.08695652173913043,0.21739130434782608,0.06521739130434782,-7.6778677362194045,0.6304347826086957,0.30434782608695654,9.289053830801562,0.4057971014492754,14.043813910315857,0.5362318840579711,0.057971014492753624,-9.15047367460148,138,0.2971014492753623,0.9347826086956522,0.18840579710144928,-4.703938381928409,0.6739130434782609,0.13768115942028986,3.0135049672710297
695600,"Jensen, Carter",2026,"SL","Royals","L","4.25996578",0.08695652173913043,0.18840579710144928,0.07246376811594203,-6.8843267004782405,0.6014492753623188,0.32608695652173914,8.42324482834495,0.32608695652173914,11.31635349857525,0.6376811594202898,0.036231884057971016,-11.629020547144318,138,0.3333333333333333,0.9057971014492754,0.2318840579710145,-4.831062658651148,0.5652173913043478,0.2028985507246377,2.7874857367844132
683737,"Busch, Michael",2026,"CH","Cubs","L","3.659865002",0.21014492753623187,0.13043478260869565,0.007246376811594203,-5.0141763732196445,0.463768115942029,0.5289855072463768,8.448290264347959,0.43478260869565216,11.562145275731082,0.5289855072463768,0.036231884057971016,-9.114911007570434,138,0.4420289855072464,0.9855072463768116,0.41304347826086957,-3.2116349591767315,0.5362318840579711,0.050724637681159424,3.0876797981595554
545341,"Grichuk, Randal",2026,"FF","zMLB","R","1.025074368",0.014598540145985401,0.24817518248175183,0.12408759124087591,-5.262671442227817,0.8102189781021898,0.06569343065693431,5.304860856745939,0,,0.635036496350365,0.36496350364963503,-9.546996146364082,137,0.18248175182481752,0.8686131386861314,0,,0.5109489051094891,0.48905109489051096,2.900332594405413
669236,"Jackson, Jeremiah",2026,"FF","Orioles","R","0.821795636",0.029197080291970802,0.21897810218978103,0.014598540145985401,-5.792465359777339,0.7518248175182481,0.23357664233576642,6.373701711448596,0.0072992700729927005,7.114146585141484,0.7299270072992701,0.26277372262773724,-9.969430300252107,137,0.23357664233576642,0.9343065693430657,0.021897810218978103,-3.13087822170949,0.6204379562043796,0.35766423357664234,2.8308121877253125
691720,"Karros, Kyle",2026,"SI","Rockies","R","1.737416288",0.0364963503649635,0.30656934306569344,0.12408759124087591,-6.514348800685958,0.7372262773722628,0.1386861313868613,7.325602448211983,0.029197080291970802,9.306747578110556,0.7591240875912408,0.2116788321167883,-10.165613281590318,137,0.10948905109489052,0.9343065693430657,0.0948905109489051,-3.0742176813785864,0.7591240875912408,0.145985401459854,2.9478014022389103
664034,"France, Ty",2026,"SI","Padres","R","1.255583652",0.043795620437956206,0.26277372262773724,0.25547445255474455,-6.220425673622758,0.6715328467153284,0.072992700729927,7.79237918996138,0.014598540145985401,11.11977931388964,0.6715328467153284,0.31386861313868614,-10.26874347382628,137,0.145985401459854,0.9416058394160584,0.0948905109489051,-2.6575386806940267,0.7445255474452555,0.16058394160583941,2.8400173543066884
656484,"Gray, Tristan",2026,"FF","Twins","L","0.55546055",0.0072992700729927005,0.15328467153284672,0.021897810218978103,-5.236338104312815,0.7664233576642335,0.2116788321167883,5.6807180604386165,0.029197080291970802,11.143427365767836,0.7591240875912408,0.2116788321167883,-10.2196271825631,137,0.2116788321167883,0.8759124087591241,0,,0.45255474452554745,0.5474452554744526,2.6490186413013452
672695,"Perdomo, Geraldo",2026,"SI","Diamondbacks","S","0.753044511",0.0364963503649635,0.40875912408759124,0.043795620437956206,-4.489570519944031,0.7883211678832117,0.1678832116788321,6.834600846857937,0.0072992700729927005,7.860239244762729,0.8321167883211679,0.16058394160583941,-10.295585470350748,137,0.10218978102189781,0.9197080291970803,0,,0.7737226277372263,0.22627737226277372,2.9280364485382866
695657,"Montgomery, Colson",2026,"SL","White Sox","L","4.891670129",0.1678832116788321,0.1386861313868613,0.10218978102189781,-5.179387976420369,0.6277372262773723,0.27007299270072993,10.403405196662035,0.4233576642335766,12.14606479856293,0.5328467153284672,0.043795620437956206,-9.672634619853074,137,0.44525547445255476,0.948905109489051,0.4306569343065693,-4.418655459307806,0.5255474452554745,0.043795620437956206,2.8444141966418544
805808,"McGonigle, Kevin",2026,"CH","Tigers","L","2.929012254",0.145985401459854,0.24087591240875914,0.043795620437956206,-5.228988136120162,0.583941605839416,0.3722627737226277,7.700628512464139,0.4306569343065693,11.339662474863411,0.5036496350364964,0.06569343065693431,-10.536584867248502,137,0.31386861313868614,0.8905109489051095,0.2846715328467153,-2.995136852856381,0.6642335766423357,0.051094890510948905,2.590129108829213
808959,"Murakami, Munetaka",2026,"SL","White Sox","L","5.458636704",0.30656934306569344,0.16058394160583941,0.021897810218978103,-9.242973673274918,0.5401459854014599,0.43795620437956206,9.135042538095023,0.40145985401459855,13.402195179458356,0.5109489051094891,0.08759124087591241,-12.144039584122462,137,0.5547445255474452,0.8905109489051095,0.5036496350364964,-5.5586166430063475,0.36496350364963503,0.13138686131386862,3.9545811030528886
803011,"Antonacci, Sam",2026,"SI","White Sox","L","1.071950319",0.022058823529411766,0.3602941176470588,0.1323529411764706,-5.651086549257792,0.7058823529411765,0.16176470588235295,6.112475615809537,0.007352941176470588,8.188550152098191,0.7647058823529411,0.22794117647058823,-10.363641555844458,136,0.10294117647058823,0.9117647058823529,0.1323529411764706,-2.542636429671816,0.7647058823529411,0.10294117647058823,2.7166097318022944
682928,"Abrams, CJ",2026,"SI","Nationals","L","1.1779046",0.007352941176470588,0.3014705882352941,0.22794117647058823,-6.247480785978499,0.6764705882352942,0.09558823529411764,6.1208990244147445,0.03676470588235294,9.145860523442083,0.8014705882352942,0.16176470588235295,-9.203903378551175,136,0.11764705882352941,0.9558823529411765,0.0661764705882353,-2.6369520249444,0.7426470588235294,0.19117647058823528,3.000330578353558
664728,"Isbel, Kyle",2026,"FF","Royals","L","0.608312675",0.014814814814814815,0.2074074074074074,0.08888888888888889,-5.118258266305949,0.7777777777777778,0.13333333333333333,5.539105650660666,0.014814814814814815,8.276380608820844,0.6666666666666666,0.31851851851851853,-10.164113599352126,135,0.14814814814814814,0.8666666666666667,0.02962962962962963,-2.61171629029172,0.6296296296296297,0.34074074074074073,2.5471743783695016
677649,"Duran, Ezequiel",2026,"SL","Rangers","R","4.473463092",0.17037037037037037,0.17777777777777778,0.07407407407407407,-5.637597090095548,0.48148148148148145,0.4444444444444444,10.752034509329645,0.3925925925925926,12.436333608757744,0.5481481481481482,0.05925925925925926,-17.270804284334055,135,0.42962962962962964,0.8444444444444444,0.28888888888888886,-3.3257991851053563,0.5851851851851851,0.1259259259259259,3.154432058887181
665926,"Giménez, Andrés",2026,"SI","Blue Jays","L","1.650600039",0.05185185185185185,0.2740740740740741,0.11851851851851852,-5.920345949651223,0.6592592592592592,0.2222222222222222,7.478866603840809,0.044444444444444446,7.9783988561987265,0.7185185185185186,0.23703703703703705,-9.629394330312822,135,0.17037037037037037,0.9259259259259259,0.13333333333333333,-2.9446024410105323,0.7185185185185186,0.14814814814814814,3.296205387591053
682998,"Carroll, Corbin",2026,"SI","Diamondbacks","L","0.545523021",0.02962962962962963,0.25925925925925924,0.11851851851851852,-5.7776493721116,0.7481481481481481,0.13333333333333333,6.122581244363741,0.007407407407407408,7.436852607680386,0.6962962962962963,0.2962962962962963,-10.208249973455425,135,0.2074074074074074,0.9333333333333333,0.05185185185185185,-2.4461869894999304,0.6666666666666666,0.2814814814814815,2.8720297589353088
664040,"Lowe, Brandon",2026,"CH","Pirates","L","3.689064503",0.18518518518518517,0.2074074074074074,0.007407407407407408,-6.142626589616167,0.5333333333333333,0.45925925925925926,8.457469968692973,0.3851851851851852,11.622425548560129,0.5777777777777777,0.037037037037037035,-12.21928980975963,135,0.3851851851851852,0.9555555555555556,0.35555555555555557,-3.5529124133939263,0.5925925925925926,0.05185185185185185,3.129355251019121
699013,"Valdez, Esmerlyn",2026,"FF","Pirates","R","0.833239985",0.08148148148148149,0.17777777777777778,0.1037037037037037,-4.948644605387051,0.8148148148148148,0.08148148148148149,20.869414625970855,0.014814814814814815,10.578019995878696,0.6370370370370371,0.34814814814814815,-10.844108455493956,135,0.45925925925925926,0.9407407407407408,0.022222222222222223,-2.2382245299962213,0.5111111111111111,0.4666666666666667,3.2551584439027526
686797,"Lee, Brooks",2026,"SL","Twins","S","5.322141504",0.11194029850746269,0.2462686567164179,0.11194029850746269,-6.427454329685172,0.7089552238805971,0.1791044776119403,11.46562813557715,0.373134328358209,11.843539270078999,0.5970149253731343,0.029850746268656716,-8.319111410867498,134,0.29850746268656714,0.8880597014925373,0.30597014925373134,-5.143419831375189,0.6044776119402985,0.08955223880597014,2.54923455395894
624424,"Conforto, Michael",2026,"FF","Cubs","L","1.331491895",0.05223880597014925,0.16417910447761194,0.08208955223880597,-5.835684785282921,0.7910447761194029,0.12686567164179105,6.886964800880531,0.022388059701492536,8.379535038620533,0.7686567164179104,0.208955223880597,-10.204263368021303,134,0.27611940298507465,0.9104477611940298,0.03731343283582089,-4.72750911703778,0.4626865671641791,0.5,2.9897793487453086
694378,"Gonzalez, Jacob",2026,"FF","zMLB","L","1.06675744",0.029850746268656716,0.1865671641791045,0.08208955223880597,-5.217737870469175,0.8134328358208955,0.1044776119402985,5.725202405973002,0,,0.6940298507462687,0.30597014925373134,-9.851757448886712,134,0.208955223880597,0.8805970149253731,0,,0.5597014925373134,0.44029850746268656,3.0661339150763904
683737,"Busch, Michael",2026,"SI","Cubs","L","1.755907684",0.04477611940298507,0.31343283582089554,0.13432835820895522,-6.563751974163745,0.6567164179104478,0.208955223880597,7.645605280774833,0.029850746268656716,9.90309110436189,0.7313432835820896,0.23880597014925373,-10.227949563738596,134,0.15671641791044777,0.9104477611940298,0.13432835820895522,-2.877088040822325,0.7313432835820896,0.13432835820895522,2.9334911475348227
656305,"Chapman, Matt",2026,"SI","Giants","R","1.259422863",0.06716417910447761,0.2537313432835821,0.26865671641791045,-6.448179508264846,0.6119402985074627,0.11940298507462686,6.196923053198746,0.007462686567164179,7.001574998954991,0.753731343283582,0.23880597014925373,-9.906371084187482,134,0.1791044776119403,0.9104477611940298,0.11940298507462686,-3.1138786029803844,0.7164179104477612,0.16417910447761194,2.620744819390234
686948,"Baldwin, Drake",2026,"SL","Braves","L","2.995564884",0.16541353383458646,0.13533834586466165,0.09774436090225563,-5.037097347680291,0.6240601503759399,0.2781954887218045,8.659011154359096,0.3684210526315789,11.901116837279927,0.5263157894736842,0.10526315789473684,-10.713270279292107,133,0.41353383458646614,0.8947368421052632,0.3458646616541353,-3.6989683204848434,0.5112781954887218,0.14285714285714285,2.9051755660237024
660271,"Ohtani, Shohei",2026,"CH","Dodgers","L","2.986570206",0.15789473684210525,0.22556390977443608,0.007518796992481203,-5.361066964142864,0.5639097744360902,0.42857142857142855,7.5799525705278965,0.42105263157894735,11.357553065787554,0.5338345864661654,0.045112781954887216,-10.621960415497396,133,0.39849624060150374,0.8872180451127819,0.3458646616541353,-3.4947498177470577,0.6015037593984962,0.05263157894736842,3.0703698325611994
671277,"García Jr., Luis",2026,"SL","zMLB","L","3.908467399",0.07518796992481203,0.22556390977443608,0.05263157894736842,-7.330210908656542,0.6616541353383458,0.2857142857142857,7.766057649222291,0.40601503759398494,11.38274375652686,0.556390977443609,0.03759398496240601,-10.057298754507064,133,0.2631578947368421,0.8646616541353384,0.2781954887218045,-4.439378798280583,0.6691729323308271,0.05263157894736842,2.5230214957984733
694192,"Chourio, Jackson",2026,"SI","Brewers","R","0.841337964",0.007518796992481203,0.3383458646616541,0.07518796992481203,-6.5034053866425,0.7969924812030075,0.12781954887218044,6.715258370296284,0,,0.8045112781954887,0.19548872180451127,-9.452638661019613,133,0.09022556390977443,0.9473684210526315,0.11278195488721804,-2.7331234418707386,0.8045112781954887,0.08270676691729323,2.558731602341414
677800,"Abreu, Wilyer",2026,"CH","Red Sox","L","2.744021116",0.06015037593984962,0.2932330827067669,0.007518796992481203,-4.79001633724139,0.5112781954887218,0.48120300751879697,8.594760329784727,0.2556390977443609,10.099315086352203,0.6766917293233082,0.06766917293233082,-12.246654309540812,133,0.3383458646616541,0.9172932330827067,0.09774436090225563,-2.8381728804533957,0.7819548872180451,0.12030075187969924,3.0714617266755146
665742,"Soto, Juan",2026,"SI","Mets","L","1.874021222",0.022727272727272728,0.3333333333333333,0.07575757575757576,-5.6130342170181144,0.803030303030303,0.12121212121212122,8.534018928516225,0.030303030303030304,9.093022656301216,0.8106060606060606,0.1590909090909091,-10.084906559923489,132,0.14393939393939395,0.9393939393939394,0.05303030303030303,-2.8022082880120407,0.7651515151515151,0.18181818181818182,2.7801435585611975
679529,"Torkelson, Spencer",2026,"SL","Tigers","R","5.319464595",0.08333333333333333,0.1893939393939394,0.05303030303030303,-6.686078715664191,0.5378787878787878,0.4090909090909091,11.851346910997599,0.4166666666666667,12.961190508942765,0.5378787878787878,0.045454545454545456,-11.533801711882132,132,0.3787878787878788,0.8787878787878788,0.19696969696969696,-4.6208385807982495,0.6818181818181818,0.12121212121212122,2.587176304867849
606192,"Hernández, Teoscar",2026,"SI","Dodgers","R","1.124619845",0.03787878787878788,0.2803030303030303,0.14393939393939395,-6.055625243911202,0.6590909090909091,0.19696969696969696,6.66438847215906,0.007575757575757576,9.773382480422367,0.7878787878787878,0.20454545454545456,-10.527856585950238,132,0.16666666666666666,0.9393939393939394,0.14393939393939395,-2.944601631985923,0.6742424242424242,0.18181818181818182,2.82785597200846
677587,"Rocchio, Brayan",2026,"SI","Guardians","S","1.40874005",0.007575757575757576,0.3560606060606061,0.030303030303030304,-5.5406887534403255,0.7121212121212122,0.25757575757575757,6.509327942203607,0.015151515151515152,7.4461400778916875,0.8257575757575758,0.1590909090909091,-10.200064029383018,132,0.10606060606060606,0.946969696969697,0.030303030303030304,-2.8626573876238046,0.6666666666666666,0.30303030303030304,2.785316863916508
665019,"Clemens, Kody",2026,"SL","Twins","L","4.104671633",0.19083969465648856,0.22137404580152673,0.03816793893129771,-6.154652965819364,0.6030534351145038,0.35877862595419846,8.222863784872768,0.3816793893129771,11.544566425730304,0.549618320610687,0.06870229007633588,-12.875571276943464,131,0.3053435114503817,0.9312977099236641,0.3282442748091603,-3.8182083530926563,0.5572519083969466,0.11450381679389313,2.5965080689383244
691781,"House, Brady",2026,"FF","Nationals","R","1.757334735",0.11450381679389313,0.16793893129770993,0.030534351145038167,-5.212507513867788,0.7480916030534351,0.22137404580152673,7.992729344209766,0.015267175572519083,8.254080322117233,0.6717557251908397,0.31297709923664124,-10.62492190671111,131,0.37404580152671757,0.8549618320610687,0.007633587786259542,-2.09193465084267,0.3053435114503817,0.6870229007633588,3.526766695741987
670623,"Paredes, Isaac",2026,"SL","Astros","R","5.052423719",0.07633587786259542,0.22137404580152673,0.0916030534351145,-5.461185847997681,0.6030534351145038,0.3053435114503817,11.042633782109492,0.29770992366412213,12.956215544670211,0.6106870229007634,0.0916030534351145,-10.943431500989272,131,0.24427480916030533,0.8702290076335878,0.1450381679389313,-3.596020833887802,0.732824427480916,0.12213740458015267,2.817552723603421
671056,"Herrera, Iván",2026,"SL","Cardinals","R","5.499454447",0.12213740458015267,0.21374045801526717,0.10687022900763359,-5.96029470299925,0.5725190839694656,0.32061068702290074,12.888165468484797,0.366412213740458,15.304219511225298,0.5190839694656488,0.11450381679389313,-10.750718096785894,131,0.3282442748091603,0.9312977099236641,0.2366412213740458,-3.3057850026294378,0.7022900763358778,0.061068702290076333,2.799424327458221
668804,"Reynolds, Bryan",2026,"CU","Pirates","S","5.786959528",0.16793893129770993,0.17557251908396945,0.08396946564885496,-7.535752998628147,0.549618320610687,0.366412213740458,8.144210992619964,0.4122137404580153,12.606225936046147,0.4961832061068702,0.0916030534351145,-10.821421437674811,131,0.37404580152671757,0.8625954198473282,0.42748091603053434,-5.4246547673665315,0.5419847328244275,0.030534351145038167,3.008220829450001
672695,"Perdomo, Geraldo",2026,"CH","Diamondbacks","S","1.595504703",0.030534351145038167,0.32061068702290074,0.007633587786259542,-5.675760824379161,0.732824427480916,0.2595419847328244,6.616633778692299,0.2900763358778626,11.497612866016178,0.648854961832061,0.061068702290076333,-9.244735090159574,131,0.12213740458015267,0.9007633587786259,0.0916030534351145,-2.4923394406687587,0.7786259541984732,0.1297709923664122,2.8364245037791394
667472,"Myers, Dane",2026,"FF","Reds","R","1.600221782",0.07633587786259542,0.15267175572519084,0.04580152671755725,-5.297523562362672,0.6793893129770993,0.2748091603053435,6.390859191488804,0.015267175572519083,12.233181850162891,0.5267175572519084,0.4580152671755725,-10.482812036081112,131,0.20610687022900764,0.8702290076335878,0.007633587786259542,-2.02023900113741,0.5114503816793893,0.48091603053435117,3.011059065646231
696285,"Young, Jacob",2026,"SI","Nationals","R","1.720469645",0.007692307692307693,0.38461538461538464,0.09230769230769231,-5.282179392751157,0.7538461538461538,0.15384615384615385,6.678582519899822,0,,0.823076923076923,0.17692307692307693,-9.395866121962401,130,0.08461538461538462,0.9,0.08461538461538462,-2.9790352210138633,0.7307692307692307,0.18461538461538463,2.5440687228142966
669127,"Langeliers, Shea",2026,"SL","Athletics","R","4.513615477",0.06153846153846154,0.23846153846153847,0.038461538461538464,-4.715800487287687,0.5538461538461539,0.4076923076923077,10.524134886192586,0.36923076923076925,12.039266038115503,0.5923076923076923,0.038461538461538464,-10.917823295246253,130,0.3230769230769231,0.9769230769230769,0.1076923076923077,-2.8495099792775855,0.8307692307692308,0.06153846153846154,2.7078021225556546
680574,"McLain, Matt",2026,"SI","Reds","R","1.087673961",0.038461538461538464,0.2692307692307692,0.25384615384615383,-6.018487408360787,0.6538461538461539,0.09230769230769231,6.8412828477951635,0.023076923076923078,9.632017109689892,0.7153846153846154,0.26153846153846155,-10.418638571520756,130,0.12307692307692308,0.9461538461538461,0.05384615384615385,-2.9381032460456,0.7230769230769231,0.2230769230769231,2.900466081557455
691785,"Mayer, Marcelo",2026,"FF","Red Sox","L","0.664358323",0.031007751937984496,0.15503875968992248,0.12403100775193798,-5.346001396134501,0.689922480620155,0.18604651162790697,6.3317142948034615,0.023255813953488372,10.835775878641353,0.6124031007751938,0.3643410852713178,-10.083099484953143,129,0.17829457364341086,0.8682170542635659,0.015503875968992248,-2.2141032388717035,0.5891472868217055,0.3953488372093023,3.026988398773479
620443,"Torrens, Luis",2026,"FF","Mets","R","0.866288511",0.05426356589147287,0.20930232558139536,0,,0.751937984496124,0.24806201550387597,6.884147397043979,0.007751937984496124,7.360463330550124,0.7364341085271318,0.2558139534883721,-10.829206354105269,129,0.20155038759689922,0.9302325581395349,0.015503875968992248,-2.412466484549517,0.4573643410852713,0.5271317829457365,2.832163839778986
669364,"Edwards, Xavier",2026,"CH","Marlins","S","3.575411795",0.10077519379844961,0.18604651162790697,0,,0.2713178294573643,0.7286821705426356,8.06970166332197,0.40310077519379844,12.529408217567383,0.5736434108527132,0.023255813953488372,-10.80984834628193,129,0.35658914728682173,0.9147286821705426,0.18604651162790697,-3.0897780940331137,0.6434108527131783,0.17054263565891473,2.7282530873549047
666176,"Adell, Jo",2026,"CH","zMLB","R","2.973291161",0.14728682170542637,0.17054263565891473,0.08527131782945736,-6.361121408266841,0.46511627906976744,0.4496124031007752,9.1555787658181,0.4883720930232558,12.756259771573399,0.4806201550387597,0.031007751937984496,-13.432666212886964,129,0.4186046511627907,0.9147286821705426,0.2868217054263566,-3.0463082856502557,0.6356589147286822,0.07751937984496124,2.704612191764046
672515,"Moreno, Gabriel",2026,"SL","Diamondbacks","R","3.666953858",0.05426356589147287,0.23255813953488372,0.08527131782945736,-5.77347905294174,0.6821705426356589,0.23255813953488372,8.993498753929579,0.3798449612403101,11.52775968922676,0.5968992248062015,0.023255813953488372,-8.295728990853561,129,0.20930232558139536,0.8914728682170543,0.21705426356589147,-2.8885433739467645,0.751937984496124,0.031007751937984496,2.4782471789138123
656941,"Schwarber, Kyle",2026,"SI","Phillies","L","1.252162488",0.031007751937984496,0.23255813953488372,0.26356589147286824,-5.837510130046634,0.5891472868217055,0.14728682170542637,5.906105599551942,0.015503875968992248,10.18542162347079,0.8294573643410853,0.15503875968992248,-10.131041173121508,129,0.17054263565891473,0.9767441860465116,0.16279069767441862,-2.949165126889413,0.7209302325581395,0.11627906976744186,2.869472433444892
670541,"Alvarez, Yordan",2026,"SI","Astros","L","1.086623344",0.015625,0.3125,0.1328125,-5.981481656119793,0.7421875,0.125,7.368190004216759,0.015625,7.316447895562959,0.7265625,0.2578125,-9.984701084033015,128,0.1015625,0.953125,0.046875,-2.706078791482168,0.6171875,0.3359375,2.7040317568329972
664761,"Bohm, Alec",2026,"SL","Phillies","R","3.493994876",0.0390625,0.2890625,0.03125,-6.948346091477218,0.5859375,0.3828125,8.13755948372639,0.203125,10.380669899494054,0.7265625,0.0703125,-9.760223352190431,128,0.203125,0.921875,0.09375,-3.4911274011054507,0.7421875,0.1640625,2.6563805315790563
671739,"Harris II, Michael",2026,"SL","Braves","L","3.660557922",0.09375,0.234375,0.0546875,-7.228684091260434,0.65625,0.2890625,9.18777393988993,0.421875,12.25121140562877,0.546875,0.03125,-8.376353132680698,128,0.296875,0.9140625,0.2421875,-3.774911025554225,0.65625,0.1015625,2.779175530393107
663656,"Tucker, Kyle",2026,"SI","Dodgers","L","1.700863344",0.0234375,0.2890625,0.15625,-5.514665077765715,0.7109375,0.1328125,7.80637509905433,0.0390625,8.75788256668784,0.8125,0.1484375,-12.353405751880137,128,0.09375,0.8828125,0.1171875,-2.673360431601005,0.734375,0.1484375,2.9081816920861043
696100,"Goodman, Hunter",2026,"SL","Rockies","R","4.565659225",0.1953125,0.171875,0.046875,-5.763798404220749,0.5234375,0.4296875,9.68459527319714,0.4296875,12.088550254626107,0.5234375,0.046875,-11.018088250097396,128,0.40625,0.921875,0.34375,-3.917841995998425,0.5078125,0.1484375,2.974837988346805
592518,"Machado, Manny",2026,"ST","Padres","R","4.605622608",0.0703125,0.0859375,0.0390625,-5.856781464894287,0.546875,0.4140625,11.11914955700235,0.546875,13.334556215632835,0.4140625,0.0390625,-9.570536524576402,128,0.375,0.890625,0.078125,-4.7227290872726195,0.734375,0.1875,2.765288330242674
691176,"Domínguez, Jasson",2026,"FF","Yankees","S","0.708955023",0.0390625,0.2265625,0.1484375,-6.22595228423716,0.7734375,0.078125,5.823188746295031,0,,0.6640625,0.3359375,-9.735351861930495,128,0.1875,0.9140625,0,,0.515625,0.484375,2.791555190187463
553993,"Suárez, Eugenio",2026,"SL","Reds","R","4.424189942",0.265625,0.09375,0.0546875,-8.406802302047302,0.4375,0.5078125,9.839429185653225,0.5078125,12.204007571595081,0.4140625,0.078125,-10.3028599066924,128,0.5234375,0.859375,0.3828125,-3.8442399020646354,0.5,0.1171875,3.001872617477684
694374,"Tawa, Tim",2026,"FF","Diamondbacks","R","1.145421951",0.0703125,0.21875,0.046875,-5.463233432973896,0.8046875,0.1484375,8.296636109687489,0.0078125,8.151297096869774,0.7890625,0.203125,-12.465394923665174,128,0.21875,0.875,0.0234375,-3.455869521035118,0.578125,0.3984375,2.8937808555901046
650333,"Arraez, Luis",2026,"SL","zMLB","L","1.543429522",0.015625,0.359375,0.03125,-4.650421781521845,0.8125,0.15625,6.205202490010873,0.140625,10.440746667276846,0.796875,0.0625,-10.569027577259426,128,0.109375,0.9140625,0.0390625,-2.390520376078821,0.75,0.2109375,2.913714707838457
647304,"Naylor, Josh",2026,"SL","Mariners","L","4.563580648",0.09375,0.2109375,0.1484375,-6.7850480813652565,0.53125,0.3203125,9.705199318550996,0.4453125,11.989597038137441,0.515625,0.0390625,-10.222617483915808,128,0.296875,0.8125,0.15625,-4.807818856484334,0.7578125,0.0859375,2.6984767781786267
662139,"Varsho, Daulton",2026,"SL","zMLB","L","4.179124114",0.08661417322834646,0.1968503937007874,0.08661417322834646,-6.737923664679912,0.5984251968503937,0.31496062992125984,8.910842765904455,0.3937007874015748,11.758425134494038,0.5039370078740157,0.10236220472440945,-9.554936880802856,127,0.25196850393700787,0.8661417322834646,0.14960629921259844,-4.401764981396607,0.7007874015748031,0.14960629921259844,2.830461277076114
669004,"Melendez, MJ",2026,"FF","Mets","L","1.382365713",0.047244094488188976,0.18110236220472442,0.031496062992125984,-6.46470916460083,0.8740157480314961,0.09448818897637795,7.631967672024834,0.007874015748031496,7.54910852911742,0.7874015748031497,0.2047244094488189,-11.195601391344853,127,0.36220472440944884,0.9133858267716536,0.015748031496062992,-2.8161032108150006,0.23622047244094488,0.7480314960629921,3.474186239263477
677951,"Witt Jr., Bobby",2026,"SL","Royals","R","4.644212802",0.13385826771653545,0.25196850393700787,0.031496062992125984,-6.043718790411957,0.4881889763779528,0.48031496062992124,10.25906672718545,0.3543307086614173,13.269603992861077,0.5669291338582677,0.07874015748031496,-11.159742391501792,127,0.3858267716535433,0.905511811023622,0.1968503937007874,-2.958737892998854,0.6299212598425197,0.1732283464566929,2.899055679274932
686527,"Canzone, Dominic",2026,"CH","Mariners","L","2.844340559",0.14173228346456693,0.25984251968503935,0.015748031496062992,-8.154917259431063,0.4409448818897638,0.5433070866141733,7.5576456668000835,0.4330708661417323,11.555457953802968,0.5196850393700787,0.047244094488188976,-11.64585977363953,127,0.2992125984251969,0.9212598425196851,0.18110236220472442,-2.9155239590384494,0.7559055118110236,0.06299212598425197,3.0186022517266737
643217,"Benintendi, Andrew",2026,"SI","White Sox","L","1.319150119",0.05511811023622047,0.29133858267716534,0.031496062992125984,-8.043715354550713,0.6929133858267716,0.2755905511811024,6.206719937757728,0.031496062992125984,8.384626194138221,0.7480314960629921,0.2204724409448819,-9.40184422095569,127,0.2125984251968504,0.9133858267716536,0.031496062992125984,-2.6604297655006386,0.7322834645669292,0.23622047244094488,3.002776352995948
701538,"Merrill, Jackson",2026,"SI","Padres","L","1.357774426",0.023622047244094488,0.2755905511811024,0.12598425196850394,-6.265170868683134,0.6062992125984252,0.2677165354330709,6.671182692751757,0.031496062992125984,7.784008228234914,0.8110236220472441,0.15748031496062992,-9.760416250023658,127,0.09448818897637795,0.9448818897637795,0.06299212598425197,-2.411333628946859,0.7401574803149606,0.1968503937007874,2.7338680671807234
686611,"Crews, Dylan",2026,"SI","Nationals","R","1.147240526",0.007874015748031496,0.3858267716535433,0.2125984251968504,-7.072510905371206,0.7244094488188977,0.06299212598425197,6.6243965208067115,0.015748031496062992,7.746744423315892,0.84251968503937,0.14173228346456693,-9.491869667787421,127,0.10236220472440945,0.937007874015748,0.10236220472440945,-2.8771632892785712,0.8031496062992126,0.09448818897637795,2.7624416904158866
677800,"Abreu, Wilyer",2026,"SL","Red Sox","L","2.736765584",0.07086614173228346,0.31496062992125984,0.015748031496062992,-6.943972070313816,0.6614173228346457,0.3228346456692913,7.73872727254029,0.2283464566929134,10.721494078752139,0.7244094488188977,0.047244094488188976,-9.886442352317424,127,0.29133858267716534,0.9606299212598425,0.14173228346456693,-4.059782997590598,0.6614173228346457,0.1968503937007874,2.860071355820858
691777,"Muncy, Max",2026,"FF","Athletics","R","1.085185966",0.05511811023622047,0.15748031496062992,0.08661417322834646,-4.8280505531297,0.7322834645669292,0.18110236220472442,6.050439341599372,0.03937007874015748,9.891788303163777,0.7007874015748031,0.25984251968503935,-12.695310444908198,127,0.28346456692913385,0.9133858267716536,0.015748031496062992,-2.3877123540170935,0.4015748031496063,0.5826771653543307,3.2323236638856203
621566,"Olson, Matt",2026,"SL","Braves","L","4.085043547",0.16535433070866143,0.16535433070866143,0.05511811023622047,-5.735834775527359,0.5354330708661418,0.4094488188976378,8.78561266413902,0.5118110236220472,12.343951354525574,0.4409448818897638,0.047244094488188976,-9.208624185686743,127,0.36220472440944884,0.8582677165354331,0.25196850393700787,-4.020260772300641,0.6220472440944882,0.12598425196850394,2.8730179305942105
682818,"Piñango, Yohendrick",2026,"FF","Blue Jays","L","1.157247474",0.031496062992125984,0.18110236220472442,0.05511811023622047,-5.255278764299777,0.7874015748031497,0.15748031496062992,7.695213774576134,0,,0.8031496062992126,0.1968503937007874,-9.227709137229105,127,0.2047244094488189,0.8976377952755905,0,,0.3858267716535433,0.6141732283464567,2.774039737996113
694208,"Ballesteros, Moisés",2026,"FF","zMLB","L","0.605005538",0.047244094488188976,0.2125984251968504,0.031496062992125984,-5.263291677259423,0.8267716535433071,0.14173228346456693,6.9975896996229885,0.015748031496062992,7.229898869123512,0.7244094488188977,0.25984251968503935,-11.909224398651958,127,0.3937007874015748,0.8818897637795275,0,,0.4015748031496063,0.5984251968503937,2.977748573741855
665750,"Taveras, Leody",2026,"CH","Orioles","S","2.684252387",0.07142857142857142,0.09523809523809523,0,,0.3333333333333333,0.6666666666666666,7.431259807154528,0.5476190476190477,11.04161318437316,0.4444444444444444,0.007936507936507936,-14.297527729103468,126,0.2619047619047619,0.8650793650793651,0.10317460317460317,-2.963750716030485,0.7301587301587301,0.16666666666666666,2.7478038630608816
665161,"Peña, Jeremy",2026,"SI","Astros","R","2.012771503",0.023809523809523808,0.373015873015873,0.1984126984126984,-6.0179457407617125,0.6904761904761905,0.1111111111111111,6.279213416655112,0.007936507936507936,7.349427378784738,0.8571428571428571,0.1349206349206349,-9.229657633575302,126,0.1111111111111111,0.8650793650793651,0.15079365079365079,-2.6955623434325267,0.8015873015873016,0.047619047619047616,2.7205714237847305
663656,"Tucker, Kyle",2026,"SL","Dodgers","L","4.077929435",0.07936507936507936,0.18253968253968253,0.14285714285714285,-6.966333255807776,0.6984126984126984,0.15873015873015872,9.337384532426656,0.3253968253968254,12.171444687044234,0.5952380952380952,0.07936507936507936,-12.3677304244178,126,0.3333333333333333,0.8333333333333334,0.25396825396825395,-5.146910865085155,0.5634920634920635,0.18253968253968253,2.8159946939801794
646240,"Devers, Rafael",2026,"SL","Giants","L","2.57838865",0.1349206349206349,0.24603174603174602,0.047619047619047616,-5.006708340707576,0.6428571428571429,0.30952380952380953,8.638388986510844,0.23809523809523808,12.609748403546016,0.6428571428571429,0.11904761904761904,-9.654227497230641,126,0.3492063492063492,0.9047619047619048,0.15873015873015872,-3.4264882015613747,0.5396825396825397,0.30158730158730157,2.9417867539102303
690976,"Freeland, Alex",2026,"FF","Dodgers","S","0.892101727",0.047619047619047616,0.29365079365079366,0.031746031746031744,-4.38117424213438,0.8174603174603174,0.15079365079365079,6.551735280746476,0,,0.7063492063492064,0.29365079365079366,-9.921388573864885,126,0.23809523809523808,0.9365079365079365,0.023809523809523808,-2.3444066109865958,0.5793650793650794,0.3968253968253968,3.0563889602306107
624641,"Sosa, Edmundo",2026,"FF","Phillies","R","0.873878159",0.023809523809523808,0.23015873015873015,0.20634920634920634,-5.776268147476782,0.7380952380952381,0.05555555555555555,8.202701176748716,0.007936507936507936,9.450459986265747,0.746031746031746,0.24603174603174602,-10.05264188594574,126,0.18253968253968253,0.9206349206349206,0,,0.5714285714285714,0.42857142857142855,2.9740359734342836
664040,"Lowe, Brandon",2026,"SI","Pirates","L","1.228046635",0.05555555555555555,0.30158730158730157,0.0873015873015873,-5.876559686459874,0.6984126984126984,0.21428571428571427,7.593670511779337,0,,0.7380952380952381,0.2619047619047619,-10.705641422886455,126,0.1984126984126984,0.9285714285714286,0.11904761904761904,-3.0948452338884396,0.6349206349206349,0.24603174603174602,2.8770864581513287
665487,"Tatis Jr., Fernando",2026,"SL","Padres","R","4.915036568",0.1746031746031746,0.2698412698412698,0.031746031746031744,-4.881695717912398,0.5634920634920635,0.40476190476190477,10.299039735171451,0.42063492063492064,13.07446200420813,0.5238095238095238,0.05555555555555555,-9.185211590139044,126,0.373015873015873,0.9365079365079365,0.2777777777777778,-3.3957208356279454,0.6031746031746031,0.11904761904761904,2.8156535774264357
665019,"Clemens, Kody",2026,"SI","Twins","L","2.641020273",0.024,0.4,0.08,-8.513187936384462,0.752,0.168,5.838555678297359,0,,0.848,0.152,-10.92853935551551,125,0.144,0.92,0.08,-3.2626383742611837,0.784,0.136,2.742819212340635
671739,"Harris II, Michael",2026,"CH","Braves","L","3.108265665",0.104,0.224,0,,0.464,0.536,8.563541190199004,0.488,12.010004790325711,0.48,0.032,-9.437557939861247,125,0.304,0.936,0.16,-2.9031532815357384,0.76,0.08,2.3689625810541344
502671,"Goldschmidt, Paul",2026,"SI","Yankees","R","0.853642884",0.024,0.232,0.176,-5.982932244809129,0.704,0.12,6.3529191673545915,0.072,9.578598129245133,0.744,0.184,-9.848727912150965,125,0.216,0.96,0.048,-3.1622867446522647,0.736,0.216,2.9718942015022085
677951,"Witt Jr., Bobby",2026,"SI","Royals","R","1.068499407",0.016,0.312,0.144,-5.856830613243732,0.72,0.136,7.659378690850239,0.016,8.979168752144318,0.688,0.296,-10.521189657720742,125,0.136,0.92,0.064,-2.804841549809167,0.64,0.296,2.9270751531762182
696030,"Osuna, Alejandro",2026,"FF","Rangers","L","0.38848799",0.04,0.216,0.064,-6.364043834657152,0.808,0.128,7.227163687052936,0,,0.696,0.304,-10.270299909966598,125,0.168,0.928,0,,0.52,0.48,2.676608439491797
662139,"Varsho, Daulton",2026,"SI","zMLB","L","0.782059804",0.04,0.256,0.136,-6.148028684461794,0.64,0.224,6.778440959224556,0.008,9.42466211675823,0.736,0.256,-10.186128119445044,125,0.152,0.928,0.048,-2.474095464808304,0.696,0.256,3.0890654536575988
695578,"Wood, James",2026,"SL","Nationals","L","4.1006519",0.184,0.144,0.08,-7.495187888431805,0.512,0.408,9.698842828653014,0.424,13.313918660777654,0.504,0.072,-10.281238513275328,125,0.488,0.848,0.32,-4.876358352270466,0.52,0.16,3.1342915505569287
673357,"Robert Jr., Luis",2026,"FF","Mets","R","0.955041091",0.07258064516129033,0.18548387096774194,0.1693548387096774,-6.107698838051814,0.6451612903225806,0.18548387096774194,5.790445787188284,0.008064516129032258,8.451576436836776,0.8145161290322581,0.1774193548387097,-10.931389229236123,124,0.2661290322580645,0.9274193548387096,0.008064516129032258,-2.10956785281301,0.47580645161290325,0.5161290322580645,2.9511340738527783
669242,"Edman, Tommy",2026,"FF","Dodgers","S","0.853722211",0.024193548387096774,0.2903225806451613,0.18548387096774194,-5.766591130557906,0.7580645161290323,0.056451612903225805,6.657888728478246,0.016129032258064516,8.032105958251874,0.7016129032258065,0.28225806451612906,-9.855555184276588,124,0.21774193548387097,0.8548387096774194,0,,0.6774193548387096,0.3225806451612903,3.0298733367714785
669016,"Marsh, Brandon",2026,"SL","Phillies","L","4.500405055",0.14516129032258066,0.20967741935483872,0.07258064516129033,-5.934750040830693,0.6209677419354839,0.3064516129032258,9.607407443384073,0.4274193548387097,12.67496161213179,0.532258064516129,0.04032258064516129,-11.527569579193148,124,0.31451612903225806,0.9112903225806451,0.29838709677419356,-3.4313622777475468,0.6209677419354839,0.08064516129032258,3.2221380480526673
663538,"Hoerner, Nico",2026,"SL","Cubs","R","5.944982446",0.06451612903225806,0.31451612903225806,0.056451612903225805,-5.722538762127858,0.5241935483870968,0.41935483870967744,10.832462611099418,0.31451612903225806,12.904110365663486,0.6290322580645161,0.056451612903225805,-10.873993939098623,124,0.22580645161290322,0.8548387096774194,0.06451612903225806,-2.4527979253051693,0.8548387096774194,0.08064516129032258,2.51614844360355
802415,"Simpson, Chandler",2026,"SI","Rays","L","0.652241526",0,0.5403225806451613,0.008064516129032258,-4.941680196415373,0.7741935483870968,0.21774193548387097,6.933107445781204,0.016129032258064516,7.7300224788509615,0.9596774193548387,0.024193548387096774,-9.075536711039362,124,0.04838709677419355,0.9354838709677419,0.0967741935483871,-2.4567957104845153,0.8629032258064516,0.04032258064516129,2.3435113942530457
608070,"Ramírez, José",2026,"CH","Guardians","S","2.853116265",0.06451612903225806,0.31451612903225806,0.016129032258064516,-4.96311928731914,0.6209677419354839,0.3629032258064516,8.181219546513967,0.2903225806451613,10.952055908873556,0.6532258064516129,0.056451612903225805,-12.058787964561054,124,0.21774193548387097,0.9193548387096774,0.10483870967741936,-2.6897019604575085,0.7903225806451613,0.10483870967741936,2.9843301276680476
680728,"Del Castillo, Adrian",2026,"FF","Diamondbacks","L","1.102902855",0.06451612903225806,0.20967741935483872,0.04032258064516129,-5.981551403561002,0.8064516129032258,0.1532258064516129,6.332817672485576,0.008064516129032258,7.78679622412381,0.7096774193548387,0.28225806451612906,-10.120848552530186,124,0.3064516129032258,0.9032258064516129,0,,0.46774193548387094,0.532258064516129,3.1633021159181536
679822,"Foscue, Justin",2026,"FF","Rangers","R","1.090553968",0.04032258064516129,0.16129032258064516,0.08064516129032258,-4.970483901854466,0.8467741935483871,0.07258064516129033,6.004897406697803,0.016129032258064516,8.903399699007434,0.6935483870967742,0.2903225806451613,-10.001192266910238,124,0.21774193548387097,0.8548387096774194,0,,0.3790322580645161,0.6209677419354839,3.0570337453475056
683953,"Bazzana, Travis",2026,"SI","Guardians","L","1.910364793",0.024390243902439025,0.2926829268292683,0.13008130081300814,-7.126537037372173,0.6910569105691057,0.17886178861788618,6.720124005574552,0.04878048780487805,8.237919912440246,0.7398373983739838,0.21138211382113822,-11.128863549744072,123,0.12195121951219512,0.9186991869918699,0.08943089430894309,-3.0807160697156273,0.7723577235772358,0.13821138211382114,2.677929233141972
695734,"Lile, Daylen",2026,"SI","Nationals","L","1.24216267",0.032520325203252036,0.2682926829268293,0.17886178861788618,-6.2099283828921275,0.6991869918699187,0.12195121951219512,7.002661119955125,0.008130081300813009,7.5435665620020504,0.7073170731707317,0.2845528455284553,-10.025195368726877,123,0.10569105691056911,0.943089430894309,0.08130081300813008,-2.8575590964263258,0.6016260162601627,0.3170731707317073,2.799396112430946
521692,"Perez, Salvador",2026,"ST","Royals","R","4.064140057",0.08130081300813008,0.14634146341463414,0.008130081300813009,-5.891156217185575,0.4634146341463415,0.5284552845528455,9.319750254683859,0.4878048780487805,14.056635780992016,0.5040650406504065,0.008130081300813009,-9.775039957559692,123,0.3252032520325203,0.8211382113821138,0.12195121951219512,-3.0095912167841132,0.6910569105691057,0.18699186991869918,2.8795768580503966
672640,"Lopez, Otto",2026,"CH","Marlins","R","3.556913874",0.06504065040650407,0.17073170731707318,0.04878048780487805,-6.0139991882561965,0.4634146341463415,0.4878048780487805,7.922438009151263,0.45528455284552843,11.789710989805723,0.5203252032520326,0.024390243902439025,-9.895869100062635,123,0.2845528455284553,0.9186991869918699,0.22764227642276422,-3.0710020540652763,0.7317073170731707,0.04065040650406504,2.4063514272518662
682928,"Abrams, CJ",2026,"CH","Nationals","L","2.53354942",0.13821138211382114,0.17886178861788618,0.032520325203252036,-5.125417944599427,0.5691056910569106,0.3983739837398374,7.675096495686772,0.5203252032520326,11.931823629756137,0.4715447154471545,0.008130081300813009,-11.959286805577166,123,0.3333333333333333,0.967479674796748,0.2764227642276423,-3.0427452855858768,0.6260162601626016,0.0975609756097561,2.674827656250389
695578,"Wood, James",2026,"SI","Nationals","L","1.023552011",0.008130081300813009,0.2926829268292683,0.17886178861788618,-6.333315508600201,0.6097560975609756,0.21138211382113822,6.774081854181059,0.008130081300813009,8.417483020781221,0.8130081300813008,0.17886178861788618,-10.541649474953026,123,0.13008130081300814,0.9512195121951219,0.10569105691056911,-2.7869271420017188,0.7073170731707317,0.18699186991869918,3.1594293676851324
547180,"Harper, Bryce",2026,"CU","Phillies","L","7.599972525",0.17073170731707318,0.08943089430894309,0.08130081300813008,-6.445889147078476,0.5203252032520326,0.3983739837398374,10.088086564839495,0.5609756097560976,14.5962627333445,0.42276422764227645,0.016260162601626018,-8.166120476741186,123,0.34146341463414637,0.8699186991869918,0.3333333333333333,-5.343889011252884,0.6097560975609756,0.056910569105691054,2.5525851691753423
701678,"Lee, Hao-Yu",2026,"FF","Tigers","R","1.281801671",0.08943089430894309,0.22764227642276422,0.016260162601626018,-4.998952823629731,0.7479674796747967,0.23577235772357724,6.894820835882729,0,,0.5203252032520326,0.4796747967479675,-10.936100066796742,123,0.3008130081300813,0.9105691056910569,0,,0.3821138211382114,0.6178861788617886,3.324459855301374
575929,"Contreras, Willson",2026,"CH","Red Sox","R","6.22446409",0.21311475409836064,0.10655737704918032,0.13114754098360656,-7.2578210404554735,0.4344262295081967,0.4344262295081967,11.88580113932427,0.5409836065573771,14.951268882863559,0.4262295081967213,0.03278688524590164,-10.428935314494769,122,0.39344262295081966,0.9262295081967213,0.3114754098360656,-3.3153323418833596,0.6311475409836066,0.05737704918032787,2.215083087450774
670541,"Alvarez, Yordan",2026,"CH","Astros","L","4.483773125",0.05737704918032787,0.2540983606557377,0.00819672131147541,-4.3342839483055435,0.5245901639344263,0.4672131147540984,8.341593221990474,0.3442622950819672,11.339153232624101,0.6147540983606558,0.040983606557377046,-10.023248681303507,122,0.1721311475409836,0.9016393442622951,0.04918032786885246,-2.875561546222383,0.7213114754098361,0.22950819672131148,2.572403275879176
621566,"Olson, Matt",2026,"FC","Braves","L","1.757900594",0.040983606557377046,0.16393442622950818,0.18032786885245902,-5.467163116392591,0.6475409836065574,0.1721311475409836,7.970706287112615,0.1885245901639344,10.256060631552218,0.7131147540983607,0.09836065573770492,-12.197343672796542,122,0.22131147540983606,0.9426229508196722,0.05737704918032787,-3.1684408548516187,0.639344262295082,0.30327868852459017,2.907271373757359
668904,"Lewis, Royce",2026,"SI","Twins","R","1.183793833",0.01639344262295082,0.3360655737704918,0.14754098360655737,-5.319414352093283,0.7540983606557377,0.09836065573770492,6.120861660230663,0.040983606557377046,9.701592350440642,0.8852459016393442,0.07377049180327869,-10.092251830044443,122,0.21311475409836064,0.9426229508196722,0.12295081967213115,-3.3916987367311493,0.7213114754098361,0.1557377049180328,2.6863000571958837
691788,"Mack, Joe",2026,"FF","Marlins","L","0.623875322",0.01639344262295082,0.29508196721311475,0.13114754098360656,-5.157230877657065,0.7459016393442623,0.12295081967213115,5.147905695560826,0.01639344262295082,9.354254288225526,0.7704918032786885,0.21311475409836064,-10.01097542179191,122,0.13934426229508196,0.9016393442622951,0.00819672131147541,-2.253067276189725,0.8114754098360656,0.18032786885245902,2.671620414666959
624585,"Soler, Jorge",2026,"SL","Angels","R","6.188010005",0.1652892561983471,0.10743801652892562,0.049586776859504134,-5.299137888007272,0.4214876033057851,0.5289256198347108,12.57610059380097,0.5371900826446281,14.504527338071771,0.4214876033057851,0.04132231404958678,-12.156284070944407,121,0.48760330578512395,0.8429752066115702,0.2066115702479339,-3.9451987946132605,0.6611570247933884,0.1322314049586777,3.124094361332419
514888,"Altuve, Jose",2026,"SL","Astros","R","3.065860626",0.08264462809917356,0.21487603305785125,0.049586776859504134,-6.2175379778706015,0.5454545454545454,0.4049586776859504,8.067771085394481,0.39669421487603307,11.878598557747049,0.5537190082644629,0.049586776859504134,-9.65256636110218,121,0.256198347107438,0.8677685950413223,0.17355371900826447,-3.290922347924492,0.6942148760330579,0.1322314049586777,3.104909628386817
805999,"Ewing, A.J.",2026,"SI","Mets","L","1.559326203",0.05785123966942149,0.2809917355371901,0.04132231404958678,-5.945526583073486,0.6198347107438017,0.33884297520661155,7.216857277193979,0.01652892561983471,7.908455856140406,0.7520661157024794,0.23140495867768596,-11.243182143153726,121,0.17355371900826447,0.9338842975206612,0.05785123966942149,-3.0921420042455763,0.6115702479338843,0.3305785123966942,2.9939222329757844
686797,"Lee, Brooks",2026,"SI","Twins","S","0.868767812",0,0.4462809917355372,0.024793388429752067,-4.36683924136884,0.7520661157024794,0.2231404958677686,6.346886060106151,0.0743801652892562,9.13829429571014,0.8264462809917356,0.09917355371900827,-10.131123308774985,121,0.12396694214876033,0.9504132231404959,0.049586776859504134,-2.6339600345592764,0.768595041322314,0.18181818181818182,2.7333900514888874
701675,"Church, Nathan",2026,"CH","Cardinals","L","2.204464077",0.09917355371900827,0.23140495867768596,0,,0.512396694214876,0.48760330578512395,8.204766796578065,0.4049586776859504,10.684353812089576,0.5785123966942148,0.01652892561983471,-7.123052985695831,121,0.24793388429752067,0.9256198347107438,0.04132231404958678,-2.7871037990876166,0.6776859504132231,0.2809917355371901,2.8487559220099445
691594,"Sanoja, Javier",2026,"SI","Marlins","R","1.456561594",0.01652892561983471,0.3884297520661157,0.15702479338842976,-6.953769976196436,0.768595041322314,0.0743801652892562,7.367106611666785,0.01652892561983471,7.296687020929268,0.7768595041322314,0.2066115702479339,-9.566180293491376,121,0.049586776859504134,0.9008264462809917,0.05785123966942149,-3.0390676193196713,0.7603305785123967,0.18181818181818182,2.6800931570276325
664770,"Lukes, Nathan",2026,"SI","Blue Jays","L","1.097521492",0.008333333333333333,0.26666666666666666,0.025,-4.762627138101224,0.7,0.275,6.572286717800697,0.008333333333333333,7.0372610437867005,0.8083333333333333,0.18333333333333332,-9.602458216771382,120,0.125,0.9,0.058333333333333334,-2.710727941405458,0.6583333333333333,0.2833333333333333,2.7938121805273015
664023,"Happ, Ian",2026,"SL","Cubs","S","3.367929153",0.1,0.15833333333333333,0.125,-6.14141857004438,0.6833333333333333,0.19166666666666668,9.108647657492979,0.26666666666666666,12.503794773547856,0.6333333333333333,0.1,-9.63716647242829,120,0.325,0.9166666666666666,0.25,-3.967919924244586,0.5333333333333333,0.21666666666666667,3.108324232687385
664702,"Straw, Myles",2026,"FF","Blue Jays","R","0.914809434",0.016666666666666666,0.375,0.05,-4.9615876923774245,0.9166666666666666,0.03333333333333333,4.869229243571686,0.016666666666666666,8.044809381176542,0.85,0.13333333333333333,-9.618682109621414,120,0.1,0.9583333333333334,0,,0.5666666666666667,0.43333333333333335,2.8851997447566236
680776,"Duran, Jarren",2026,"SL","Red Sox","L","4.049481444",0.14166666666666666,0.11666666666666667,0.09166666666666666,-5.686132530852653,0.625,0.2833333333333333,9.344469791468256,0.5833333333333334,12.542959127989823,0.375,0.041666666666666664,-11.986319887022066,120,0.425,0.8916666666666667,0.325,-4.490862894642933,0.5,0.175,2.7958703892992998
676439,"Feduccia, Hunter",2026,"FF","zMLB","L","0.507029491",0.025,0.30833333333333335,0.041666666666666664,-5.537588037095139,0.85,0.10833333333333334,6.0689418848151515,0.03333333333333333,9.031419843741947,0.8,0.16666666666666666,-8.581805175378085,120,0.15833333333333333,0.9666666666666667,0,,0.5166666666666667,0.48333333333333334,2.6223496873283745
663728,"Raleigh, Cal",2026,"CH","Mariners","S","2.8170472",0.13333333333333333,0.225,0.025,-5.260492954441747,0.5583333333333333,0.4166666666666667,8.282833454703395,0.36666666666666664,11.520863046827264,0.5916666666666667,0.041666666666666664,-12.113590543688979,120,0.375,0.875,0.25833333333333336,-3.2272636125811918,0.675,0.06666666666666667,2.8355765817881116
695731,"Montgomery, Braden",2026,"FF","White Sox","S","1.443869637",0.125,0.26666666666666666,0,,0.5833333333333334,0.4166666666666667,7.083177981560519,0,,0.575,0.425,-11.198609529168877,120,0.24166666666666667,0.9,0.03333333333333333,-2.534805665731996,0.55,0.4166666666666667,3.4421555547970293
680776,"Duran, Jarren",2026,"CH","Red Sox","L","3.527715445",0.14166666666666666,0.15833333333333333,0.016666666666666666,-8.649171608533603,0.4666666666666667,0.5166666666666667,9.113243207495385,0.5916666666666667,13.047385964629534,0.38333333333333336,0.025,-14.107075233878279,120,0.38333333333333336,0.9416666666666667,0.20833333333333334,-3.0956212881130294,0.675,0.11666666666666667,2.952693989830453
666018,"Aranda, Jonathan",2026,"SI","Rays","L","1.282505177",0.016666666666666666,0.31666666666666665,0.03333333333333333,-6.411672463453077,0.8083333333333333,0.15833333333333333,6.041326738387009,0.008333333333333333,8.214266052492729,0.7083333333333334,0.2833333333333333,-10.598993778558432,120,0.14166666666666666,0.9083333333333333,0.06666666666666667,-3.52284101584645,0.725,0.20833333333333334,2.7428637410550283
691718,"Crow-Armstrong, Pete",2026,"SI","Cubs","L","1.614281225",0.03333333333333333,0.23333333333333334,0.3,-6.857092387102233,0.65,0.05,7.088782505708272,0.041666666666666664,9.093675956994067,0.75,0.20833333333333334,-10.05811177615217,120,0.15,0.9333333333333333,0.13333333333333333,-2.899035863773325,0.6833333333333333,0.18333333333333332,2.9702428537635956
668227,"Arozarena, Randy",2026,"CH","Mariners","R","2.428810802",0.05,0.25,0.05,-5.786245649617134,0.7916666666666666,0.15833333333333333,9.394867737674737,0.23333333333333334,11.423163187046406,0.625,0.14166666666666666,-11.812200348139134,120,0.2,0.9083333333333333,0.25,-3.0379628736128774,0.6416666666666667,0.10833333333333334,3.1325837754926784
660670,"Acuña Jr., Ronald",2026,"SI","Braves","R","1.114237507",0.05042016806722689,0.31932773109243695,0.35294117647058826,-6.903917633789483,0.6134453781512605,0.03361344537815126,7.783280187183248,0.01680672268907563,9.182174132078782,0.8067226890756303,0.17647058823529413,-10.581073084644672,119,0.17647058823529413,0.9159663865546218,0.18487394957983194,-2.969601520139637,0.7478991596638656,0.06722689075630252,2.982315283857266
663586,"Riley, Austin",2026,"SL","Braves","R","4.892828252",0.16806722689075632,0.13445378151260504,0.058823529411764705,-5.130913081122614,0.5042016806722689,0.4369747899159664,10.371858540650157,0.3445378151260504,12.97940723861289,0.5546218487394958,0.10084033613445378,-9.825999606591424,119,0.3865546218487395,0.9327731092436975,0.18487394957983194,-4.071896266801198,0.5546218487394958,0.2605042016806723,3.1459445107957347
676391,"Clement, Ernie",2026,"SL","Blue Jays","R","4.847167123",0.07563025210084033,0.2773109243697479,0.05042016806722689,-5.354853152059047,0.6050420168067226,0.3445378151260504,9.983867660086654,0.3865546218487395,11.540779801855676,0.5798319327731093,0.03361344537815126,-14.254015040827579,119,0.24369747899159663,0.8403361344537815,0.15966386554621848,-3.177747725363536,0.7563025210084033,0.08403361344537816,2.566084943763886
669364,"Edwards, Xavier",2026,"SL","Marlins","S","2.868698738",0.09243697478991597,0.25210084033613445,0.03361344537815126,-6.9872994062477165,0.6890756302521008,0.2773109243697479,6.795690352491716,0.24369747899159663,11.639578260439068,0.6974789915966386,0.058823529411764705,-9.224671991957647,119,0.23529411764705882,0.8991596638655462,0.15126050420168066,-4.049219201391395,0.5462184873949579,0.3025210084033613,2.8988196494838148
516782,"Marte, Starling",2026,"FF","Royals","R","1.326024434",0.01680672268907563,0.20168067226890757,0.1092436974789916,-5.311843126485902,0.8067226890756303,0.08403361344537816,5.154204854032972,0.008403361344537815,8.28194389051037,0.7563025210084033,0.23529411764705882,-9.005986082293408,119,0.25210084033613445,0.9327731092436975,0.008403361344537815,-3.457230821035006,0.4789915966386555,0.5126050420168067,3.0763867140021035
592518,"Machado, Manny",2026,"SL","Padres","R","5.709115276",0.1092436974789916,0.17647058823529413,0.03361344537815126,-5.009665818335807,0.5714285714285714,0.3949579831932773,12.10577974333901,0.5210084033613446,12.814724425145354,0.44537815126050423,0.03361344537815126,-11.139681319039362,119,0.3445378151260504,0.8487394957983193,0.17647058823529413,-4.098901765572265,0.7310924369747899,0.09243697478991597,2.82793096794304
521692,"Perez, Salvador",2026,"SI","Royals","R","1.227719457",0.03361344537815126,0.2184873949579832,0.19327731092436976,-6.3897213625724065,0.6974789915966386,0.1092436974789916,6.378669774712706,0.008403361344537815,8.22021602207599,0.7563025210084033,0.23529411764705882,-10.189492825918935,119,0.10084033613445378,0.9663865546218487,0.058823529411764705,-2.5191990900109413,0.6638655462184874,0.2773109243697479,2.7155691053056414
808982,"Lee, Jung Hoo",2026,"SL","Giants","L","3.425626067",0.07563025210084033,0.33613445378151263,0.13445378151260504,-5.92992444519216,0.6470588235294118,0.2184873949579832,8.76828126992798,0.226890756302521,11.162338513143142,0.7058823529411765,0.06722689075630252,-16.041142968407712,119,0.15966386554621848,0.8823529411764706,0.10084033613445378,-3.6888948059685416,0.7394957983193278,0.15966386554621848,2.658579712177753
690993,"Keith, Colt",2026,"CH","Tigers","L","3.686762876",0.08403361344537816,0.19327731092436976,0.008403361344537815,-5.0614123623657825,0.453781512605042,0.5378151260504201,8.022233353593373,0.37815126050420167,11.060549721472896,0.5966386554621849,0.025210084033613446,-9.532967109002326,119,0.31932773109243695,0.9159663865546218,0.16806722689075632,-3.965295110951007,0.7310924369747899,0.10084033613445378,2.737102224399666
682998,"Carroll, Corbin",2026,"SL","Diamondbacks","L","3.85451375",0.11764705882352941,0.3025210084033613,0.06722689075630252,-4.965019939601929,0.6470588235294118,0.2857142857142857,8.602069591574589,0.3277310924369748,11.181574516203051,0.6386554621848739,0.03361344537815126,-8.485083229060173,119,0.24369747899159663,0.8739495798319328,0.226890756302521,-3.6942022608049756,0.680672268907563,0.09243697478991597,2.7290811825335695
682626,"Alvarez, Francisco",2026,"SL","Mets","R","4.891012223",0.19327731092436976,0.17647058823529413,0.058823529411764705,-6.7697719182987575,0.4957983193277311,0.44537815126050423,9.612738382547699,0.48739495798319327,11.677647177898384,0.47058823529411764,0.04201680672268908,-11.6491679602371,119,0.4369747899159664,0.8907563025210085,0.33613445378151263,-4.454340019018282,0.5462184873949579,0.11764705882352941,3.0754550299551604
687093,"Grissom, Vaughn",2026,"SI","Angels","R","1.8983616",0.059322033898305086,0.2288135593220339,0.3135593220338983,-6.3611659475198525,0.5254237288135594,0.16101694915254236,7.206138652102776,0.025423728813559324,8.61822303175908,0.6949152542372882,0.2796610169491525,-10.255143998331866,118,0.16101694915254236,0.923728813559322,0.06779661016949153,-2.992378817385419,0.6779661016949152,0.2542372881355932,2.8000895412683615
624585,"Soler, Jorge",2026,"SI","Angels","R","1.501043323",0.03389830508474576,0.211864406779661,0.2627118644067797,-6.081290220088405,0.6271186440677966,0.11016949152542373,6.557368789781195,0.1016949152542373,9.253647241326975,0.7542372881355932,0.1440677966101695,-11.013076981044705,118,0.17796610169491525,0.9745762711864406,0.19491525423728814,-3.048176050804283,0.711864406779661,0.09322033898305085,2.398285716061832
665489,"Guerrero Jr., Vladimir",2026,"SL","Blue Jays","R","6.42065739",0.059322033898305086,0.211864406779661,0.07627118644067797,-5.346201555598963,0.4830508474576271,0.4406779661016949,11.161746220135127,0.4152542372881356,13.836319401971828,0.559322033898305,0.025423728813559324,-10.633887330505333,118,0.2711864406779661,0.8389830508474576,0.11016949152542373,-4.770752975214863,0.7203389830508474,0.1694915254237288,2.509865210227593
553869,"Díaz, Elias",2026,"FF","zMLB","R","0.893658009",0.05084745762711865,0.1440677966101695,0.09322033898305085,-5.360396828735413,0.7372881355932204,0.1694915254237288,6.5752499242361235,0.01694915254237288,8.329656228098548,0.7033898305084746,0.2796610169491525,-11.14080456270182,118,0.2796610169491525,0.8559322033898306,0.00847457627118644,-2.429933566940212,0.5084745762711864,0.4830508474576271,2.997925715719131
663757,"Grisham, Trent",2026,"SI","Yankees","L","0.850803415",0,0.4067796610169492,0.0423728813559322,-6.014688690673249,0.8050847457627118,0.15254237288135594,5.366598195782885,0,,0.923728813559322,0.07627118644067797,-9.393389069939749,118,0.06779661016949153,0.9491525423728814,0.059322033898305086,-2.6970039722595702,0.7457627118644068,0.19491525423728814,2.590822863963146
666176,"Adell, Jo",2026,"ST","zMLB","R","5.089368388",0.06779661016949153,0.11864406779661017,0.07627118644067797,-11.501761632610403,0.4745762711864407,0.4491525423728814,10.240054222928531,0.5254237288135594,13.109589530027275,0.4322033898305085,0.0423728813559322,-12.838404692058237,118,0.3389830508474576,0.788135593220339,0.11864406779661017,-5.349180632125103,0.635593220338983,0.2457627118644068,2.7627669606515712
670042,"Raley, Luke",2026,"CH","Mariners","L","4.900353601",0.288135593220339,0.06779661016949153,0,,0.3644067796610169,0.635593220338983,9.258552194796275,0.5084745762711864,12.472172467569305,0.4661016949152542,0.025423728813559324,-8.875882384757258,118,0.5,0.9322033898305084,0.5169491525423728,-3.7212013846609047,0.4322033898305085,0.05084745762711865,2.8290577064258504
661388,"Contreras, William",2026,"SL","Brewers","R","4.7992787",0.1440677966101695,0.2796610169491525,0.0423728813559322,-5.152537646263266,0.6101694915254238,0.3474576271186441,9.865095811774943,0.3220338983050847,11.066133787971182,0.6101694915254238,0.06779661016949153,-13.168796641308681,118,0.288135593220339,0.8135593220338984,0.2457627118644068,-3.807893929715196,0.6610169491525424,0.09322033898305085,2.600623887339012
701358,"Smith, Cam",2026,"SL","Astros","R","6.304195622",0.13675213675213677,0.11965811965811966,0.10256410256410256,-6.7398110150303845,0.5128205128205128,0.38461538461538464,12.890563358969327,0.5726495726495726,13.916636571414827,0.38461538461538464,0.042735042735042736,-9.585127482946175,117,0.37606837606837606,0.8803418803418803,0.18803418803418803,-3.3974066272541075,0.7008547008547008,0.1111111111111111,2.5482642722312705
694203,"Guzman, Denzer",2026,"FF","Angels","R","0.718660016",0.008547008547008548,0.1282051282051282,0.1111111111111111,-5.600472937039238,0.8547008547008547,0.03418803418803419,4.637062445879902,0,,0.7863247863247863,0.21367521367521367,-10.21446512314818,117,0.28205128205128205,0.9658119658119658,0,,0.4700854700854701,0.5299145299145299,2.7729805974215833
680869,"Gelof, Zack",2026,"SI","Athletics","R","0.952745916",0.008547008547008548,0.19658119658119658,0.29914529914529914,-6.254854172876894,0.6410256410256411,0.05982905982905983,6.370198511925588,0.017094017094017096,7.52411257760844,0.7435897435897436,0.23931623931623933,-8.97685281387584,117,0.1452991452991453,0.8717948717948718,0.18803418803418803,-2.8589481768434717,0.7264957264957265,0.08547008547008547,2.6351106399373823
657656,"Laureano, Ramón",2026,"FF","Padres","R","1.052838078",0.02564102564102564,0.1282051282051282,0.06837606837606838,-6.453355849312436,0.7264957264957265,0.20512820512820512,5.878380279360458,0.008547008547008548,8.946362657856524,0.8034188034188035,0.18803418803418803,-9.94606255631813,117,0.2564102564102564,0.8547008547008547,0,,0.2905982905982906,0.7094017094017094,3.243913916969225
669257,"Smith, Will",2026,"FF","Dodgers","R","1.180356599",0.03418803418803419,0.28205128205128205,0.008547008547008548,-8.117226479804454,0.7777777777777778,0.21367521367521367,5.515683932654546,0,,0.7606837606837606,0.23931623931623933,-10.112238971998003,117,0.1623931623931624,0.9145299145299145,0,,0.4700854700854701,0.5299145299145299,3.0348815589380864
676609,"Caballero, José",2026,"SI","Yankees","R","1.243446891",0.05128205128205128,0.20512820512820512,0.20512820512820512,-6.144636075825564,0.6837606837606838,0.1111111111111111,9.869698576811631,0.02564102564102564,8.164778210246814,0.6239316239316239,0.3504273504273504,-10.667135681277811,117,0.1452991452991453,0.9230769230769231,0.02564102564102564,-2.8284922213306216,0.7008547008547008,0.27350427350427353,2.902456027305934
609280,"Andujar, Miguel",2026,"FF","Padres","R","0.947366727",0.017094017094017096,0.28205128205128205,0.042735042735042736,-6.699179579155148,0.7863247863247863,0.17094017094017094,6.969631753225589,0.017094017094017096,9.76755974034318,0.7606837606837606,0.2222222222222222,-10.551650868701598,117,0.11965811965811966,0.8888888888888888,0.008547008547008548,-2.092044565074863,0.6324786324786325,0.358974358974359,2.6822622645084824
702332,"Durbin, Caleb",2026,"SL","Red Sox","R","4.004094702",0.10256410256410256,0.2222222222222222,0.08547008547008547,-7.282311176934444,0.5726495726495726,0.3418803418803419,7.515401277688109,0.4017094017094017,11.835544744943201,0.5641025641025641,0.03418803418803419,-10.35152017471955,117,0.23076923076923078,0.8717948717948718,0.23931623931623933,-3.62746755361072,0.717948717948718,0.042735042735042736,2.384888777945524
571970,"Muncy, Max",2026,"SL","Dodgers","L","5.088750377",0.1282051282051282,0.19658119658119658,0.05128205128205128,-10.872060064708336,0.6495726495726496,0.29914529914529914,10.39394111832641,0.37606837606837606,12.121166508479298,0.5811965811965812,0.042735042735042736,-9.67692931590187,117,0.3333333333333333,0.8888888888888888,0.29914529914529914,-4.064981215122111,0.6153846153846154,0.08547008547008547,2.8797395507620167
650490,"Díaz, Yandy",2026,"SL","Rays","R","3.742941447",0.06837606837606838,0.26495726495726496,0.06837606837606838,-6.265436090412957,0.6068376068376068,0.3247863247863248,7.242365924425925,0.27350427350427353,10.547251675134172,0.6495726495726496,0.07692307692307693,-9.519090420622144,117,0.1452991452991453,0.8376068376068376,0.1623931623931624,-4.111913589262322,0.8034188034188035,0.03418803418803419,2.2774446383548184
693304,"Gonzales, Nick",2026,"SL","Pirates","R","3.940767852",0.17094017094017094,0.23931623931623933,0.06837606837606838,-6.211264830289757,0.5555555555555556,0.37606837606837606,8.79628784046579,0.27350427350427353,11.670081796193326,0.6068376068376068,0.11965811965811966,-11.306869360334888,117,0.3418803418803419,0.9401709401709402,0.3076923076923077,-3.149793045386007,0.5555555555555556,0.13675213675213677,2.836797474622744
681198,"Rumfield, TJ",2026,"SL","Rockies","L","4.555026444",0.11965811965811966,0.2222222222222222,0.06837606837606838,-6.704179637262514,0.6068376068376068,0.3247863247863248,9.880222500979785,0.29914529914529914,12.026675528306843,0.6068376068376068,0.09401709401709402,-9.755025791723796,117,0.39316239316239315,0.8461538461538461,0.27350427350427353,-4.646576065527477,0.6410256410256411,0.08547008547008547,3.2938091917123904
807712,"Keaschall, Luke",2026,"SI","Twins","R","1.695203103",0.05982905982905983,0.2905982905982906,0.23931623931623933,-7.375953680180592,0.6068376068376068,0.15384615384615385,7.551342865722944,0.017094017094017096,8.54048195242879,0.811965811965812,0.17094017094017094,-11.049064541592656,117,0.1282051282051282,0.8888888888888888,0.08547008547008547,-3.1572262362756742,0.7008547008547008,0.21367521367521367,3.1225320775087724
673237,"Diaz, Yainer",2026,"FF","Astros","R","0.911579713",0.042735042735042736,0.21367521367521367,0.06837606837606838,-5.286245391723754,0.7692307692307693,0.1623931623931624,5.627283361300657,0,,0.6410256410256411,0.358974358974359,-9.887067344336343,117,0.23931623931623933,0.9230769230769231,0,,0.4700854700854701,0.5299145299145299,3.1306276461909257
695506,"Caglianone, Jac",2026,"SL","Royals","L","3.308049855",0.11206896551724138,0.20689655172413793,0.12931034482758622,-6.412708886640034,0.5689655172413793,0.3017241379310345,9.193736290420189,0.3793103448275862,12.087765094861975,0.603448275862069,0.017241379310344827,-7.932647718360421,116,0.4051724137931034,0.896551724137931,0.29310344827586204,-4.005914744515435,0.6120689655172413,0.09482758620689655,2.9766282993465163
683734,"Vaughn, Andrew",2026,"FF","Brewers","R","0.725889925",0.02586206896551724,0.35344827586206895,0.05172413793103448,-6.755150490499279,0.7844827586206896,0.16379310344827586,6.460060677304921,0,,0.7586206896551724,0.2413793103448276,-10.491064175818336,116,0.12931034482758622,0.8706896551724138,0.008620689655172414,-2.3571655539428824,0.6637931034482759,0.3275862068965517,2.606915362883708
668804,"Reynolds, Bryan",2026,"FC","Pirates","S","1.694090882",0.04310344827586207,0.1810344827586207,0.21551724137931033,-5.808390297858419,0.7068965517241379,0.07758620689655173,10.866799185893125,0.05172413793103448,9.333762699346023,0.7068965517241379,0.2413793103448276,-12.42232355220002,116,0.2672413793103448,0.8879310344827587,0.23275862068965517,-3.582959738140516,0.5775862068965517,0.1896551724137931,3.3326894894106442
668904,"Lewis, Royce",2026,"SL","Twins","R","5.149029319",0.15517241379310345,0.10344827586206896,0.05172413793103448,-5.846241953456981,0.5172413793103449,0.43103448275862066,11.95447533358526,0.5344827586206896,14.96897822401631,0.4396551724137931,0.02586206896551724,-10.184782839661823,116,0.46551724137931033,0.8017241379310345,0.28448275862068967,-4.405783587495584,0.5862068965517241,0.12931034482758622,2.7936252281358875
545361,"Trout, Mike",2026,"SI","Angels","R","0.911325734",0.04310344827586207,0.29310344827586204,0.25862068965517243,-7.142514885004678,0.6982758620689655,0.04310344827586207,7.375210456132093,0.008620689655172414,11.171435249468683,0.7672413793103449,0.22413793103448276,-10.177856046259164,116,0.14655172413793102,0.9137931034482759,0.0603448275862069,-2.53820370342408,0.7155172413793104,0.22413793103448276,2.851459963416596
693307,"Dingler, Dillon",2026,"CH","Tigers","R","3.322795519",0.13793103448275862,0.1896551724137931,0.04310344827586207,-5.394754027833914,0.5172413793103449,0.4396551724137931,8.194020495599705,0.45689655172413796,12.215452028388226,0.5,0.04310344827586207,-10.336827373299478,116,0.3275862068965517,0.9224137931034483,0.28448275862068967,-3.019140476885752,0.6637931034482759,0.05172413793103448,2.5418644273748194
656775,"Mullins, Cedric",2026,"SI","Rays","L","0.927897493",0.034482758620689655,0.33620689655172414,0.1206896551724138,-5.659657411134387,0.7327586206896551,0.14655172413793102,6.155478758512322,0.017241379310344827,9.243857295526814,0.7413793103448276,0.2413793103448276,-9.814370572087332,116,0.16379310344827586,0.9396551724137931,0.017241379310344827,-2.282647529350492,0.6724137931034483,0.3103448275862069,2.9389230604314713
605141,"Betts, Mookie",2026,"SI","Dodgers","R","1.838032545",0.008695652173913044,0.4608695652173913,0.06956521739130435,-5.976235313428774,0.8,0.13043478260869565,6.078242877253759,0.02608695652173913,9.422433573416455,0.8347826086956521,0.1391304347826087,-10.183086714958861,115,0.043478260869565216,0.9130434782608695,0.034782608695652174,-2.722675817478761,0.8434782608695652,0.12173913043478261,2.556026724769901
621439,"Buxton, Byron",2026,"SL","Twins","R","3.940461856",0.0782608695652174,0.22608695652173913,0.034782608695652174,-5.072538344254891,0.591304347826087,0.3739130434782609,9.380441919835366,0.40869565217391307,11.881941754855994,0.5652173913043478,0.02608695652173913,-8.960406291623404,115,0.34782608695652173,0.9130434782608695,0.2,-4.044202102932421,0.7130434782608696,0.08695652173913043,2.6319804297931007
696100,"Goodman, Hunter",2026,"ST","Rockies","R","4.835923279",0.1826086956521739,0.11304347826086956,0.06086956521739131,-5.025569822334385,0.3565217391304348,0.5826086956521739,10.535780722298776,0.7043478260869566,13.671248203374164,0.2782608695652174,0.017391304347826087,-10.667953091924344,115,0.48695652173913045,0.9130434782608695,0.30434782608695654,-4.224623327985407,0.6260869565217392,0.06956521739130435,3.1665959331124887
681546,"Outman, James",2026,"FF","zMLB","L","0.854238874",0.08695652173913043,0.19130434782608696,0.1565217391304348,-6.347021949949939,0.6695652173913044,0.17391304347826086,6.191176252065731,0.034782608695652174,10.112849917843821,0.7478260869565218,0.21739130434782608,-10.664897639913319,115,0.30434782608695654,0.9130434782608695,0.034782608695652174,-2.7606267972321503,0.4782608695652174,0.48695652173913045,3.1651212242751257
701538,"Merrill, Jackson",2026,"SL","Padres","L","3.475981823",0.05217391304347826,0.1565217391304348,0.0782608695652174,-5.329447623231355,0.6260869565217392,0.2956521739130435,9.194237572895766,0.3826086956521739,11.267183170392569,0.5478260869565217,0.06956521739130435,-9.257284970677887,115,0.28695652173913044,0.8782608695652174,0.1826086956521739,-3.469505888148031,0.6956521739130435,0.12173913043478261,3.326411519245609
668952,"Kreidler, Ryan",2026,"FF","Twins","R","0.641890406",0.02608695652173913,0.24347826086956523,0.06086956521739131,-4.922076136775894,0.7913043478260869,0.14782608695652175,5.8763764821223115,0.02608695652173913,9.312227015932741,0.782608695652174,0.19130434782608696,-9.65734104484711,115,0.23478260869565218,0.9478260869565217,0.017391304347826087,-2.6610181197875833,0.6869565217391305,0.2956521739130435,3.015756215459402
657041,"Thomas, Lane",2026,"SI","zMLB","R","1.580456102",0.008695652173913044,0.40869565217391307,0.19130434782608696,-6.279628244440184,0.7652173913043478,0.043478260869565216,8.368527679531084,0,,0.8608695652173913,0.1391304347826087,-10.983652610992719,115,0.06956521739130435,0.9478260869565217,0.08695652173913043,-2.7386460902616125,0.8608695652173913,0.05217391304347826,3.1301120124583166
683011,"Volpe, Anthony",2026,"FF","Yankees","R","0.864149654",0.10434782608695652,0.17391304347826086,0.0782608695652174,-5.012990781294044,0.7130434782608696,0.20869565217391303,7.238235524234172,0.02608695652173913,9.911665229125417,0.6347826086956522,0.3391304347826087,-11.783931960985461,115,0.3130434782608696,0.9304347826086956,0.017391304347826087,-3.28592397149598,0.5130434782608696,0.46956521739130436,3.148031733623704
666182,"Bichette, Bo",2026,"ST","Mets","R","6.70644873",0.12173913043478261,0.14782608695652175,0.034782608695652174,-7.002299211806934,0.46956521739130436,0.4956521739130435,12.525532225370076,0.5130434782608696,15.812760191594228,0.46956521739130436,0.017391304347826087,-7.712401511911403,115,0.33043478260869563,0.9478260869565217,0.05217391304347826,-5.7792878238213845,0.5565217391304348,0.391304347826087,3.0538072223665504
660271,"Ohtani, Shohei",2026,"SL","Dodgers","L","5.814116427",0.17543859649122806,0.20175438596491227,0.05263157894736842,-5.490217161507298,0.5877192982456141,0.35964912280701755,9.53675702702252,0.43859649122807015,11.589111503822245,0.5,0.06140350877192982,-10.405673811635761,114,0.35964912280701755,0.8421052631578947,0.35964912280701755,-4.292795571963971,0.543859649122807,0.09649122807017543,2.4399539451094303
695506,"Caglianone, Jac",2026,"SI","Royals","L","1.31337418",0.05263157894736842,0.2543859649122807,0.2631578947368421,-6.798928137570237,0.6052631578947368,0.13157894736842105,6.5301167890830385,0,,0.6052631578947368,0.39473684210526316,-10.62223616928998,114,0.19298245614035087,0.9122807017543859,0.14912280701754385,-2.854146312710928,0.6929824561403509,0.15789473684210525,3.0722826557275686
676475,"Burleson, Alec",2026,"SL","Cardinals","L","4.453531717",0.10526315789473684,0.3684210526315789,0.08771929824561403,-6.637674201440566,0.6929824561403509,0.21929824561403508,8.764210397022413,0.2719298245614035,12.424900075458332,0.6842105263157895,0.043859649122807015,-10.195125058169763,114,0.24561403508771928,0.9122807017543859,0.24561403508771928,-3.956858730889521,0.6929824561403509,0.06140350877192982,2.5960139627989065
592885,"Yelich, Christian",2026,"SI","Brewers","L","1.187214318",0.03508771929824561,0.23684210526315788,0.09649122807017543,-5.881815636888364,0.6929824561403509,0.21052631578947367,6.816763022460621,0.017543859649122806,8.084076185511488,0.7368421052631579,0.24561403508771928,-10.433336519875484,114,0.15789473684210525,0.8596491228070176,0.13157894736842105,-2.6294474672144,0.6052631578947368,0.2631578947368421,2.96015946988556
663586,"Riley, Austin",2026,"ST","Braves","R","5.775284206",0.12280701754385964,0.08771929824561403,0.008771929824561403,-4.942511892631092,0.42105263157894735,0.5701754385964912,10.728684820055493,0.5087719298245614,14.164399118198453,0.4473684210526316,0.043859649122807015,-9.575676429355601,114,0.37719298245614036,0.9210526315789473,0.14035087719298245,-4.395710542513579,0.5964912280701754,0.2631578947368421,3.003364491112569
678662,"Tovar, Ezequiel",2026,"SI","Rockies","R","0.824688575",0.043859649122807015,0.23684210526315788,0.20175438596491227,-6.331695119580284,0.6666666666666666,0.13157894736842105,5.840330967248428,0,,0.7105263157894737,0.2894736842105263,-10.49480947415883,114,0.14035087719298245,0.9298245614035088,0.05263157894736842,-2.899191681379313,0.7105263157894737,0.23684210526315788,2.7712495213764847
669127,"Langeliers, Shea",2026,"SI","Athletics","R","0.757517125",0.043859649122807015,0.19298245614035087,0.2807017543859649,-5.987494337000627,0.5789473684210527,0.14035087719298245,7.0636889564055325,0,,0.631578947368421,0.3684210526315789,-10.156476474068942,114,0.12280701754385964,0.8947368421052632,0.07017543859649122,-2.9771739981778538,0.8070175438596491,0.12280701754385964,2.7107973519980306
672960,"Okamoto, Kazuma",2026,"FC","Blue Jays","R","2.764911973",0.07017543859649122,0.14035087719298245,0.06140350877192982,-5.376920640897674,0.5526315789473685,0.38596491228070173,9.439443458520463,0.13157894736842105,9.701406379847967,0.6842105263157895,0.18421052631578946,-11.170575892909032,114,0.41228070175438597,0.8859649122807017,0.05263157894736842,-2.7003576224196086,0.5087719298245614,0.43859649122807015,3.5791662632633994
669477,"Schmitt, Casey",2026,"SL","Giants","R","5.455934988",0.07079646017699115,0.21238938053097345,0.05309734513274336,-4.85164066692394,0.5132743362831859,0.4336283185840708,11.746045214689229,0.40707964601769914,12.536668017821611,0.5575221238938053,0.035398230088495575,-9.091699387258442,113,0.3274336283185841,0.8761061946902655,0.08849557522123894,-2.8285161682385866,0.7256637168141593,0.18584070796460178,2.883398081942713
695506,"Caglianone, Jac",2026,"CH","Royals","L","3.049772115",0.09734513274336283,0.19469026548672566,0.017699115044247787,-5.191107418388725,0.48672566371681414,0.49557522123893805,7.667306214865253,0.45132743362831856,12.556136485308231,0.5221238938053098,0.02654867256637168,-9.258158675549982,113,0.2831858407079646,0.9292035398230089,0.18584070796460178,-2.996081420376208,0.7522123893805309,0.061946902654867256,2.735968938399422
682998,"Carroll, Corbin",2026,"CH","Diamondbacks","L","3.22333237",0.13274336283185842,0.24778761061946902,0.008849557522123894,-4.837683560681501,0.4690265486725664,0.5221238938053098,7.269786712739124,0.4778761061946903,11.364804771403055,0.5221238938053098,0,,113,0.25663716814159293,0.9203539823008849,0.19469026548672566,-3.3561856563960744,0.7168141592920354,0.08849557522123894,2.5738845160244295
676391,"Clement, Ernie",2026,"CH","Blue Jays","R","3.082234456",0.07964601769911504,0.19469026548672566,0.04424778761061947,-5.541783408540502,0.5398230088495575,0.415929203539823,7.834040834399631,0.45132743362831856,11.8918562426084,0.5132743362831859,0.035398230088495575,-9.58128784875951,113,0.26548672566371684,0.8849557522123894,0.17699115044247787,-3.371977666822527,0.7699115044247787,0.05309734513274336,2.913814254667776
518692,"Freeman, Freddie",2026,"CH","Dodgers","L","4.859008259",0.04424778761061947,0.24778761061946902,0.035398230088495575,-6.378121388699718,0.5398230088495575,0.4247787610619469,8.037007945485811,0.3008849557522124,12.06921612043133,0.6460176991150443,0.05309734513274336,-8.724966154351895,113,0.20353982300884957,0.9823008849557522,0.09734513274336283,-3.0236437520697104,0.7699115044247787,0.13274336283185842,2.7963002894489786
545121,"Vargas, Ildemaro",2026,"CH","Diamondbacks","S","3.794820567",0.035398230088495575,0.3008849557522124,0.02654867256637168,-4.677876014343099,0.6371681415929203,0.336283185840708,7.689945624436831,0.3805309734513274,11.715065846313069,0.5929203539823009,0.02654867256637168,-10.456259772737615,113,0.168141592920354,0.9026548672566371,0.1415929203539823,-3.327021930899997,0.8053097345132744,0.05309734513274336,2.537361651505944
668804,"Reynolds, Bryan",2026,"SI","Pirates","S","1.810883385",0.08849557522123894,0.18584070796460178,0.008849557522123894,-6.898564359644045,0.48672566371681414,0.504424778761062,7.562616811021362,0,,0.6637168141592921,0.336283185840708,-9.921646132021676,113,0.20353982300884957,0.9557522123893806,0.05309734513274336,-3.7560693468484625,0.5575221238938053,0.3893805309734513,2.9548881382620187
664983,"McCarthy, Jake",2026,"SI","Rockies","L","1.888216323",0.04424778761061947,0.3008849557522124,0.17699115044247787,-6.4631178878365745,0.6194690265486725,0.20353982300884957,7.550300760745143,0.04424778761061947,8.677368124704062,0.7433628318584071,0.21238938053097345,-11.190920070800214,113,0.17699115044247787,0.9292035398230089,0.10619469026548672,-2.596096836904515,0.7610619469026548,0.13274336283185842,2.776949890958816
670541,"Alvarez, Yordan",2026,"SL","Astros","L","4.91169095",0.04424778761061947,0.20353982300884957,0.05309734513274336,-5.292311418029613,0.5752212389380531,0.37168141592920356,10.555302229646902,0.4336283185840708,12.3102207435397,0.5132743362831859,0.05309734513274336,-11.565807653895586,113,0.25663716814159293,0.9026548672566371,0.07079646017699115,-3.898825242447145,0.7699115044247787,0.1592920353982301,2.8575988418543474
672724,"Peraza, Oswald",2026,"SI","Angels","R","0.745766508",0.017699115044247787,0.17699115044247787,0.336283185840708,-6.83077936151413,0.6017699115044248,0.061946902654867256,7.529229097569945,0.02654867256637168,8.342902261271783,0.6371681415929203,0.336283185840708,-9.977579199251881,113,0.12389380530973451,0.911504424778761,0.09734513274336283,-2.6587859535963307,0.7433628318584071,0.1592920353982301,2.887062863927276
595978,"Hedges, Austin",2026,"FF","Guardians","R","0.966980726",0.008928571428571428,0.2767857142857143,0.05357142857142857,-5.232979750716952,0.7232142857142857,0.22321428571428573,6.421648782843335,0.03571428571428571,7.918585433517076,0.8303571428571429,0.13392857142857142,-11.036184509166135,112,0.17857142857142858,0.9553571428571429,0.008928571428571428,-3.239732182332187,0.5625,0.42857142857142855,2.806583742983896
665862,"Chisholm Jr., Jazz",2026,"SL","Yankees","L","4.233322616",0.16964285714285715,0.21428571428571427,0.0625,-5.170446618920997,0.625,0.3125,8.67300210718402,0.35714285714285715,12.12658576688301,0.5892857142857143,0.05357142857142857,-11.135091080314519,112,0.4017857142857143,0.8392857142857143,0.36607142857142855,-4.735255491140525,0.5535714285714286,0.08035714285714286,2.6876218920210384
681082,"Stott, Bryson",2026,"SL","Phillies","L","4.414837853",0.10714285714285714,0.24107142857142858,0.0625,-6.816380096859044,0.6160714285714286,0.32142857142857145,8.882307970065266,0.32142857142857145,12.592986780140409,0.6428571428571429,0.03571428571428571,-13.285379560325637,112,0.25892857142857145,0.8392857142857143,0.17857142857142858,-4.196555107427954,0.7410714285714286,0.08035714285714286,2.3284377354068257
592450,"Judge, Aaron",2026,"FF","Yankees","R","2.020566648",0.03571428571428571,0.15178571428571427,0.017857142857142856,-5.448707015782242,0.8035714285714286,0.17857142857142858,6.5655066639504,0.008928571428571428,7.790214998666099,0.7232142857142857,0.26785714285714285,-10.202588272076323,112,0.2767857142857143,0.9107142857142857,0,,0.25,0.75,3.1954529377530174
676609,"Caballero, José",2026,"SL","Yankees","R","4.876801569",0.14285714285714285,0.20535714285714285,0.0625,-10.26063631500697,0.48214285714285715,0.45535714285714285,10.469689953820021,0.30357142857142855,12.400349177911277,0.6071428571428571,0.08928571428571429,-12.924259121774368,112,0.38392857142857145,0.8392857142857143,0.23214285714285715,-4.299886655275731,0.6517857142857143,0.11607142857142858,2.915622959029716
680757,"Kwan, Steven",2026,"SI","Guardians","L","3.31710168",0.017857142857142856,0.36607142857142855,0.0625,-5.767514597169119,0.7410714285714286,0.19642857142857142,6.13169878668358,0,,0.7857142857142857,0.21428571428571427,-10.302322795350838,112,0.044642857142857144,0.9375,0,,0.6785714285714286,0.32142857142857145,2.9242477771272988
657757,"Sheets, Gavin",2026,"CH","Padres","L","3.518837147",0.08035714285714286,0.16071428571428573,0.026785714285714284,-4.642976541584304,0.5178571428571429,0.45535714285714285,7.715054711313307,0.5357142857142857,12.309351661167149,0.45535714285714285,0.008928571428571428,-7.092806155280855,112,0.25,0.8928571428571429,0.16071428571428573,-3.819227605411102,0.7678571428571429,0.07142857142857142,2.6519563770669814
671277,"García Jr., Luis",2026,"SI","zMLB","L","1.037306037",0.044642857142857144,0.36607142857142855,0.0625,-6.5657669833323675,0.6071428571428571,0.33035714285714285,5.771587804827116,0.026785714285714284,9.113537613150465,0.8125,0.16071428571428573,-9.935693087751407,112,0.10714285714285714,0.9821428571428571,0.10714285714285714,-2.7610665102134986,0.8392857142857143,0.05357142857142857,2.26264195269015
696100,"Goodman, Hunter",2026,"SI","Rockies","R","1.247022071",0.03571428571428571,0.25892857142857145,0.13392857142857142,-5.156917020695647,0.75,0.11607142857142858,7.663408470184726,0.008928571428571428,7.077937760178778,0.6875,0.30357142857142855,-10.938328178594427,112,0.21428571428571427,0.9196428571428571,0.05357142857142857,-2.7311461466377964,0.6339285714285714,0.3125,3.3494603460261914
671739,"Harris II, Michael",2026,"ST","Braves","L","3.75137302",0.04504504504504504,0.14414414414414414,0.0990990990990991,-5.820473991617125,0.5675675675675675,0.3333333333333333,9.252805624636496,0.5225225225225225,14.43307394500747,0.46846846846846846,0.009009009009009009,-12.484092087272474,111,0.2702702702702703,0.8918918918918919,0.07207207207207207,-3.5702085208568644,0.7657657657657657,0.16216216216216217,2.749851085699676
656811,"O'Hearn, Ryan",2026,"SI","Pirates","L","1.511004031",0.009009009009009009,0.3963963963963964,0.1981981981981982,-5.4117981313744625,0.6936936936936937,0.10810810810810811,7.44430797462042,0.02702702702702703,8.280740208439926,0.8018018018018018,0.17117117117117117,-10.01097934902213,111,0.08108108108108109,0.963963963963964,0.11711711711711711,-2.6109617135534333,0.8108108108108109,0.07207207207207207,2.637558928548353
672580,"Garcia, Maikel",2026,"SI","Royals","R","1.95413255",0.02702702702702703,0.42342342342342343,0.08108108108108109,-6.641000427195106,0.8018018018018018,0.11711711711711711,6.64879468960939,0,,0.7927927927927928,0.2072072072072072,-10.911699122843146,111,0.07207207207207207,0.9099099099099099,0.11711711711711711,-3.030312538444605,0.7747747747747747,0.10810810810810811,2.446079284023564
694192,"Chourio, Jackson",2026,"SL","Brewers","R","4.863437769",0.13513513513513514,0.22522522522522523,0.018018018018018018,-15.482623756855496,0.6666666666666666,0.3153153153153153,8.964523956955675,0.42342342342342343,12.8364188836188,0.5135135135135135,0.06306306306306306,-9.725229973061081,111,0.3333333333333333,0.918918918918919,0.3783783783783784,-4.439264072132161,0.5765765765765766,0.04504504504504504,3.1728704364374103
521692,"Perez, Salvador",2026,"CH","Royals","R","3.7094187",0.12612612612612611,0.2072072072072072,0.036036036036036036,-5.990466363494045,0.4864864864864865,0.4774774774774775,7.728731870188187,0.45045045045045046,11.94257345672741,0.5045045045045045,0.04504504504504504,-9.530575043705428,111,0.24324324324324326,0.954954954954955,0.2072072072072072,-3.162849747185157,0.6936936936936937,0.0990990990990991,2.9917777827475684
669016,"Marsh, Brandon",2026,"SI","Phillies","L","1.847153074",0.009009009009009009,0.36936936936936937,0.10810810810810811,-6.833374305627929,0.6396396396396397,0.25225225225225223,6.622988117074506,0.02702702702702703,9.799438035357623,0.7927927927927928,0.18018018018018017,-11.119883798529267,111,0.09009009009009009,0.9279279279279279,0.07207207207207207,-3.235488268085029,0.7567567567567568,0.17117117117117117,2.722570335332957
686527,"Canzone, Dominic",2026,"SL","Mariners","L","4.916265983",0.16216216216216217,0.14414414414414414,0.06306306306306306,-5.079296851223096,0.6036036036036037,0.3333333333333333,10.065785351459589,0.42342342342342343,13.142767968320502,0.4864864864864865,0.09009009009009009,-10.607987105290766,111,0.3783783783783784,0.8648648648648649,0.27927927927927926,-3.761962306469518,0.5405405405405406,0.18018018018018017,2.962052690348732
685133,"Meckler, Wade",2026,"FF","Angels","L","0.96094271",0.036036036036036036,0.3063063063063063,0.05405405405405406,-4.948315795888735,0.7297297297297297,0.21621621621621623,6.093513053746463,0,,0.7387387387387387,0.26126126126126126,-10.033207156153903,111,0.14414414414414414,0.918918918918919,0.009009009009009009,-2.194402766607427,0.7297297297297297,0.26126126126126126,2.874052730022046
665804,"Amaya, Miguel",2026,"FF","Cubs","R","0.959405812",0.02702702702702703,0.23423423423423423,0.06306306306306306,-6.104335579514982,0.7567567567567568,0.18018018018018017,6.346108276743746,0.009009009009009009,7.415179904826376,0.7027027027027027,0.2882882882882883,-9.909140432480152,111,0.1891891891891892,0.9459459459459459,0.009009009009009009,-2.7211076348821006,0.5855855855855856,0.40540540540540543,2.940401680813262
543807,"Springer, George",2026,"SL","Blue Jays","R","4.08482465",0.16216216216216217,0.27927927927927926,0.12612612612612611,-6.1659203523791355,0.5675675675675675,0.3063063063063063,9.647453143795595,0.2702702702702703,11.008964206590507,0.7027027027027027,0.02702702702702703,-12.079391484061931,111,0.36036036036036034,0.8648648648648649,0.32432432432432434,-4.009257164397852,0.6126126126126126,0.06306306306306306,3.2202974688206263
689414,"Hicks, Liam",2026,"SI","zMLB","L","1.060944704",0.009009009009009009,0.35135135135135137,0.3153153153153153,-5.678154672824251,0.6306306306306306,0.05405405405405406,6.21411289937116,0,,0.8198198198198198,0.18018018018018017,-9.807879248609357,111,0.02702702702702703,0.8738738738738738,0.02702702702702703,-2.877099142548177,0.7927927927927928,0.18018018018018017,2.319164986520921
681198,"Rumfield, TJ",2026,"SI","Rockies","L","0.898128311",0,0.24324324324324326,0.22522522522522523,-6.720654675381889,0.6576576576576577,0.11711711711711711,6.086830363076759,0.018018018018018018,7.832198022232149,0.6576576576576577,0.32432432432432434,-9.808359841136035,111,0.0990990990990991,0.963963963963964,0.07207207207207207,-2.713378661245753,0.7567567567567568,0.17117117117117117,2.7965077881991047
677594,"Rodríguez, Julio",2026,"CH","Mariners","R","3.558213383",0.0990990990990991,0.18018018018018017,0.018018018018018018,-9.990532860838384,0.5135135135135135,0.46846846846846846,9.504503865548854,0.5405405405405406,13.818359715992868,0.44144144144144143,0.018018018018018018,-8.602567374404165,111,0.3063063063063063,0.963963963963964,0.15315315315315314,-2.700946474018182,0.7477477477477478,0.0990990990990991,2.7324041960775416
668709,"Bleday, JJ",2026,"SI","Reds","L","1.404435605",0.02727272727272727,0.3,0.13636363636363635,-6.4513435101126415,0.6727272727272727,0.19090909090909092,6.908217682078039,0.05454545454545454,9.625884749809174,0.8636363636363636,0.08181818181818182,-10.508480069286202,110,0.12727272727272726,0.9181818181818182,0.09090909090909091,-3.646388073633334,0.6818181818181818,0.22727272727272727,2.437661861713671
502671,"Goldschmidt, Paul",2026,"SL","Yankees","R","5.163211001",0.14545454545454545,0.19090909090909092,0.05454545454545454,-6.4441527153857425,0.5818181818181818,0.36363636363636365,10.28929737508448,0.35454545454545455,14.835541114663354,0.5727272727272728,0.07272727272727272,-11.360134657054735,110,0.3090909090909091,0.9090909090909091,0.22727272727272727,-4.275802356064065,0.6545454545454545,0.11818181818181818,3.018964757461599
521692,"Perez, Salvador",2026,"FC","Royals","R","2.406710423",0.06363636363636363,0.2,0.05454545454545454,-5.711341858013276,0.6363636363636364,0.3090909090909091,8.539704505375179,0.16363636363636364,11.50648804026138,0.7090909090909091,0.12727272727272726,-11.756984469317256,110,0.24545454545454545,0.9181818181818182,0.06363636363636363,-3.0647265927809793,0.5818181818181818,0.35454545454545455,3.0128234252462303
677951,"Witt Jr., Bobby",2026,"ST","Royals","R","6.744293084",0.09090909090909091,0.20909090909090908,0.01818181818181818,-4.22582251370504,0.38181818181818183,0.6,11.769118019523356,0.42727272727272725,13.971142363987243,0.5545454545454546,0.01818181818181818,-10.602155674066129,110,0.37272727272727274,0.8545454545454545,0.1,-3.1128357590430054,0.7181818181818181,0.18181818181818182,2.6096949859055463
681351,"O'Hoppe, Logan",2026,"FF","zMLB","R","1.033193992",0.02727272727272727,0.23636363636363636,0.045454545454545456,-5.220858387641872,0.8454545454545455,0.10909090909090909,6.324270743571499,0.00909090909090909,12.682898898190546,0.6545454545454545,0.33636363636363636,-10.05031365332137,110,0.17272727272727273,0.9181818181818182,0.02727272727272727,-2.563863557292467,0.5727272727272728,0.4,3.0936406833220484
645277,"Albies, Ozzie",2026,"SL","Braves","S","3.705689508",0.05454545454545454,0.2545454545454545,0.1,-7.08351430836514,0.8,0.1,8.114962233551136,0.17272727272727273,11.153617816536379,0.6727272727272727,0.15454545454545454,-11.963155278063526,110,0.2545454545454545,0.8545454545454545,0.23636363636363636,-4.682980634352499,0.5909090909090909,0.17272727272727273,3.388755382924358
642201,"White, Eli",2026,"FF","zMLB","R","0.942705232",0.06363636363636363,0.13636363636363635,0.16363636363636364,-5.7331615382028085,0.6636363636363637,0.17272727272727273,7.885814710092272,0.00909090909090909,8.628020346040792,0.7545454545454545,0.23636363636363636,-10.93622921704246,110,0.2727272727272727,0.9090909090909091,0.02727272727272727,-2.5310922537266,0.6,0.37272727272727274,3.056656770198488
641343,"Bauers, Jake",2026,"SL","Brewers","L","4.76853726",0.12727272727272726,0.23636363636363636,0.1,-6.239197363776746,0.6454545454545455,0.2545454545454545,9.29855279933259,0.3090909090909091,11.492908887491618,0.5727272727272728,0.11818181818181818,-11.223997000444408,110,0.2909090909090909,0.8818181818181818,0.2727272727272727,-4.64125248709849,0.6363636363636364,0.09090909090909091,2.5992196902617093
592885,"Yelich, Christian",2026,"SL","Brewers","L","4.215805613",0.14545454545454545,0.11818181818181818,0.06363636363636363,-8.020900245000368,0.6090909090909091,0.32727272727272727,9.145205626587266,0.4090909090909091,12.116387071026107,0.5636363636363636,0.02727272727272727,-8.655859058674865,110,0.5181818181818182,0.9454545454545454,0.4727272727272727,-4.473961544442972,0.43636363636363634,0.09090909090909091,2.8007185706369486
681082,"Stott, Bryson",2026,"SI","Phillies","L","2.955418117",0.03636363636363636,0.3181818181818182,0.1,-6.295776708776737,0.6,0.3,7.659348489950242,0.11818181818181818,9.28286724861635,0.7727272727272727,0.10909090909090909,-10.732524319048055,110,0.11818181818181818,0.8909090909090909,0.1,-3.1446013737263234,0.7909090909090909,0.10909090909090909,2.662072729345799
686780,"Pagés, Pedro",2026,"FF","Cardinals","R","0.760749467",0.05454545454545454,0.19090909090909092,0.1,-5.860333819813853,0.7727272727272727,0.12727272727272726,6.224396741131837,0.00909090909090909,8.517162694465155,0.7727272727272727,0.21818181818181817,-10.192865675883732,110,0.20909090909090908,0.9181818181818182,0.02727272727272727,-3.111574729986069,0.5818181818181818,0.39090909090909093,2.9604342569240027
642708,"Rosario, Amed",2026,"FF","Yankees","R","1.156164808",0.03669724770642202,0.1743119266055046,0.10091743119266056,-5.128935240890433,0.7706422018348624,0.12844036697247707,5.885327668685262,0,,0.6972477064220184,0.30275229357798167,-10.746819344908443,109,0.22935779816513763,0.8440366972477065,0.009174311926605505,-2.4646521796862237,0.42201834862385323,0.5688073394495413,3.023077228145344
671732,"Butler, Lawrence",2026,"SI","Athletics","L","1.282440267",0.06422018348623854,0.2018348623853211,0.11009174311926606,-5.500776540635302,0.5321100917431193,0.3577981651376147,6.367695068179133,0,,0.6513761467889908,0.3486238532110092,-11.973560096488573,109,0.1651376146788991,0.8623853211009175,0.08256880733944955,-2.629450630996512,0.7064220183486238,0.21100917431192662,3.108214996663962
547180,"Harper, Bryce",2026,"ST","Phillies","L","7.058811432",0.11926605504587157,0.14678899082568808,0.05504587155963303,-6.161762173528161,0.5045871559633027,0.44036697247706424,11.701550996184915,0.6055045871559633,14.48491544391458,0.3944954128440367,0,,109,0.3211009174311927,0.8990825688073395,0.22018348623853212,-3.0820907674709836,0.6513761467889908,0.12844036697247707,2.7523968318955614
678011,"Seigler, Anthony",2026,"FF","Red Sox","S","0.78201744",0.06422018348623854,0.3577981651376147,0,,0.8165137614678899,0.1834862385321101,7.297953289957429,0,,0.7339449541284404,0.26605504587155965,-10.739798577399375,109,0.22935779816513763,0.926605504587156,0.009174311926605505,-2.1559075233972957,0.6513761467889908,0.3394495412844037,3.0233666034236286
664954,"Sullivan, Brett",2026,"FF","Rockies","L","1.021862168",0.045871559633027525,0.3119266055045872,0.09174311926605505,-5.827482436852295,0.7522935779816514,0.1559633027522936,5.950415362898708,0,,0.8165137614678899,0.1834862385321101,-9.79708581794008,109,0.1651376146788991,0.963302752293578,0.009174311926605505,-2.4318862509480823,0.5596330275229358,0.43119266055045874,2.8142136462455776
621493,"Ward, Taylor",2026,"SL","zMLB","R","3.573956898",0.10091743119266056,0.22935779816513763,0.027522935779816515,-7.1591304452147195,0.5779816513761468,0.3944954128440367,7.347158501623654,0.3119266055045872,10.43253983469964,0.5871559633027523,0.10091743119266056,-10.54323196558323,109,0.22935779816513763,0.8440366972477065,0.21100917431192662,-3.803947705643771,0.6422018348623854,0.14678899082568808,2.940991581371994
643289,"Dubón, Mauricio",2026,"ST","Braves","R","3.840881295",0.03669724770642202,0.1926605504587156,0.045871559633027525,-5.108116982837399,0.5963302752293578,0.3577981651376147,8.964213136896669,0.41284403669724773,12.24115426433843,0.5045871559633027,0.08256880733944955,-8.761071551566857,109,0.1834862385321101,0.7798165137614679,0.06422018348623854,-4.042062521391785,0.7064220183486238,0.22935779816513763,2.6081696025094923
678489,"Barrosa, Jorge",2026,"FF","Diamondbacks","S","1.100157416",0.027522935779816515,0.30275229357798167,0.05504587155963303,-6.271919303458172,0.8807339449541285,0.06422018348623854,9.094805730365106,0.01834862385321101,8.046722573230706,0.7706422018348624,0.21100917431192662,-10.036593038132963,109,0.26605504587155965,0.926605504587156,0.009174311926605505,-2.0462709224165105,0.5504587155963303,0.44036697247706424,3.1808526109079107
691594,"Sanoja, Javier",2026,"SL","Marlins","R","2.328833717",0.03669724770642202,0.3211009174311927,0.09174311926605505,-5.0531423263769515,0.6330275229357798,0.27522935779816515,7.469640826565508,0.44036697247706424,12.663267700639839,0.5412844036697247,0.01834862385321101,-8.767944160848625,109,0.1559633027522936,0.8807339449541285,0.06422018348623854,-3.12372041535122,0.8440366972477065,0.09174311926605505,2.742747923288664
669065,"Stowers, Kyle",2026,"CH","Marlins","L","3.467555545",0.22935779816513763,0.1559633027522936,0.027522935779816515,-5.496865595889837,0.5504587155963303,0.42201834862385323,8.017326271401679,0.5412844036697247,11.976788016875423,0.44036697247706424,0.01834862385321101,-10.763129088940385,109,0.46788990825688076,0.9174311926605505,0.44036697247706424,-3.7993113711695368,0.5229357798165137,0.03669724770642202,2.7781023292499327
671056,"Herrera, Iván",2026,"CH","Cardinals","R","4.801898226",0.08256880733944955,0.23853211009174313,0.11009174311926606,-5.902947157127597,0.5871559633027523,0.30275229357798167,11.40522089200656,0.3577981651376147,15.205782400429486,0.5779816513761468,0.06422018348623854,-10.930184081196163,109,0.29357798165137616,0.9174311926605505,0.28440366972477066,-3.471087574972467,0.6972477064220184,0.01834862385321101,2.3230405269220165
664983,"McCarthy, Jake",2026,"SL","Rockies","L","3.891406159",0.11926605504587157,0.1651376146788991,0.12844036697247707,-6.109768298536155,0.5321100917431193,0.3394495412844037,9.245712230364393,0.42201834862385323,11.11733808288038,0.5688073394495413,0.009174311926605505,-8.521135740467248,109,0.4036697247706422,0.8807339449541285,0.3394495412844037,-3.814269794239656,0.6238532110091743,0.03669724770642202,2.4304834750801954
683083,"Nuñez, Nasim",2026,"CH","Nationals","S","3.105733026",0.14678899082568808,0.1651376146788991,0,,0.42201834862385323,0.5779816513761468,7.612492152134003,0.5504587155963303,12.63725683347007,0.42201834862385323,0.027522935779816515,-11.330142113857944,109,0.25688073394495414,0.8899082568807339,0.24770642201834864,-3.0100626549254197,0.6788990825688074,0.07339449541284404,2.589106777428137
643289,"Dubón, Mauricio",2026,"SL","Braves","R","3.136302035",0.06481481481481481,0.23148148148148148,0.06481481481481481,-5.3192442085622815,0.6018518518518519,0.3333333333333333,9.07700889561905,0.17592592592592593,11.233751012510472,0.7129629629629629,0.1111111111111111,-9.827799829466793,108,0.25925925925925924,0.8796296296296297,0.07407407407407407,-4.27288213516648,0.6574074074074074,0.26851851851851855,2.782115954461867
805367,"Meidroth, Chase",2026,"SL","White Sox","R","3.876506366",0.1388888888888889,0.24074074074074073,0.027777777777777776,-7.410640385201109,0.5740740740740741,0.39814814814814814,8.789158854629493,0.3425925925925926,10.92554590735909,0.5555555555555556,0.10185185185185185,-10.65239342181164,108,0.2777777777777778,0.8333333333333334,0.25,-3.7643860073680666,0.6851851851851852,0.06481481481481481,3.204596322647472
678882,"Rafaela, Ceddanne",2026,"CH","Red Sox","R","3.424477167",0.05555555555555555,0.26851851851851855,0.018518518518518517,-5.2677102422145055,0.5648148148148148,0.4166666666666667,8.291009946525508,0.25925925925925924,11.941143612549455,0.6851851851851852,0.05555555555555555,-10.63698426694754,108,0.2777777777777778,0.9722222222222222,0.23148148148148148,-3.4281025825568614,0.7685185185185185,0,
691026,"Winn, Masyn",2026,"SI","Cardinals","R","1.293073935",0,0.4537037037037037,0.046296296296296294,-4.951162033573807,0.8333333333333334,0.12037037037037036,6.7223339723394115,0.009259259259259259,9.094915550334456,0.7777777777777778,0.21296296296296297,-10.691029826334699,108,0.09259259259259259,0.9537037037037037,0.10185185185185185,-3.1205378566236,0.8148148148148148,0.08333333333333333,2.6485668360621677
679529,"Torkelson, Spencer",2026,"CH","Tigers","R","3.735612803",0.17592592592592593,0.08333333333333333,0.018518518518518517,-4.327688316283465,0.49074074074074076,0.49074074074074076,8.94139174102092,0.6481481481481481,12.101734041196226,0.3333333333333333,0.018518518518518517,-11.114854031664503,108,0.42592592592592593,0.9074074074074074,0.28703703703703703,-3.240247795264158,0.6574074074074074,0.05555555555555555,2.6119053358990314
660271,"Ohtani, Shohei",2026,"CU","Dodgers","L","3.423154184",0.16666666666666666,0.2222222222222222,0.009259259259259259,-4.1787879174356775,0.6851851851851852,0.3055555555555556,8.543041506998467,0.4351851851851852,13.579501277326402,0.4722222222222222,0.09259259259259259,-10.695187634090116,108,0.37037037037037035,0.8888888888888888,0.3611111111111111,-3.3101400912365073,0.5370370370370371,0.10185185185185185,2.8133349231498213
677649,"Duran, Ezequiel",2026,"ST","Rangers","R","5.262567295",0.07407407407407407,0.2777777777777778,0.027777777777777776,-4.13720446791378,0.5462962962962963,0.42592592592592593,9.784083568327821,0.37962962962962965,13.101246759814675,0.6018518518518519,0.018518518518518517,-10.633301623432788,108,0.25925925925925924,0.8981481481481481,0.16666666666666666,-3.086010881977118,0.6851851851851852,0.14814814814814814,2.936851047013456
664040,"Lowe, Brandon",2026,"ST","Pirates","L","4.057122592",0.12962962962962962,0.12962962962962962,0.06481481481481481,-5.457922136272597,0.5462962962962963,0.3888888888888889,10.711022973010616,0.35185185185185186,12.671192629960204,0.5648148148148148,0.08333333333333333,-13.29044502654299,108,0.4351851851851852,0.8148148148148148,0.16666666666666666,-4.366846907856244,0.6018518518518519,0.23148148148148148,3.223577618035236
663886,"Stephenson, Tyler",2026,"SL","Reds","R","6.36818476",0.2037037037037037,0.17592592592592593,0.037037037037037035,-5.011866672386356,0.49074074074074076,0.4722222222222222,9.586800846454107,0.5277777777777778,12.791376199404986,0.42592592592592593,0.046296296296296294,-11.222767926225943,108,0.35185185185185186,0.8703703703703703,0.3148148148148148,-3.8857441678327618,0.5925925925925926,0.09259259259259259,2.4164647000185724
655316,"Monasterio, Andruw",2026,"SL","Red Sox","R","3.435129545",0.06481481481481481,0.32407407407407407,0.046296296296296294,-5.417314744335866,0.6203703703703703,0.3333333333333333,7.972079709272552,0.32407407407407407,10.610738625034625,0.6481481481481481,0.027777777777777776,-9.783706571121671,108,0.19444444444444445,0.9351851851851852,0.09259259259259259,-2.6230051818971343,0.7592592592592593,0.14814814814814814,3.080101639501915
605137,"Bell, Josh",2026,"SI","Twins","S","1.408939945",0.018518518518518517,0.3333333333333333,0.009259259259259259,-5.068360871629217,0.7407407407407407,0.25,6.7864518847977715,0.027777777777777776,11.75422281237188,0.8333333333333334,0.1388888888888889,-10.615684189048254,108,0.12962962962962962,0.9537037037037037,0.046296296296296294,-2.295028197753924,0.6574074074074074,0.2962962962962963,2.851590095919593
607043,"Nimmo, Brandon",2026,"CH","Rangers","L","2.842040357",0.102803738317757,0.16822429906542055,0.028037383177570093,-6.4516444210357236,0.5981308411214953,0.37383177570093457,7.3470665270169695,0.4672897196261682,11.793590044265919,0.514018691588785,0.018691588785046728,-11.6108201381358,107,0.2523364485981308,0.9439252336448598,0.29906542056074764,-3.0352794482404297,0.5794392523364486,0.12149532710280374,2.5999336409067055
592626,"Pederson, Joc",2026,"CH","Rangers","L","3.31467438",0.1308411214953271,0.2616822429906542,0.009345794392523364,-6.08085467576111,0.5981308411214953,0.3925233644859813,7.503653976210244,0.3925233644859813,12.417080422240058,0.5514018691588785,0.056074766355140186,-9.695744658314089,107,0.308411214953271,0.9719626168224299,0.2336448598130841,-3.715072183269776,0.6915887850467289,0.07476635514018691,3.1096870502745495
686797,"Lee, Brooks",2026,"CU","Twins","S","5.63656736",0.056074766355140186,0.19626168224299065,0.102803738317757,-6.59252477317,0.7476635514018691,0.14953271028037382,7.909463796605882,0.5046728971962616,12.383979876966052,0.4672897196261682,0.028037383177570093,-11.63251273146253,107,0.2803738317757009,0.822429906542056,0.32710280373831774,-6.020499001069559,0.6448598130841121,0.028037383177570093,2.559136790836259
608070,"Ramírez, José",2026,"SL","Guardians","S","3.351866451",0.028037383177570093,0.2523364485981308,0.07476635514018691,-6.6334864921012375,0.7289719626168224,0.19626168224299065,7.928765209180357,0.2523364485981308,11.126532590152316,0.6635514018691588,0.08411214953271028,-10.406006677322685,107,0.22429906542056074,0.8785046728971962,0.12149532710280374,-5.212258908738226,0.7102803738317757,0.16822429906542055,2.5780133117036437
518692,"Freeman, Freddie",2026,"FC","Dodgers","L","2.712658123",0.028037383177570093,0.18691588785046728,0.102803738317757,-6.4194006991798584,0.6915887850467289,0.205607476635514,8.304147179193459,0.102803738317757,11.395861355570915,0.7383177570093458,0.1588785046728972,-9.889034633118193,107,0.19626168224299065,0.9252336448598131,0.11214953271028037,-3.072530331005096,0.5700934579439252,0.3177570093457944,2.9208738478084006
805300,"Marsee, Jakob",2026,"SI","Marlins","L","1.496720326",0.009345794392523364,0.3177570093457944,0.14018691588785046,-5.782043702092167,0.6915887850467289,0.16822429906542055,7.283286887399558,0.07476635514018691,8.51496150133974,0.7850467289719626,0.14018691588785046,-10.028306446210552,107,0.11214953271028037,0.9252336448598131,0.037383177570093455,-3.011047564081027,0.7289719626168224,0.2336448598130841,2.562736741833982
660271,"Ohtani, Shohei",2026,"SI","Dodgers","L","1.592441957",0.018691588785046728,0.411214953271028,0.09345794392523364,-5.0371189500724824,0.7850467289719626,0.12149532710280374,6.87549317168098,0.018691588785046728,12.097347099200242,0.8411214953271028,0.14018691588785046,-10.757995323072402,107,0.19626168224299065,0.9626168224299065,0.14953271028037382,-3.5119329558456975,0.6635514018691588,0.18691588785046728,2.8464097734800986
691718,"Crow-Armstrong, Pete",2026,"CU","Cubs","L","3.471108474",0.11214953271028037,0.1588785046728972,0.17757009345794392,-6.54831074148947,0.5700934579439252,0.2523364485981308,9.716517011810321,0.4392523364485981,13.43334802303127,0.514018691588785,0.04672897196261682,-11.494873571041555,107,0.3177570093457944,0.8317757009345794,0.35514018691588783,-3.856024157472689,0.5887850467289719,0.056074766355140186,2.3479792749153163
547180,"Harper, Bryce",2026,"CH","Phillies","L","4.03176438",0.09345794392523364,0.2523364485981308,0.028037383177570093,-6.834747338909723,0.5046728971962616,0.4672897196261682,7.587222999287681,0.308411214953271,12.570744502839212,0.6448598130841121,0.04672897196261682,-9.665704980166032,107,0.2336448598130841,0.9345794392523364,0.17757009345794392,-3.2808816744841938,0.6822429906542056,0.14018691588785046,2.6580387570259116
671289,"Freeman, Tyler",2026,"SI","Rockies","R","0.7130325",0,0.34579439252336447,0.205607476635514,-6.350103242199675,0.719626168224299,0.07476635514018691,5.8444639570602055,0.009345794392523364,7.879138828887982,0.8411214953271028,0.14953271028037382,-9.33409782418801,107,0.037383177570093455,0.9532710280373832,0.102803738317757,-2.5586262537592863,0.8504672897196262,0.04672897196261682,2.423014545569642
608348,"Kelly, Carson",2026,"SI","Cubs","R","1.392972751",0.018691588785046728,0.3644859813084112,0.308411214953271,-6.835977145728111,0.6261682242990654,0.06542056074766354,5.928151964908516,0.009345794392523364,8.856926963015392,0.7850467289719626,0.205607476635514,-9.157981268151614,107,0.07476635514018691,0.8878504672897196,0.07476635514018691,-2.406198078141981,0.8317757009345794,0.09345794392523364,2.5307265047016285
621438,"Taylor, Tyrone",2026,"FF","zMLB","R","0.716221519",0.018867924528301886,0.16037735849056603,0.1320754716981132,-5.189323679820275,0.7924528301886793,0.07547169811320754,6.628117548050041,0.009433962264150943,8.277670576279917,0.6132075471698113,0.37735849056603776,-10.383465443656023,106,0.19811320754716982,0.9150943396226415,0,,0.44339622641509435,0.5566037735849056,2.8383721543909584
691723,"Mayo, Coby",2026,"SL","Orioles","R","6.963953171",0.19811320754716982,0.16981132075471697,0.07547169811320754,-5.670448729213482,0.46226415094339623,0.46226415094339623,14.605491683124539,0.5,13.992638235301856,0.46226415094339623,0.03773584905660377,-13.291727068412559,106,0.46226415094339623,0.9150943396226415,0.27358490566037735,-3.1317618683323296,0.6509433962264151,0.07547169811320754,3.8608888508357415
669394,"Burger, Jake",2026,"ST","Rangers","R","7.211957775",0.16981132075471697,0.1792452830188679,0.03773584905660377,-5.327040194745591,0.39622641509433965,0.5660377358490566,11.101243522272476,0.44339622641509435,13.191439543322257,0.5,0.05660377358490566,-10.59664493662481,106,0.33962264150943394,0.8773584905660378,0.22641509433962265,-4.431582789557649,0.6792452830188679,0.09433962264150944,2.709131315331859
807712,"Keaschall, Luke",2026,"SL","Twins","R","4.849000721",0.09433962264150944,0.22641509433962265,0.16981132075471697,-5.988651420375673,0.5471698113207547,0.2830188679245283,10.463074905889878,0.32075471698113206,12.04803961825909,0.6320754716981132,0.04716981132075472,-8.796253888212783,106,0.3018867924528302,0.8490566037735849,0.2169811320754717,-3.9734449634531237,0.6886792452830188,0.09433962264150944,3.0107286563475086
681715,"Hernández, Heriberto",2026,"SI","Marlins","R","2.662760974",0.08490566037735849,0.330188679245283,0.14150943396226415,-5.048997557819941,0.7358490566037735,0.12264150943396226,8.88990997468761,0.02830188679245283,11.68109348568192,0.7547169811320755,0.2169811320754717,-11.36511873072569,106,0.22641509433962265,0.8962264150943396,0.19811320754716982,-3.926562443744477,0.6698113207547169,0.1320754716981132,3.3212092452349693
608369,"Seager, Corey",2026,"SI","Rangers","L","1.368204645",0.07547169811320754,0.18867924528301888,0.018867924528301886,-5.47126135248276,0.5377358490566038,0.44339622641509435,6.640389070621757,0.009433962264150943,7.865455039781711,0.839622641509434,0.1509433962264151,-8.618653884767973,106,0.2641509433962264,0.9528301886792453,0.1320754716981132,-3.280814384886207,0.5283018867924528,0.33962264150943394,3.1133435277121504
691023,"Walker, Jordan",2026,"CH","Cardinals","R","4.988353926",0.16981132075471697,0.1509433962264151,0.05660377358490566,-6.583571420991257,0.39622641509433965,0.5471698113207547,10.77333741792308,0.5377358490566038,13.740710728064846,0.42452830188679247,0.03773584905660377,-10.242381401805225,106,0.4339622641509434,0.8679245283018868,0.2358490566037736,-3.7879969067554584,0.660377358490566,0.10377358490566038,2.807080563350584
663968,"Mangum, Jake",2026,"CH","Pirates","S","2.057409108",0.07547169811320754,0.18867924528301888,0,,0.4339622641509434,0.5660377358490566,7.269398963175782,0.2830188679245283,13.312369051338095,0.660377358490566,0.05660377358490566,-10.101728548617553,106,0.2641509433962264,0.9056603773584906,0.11320754716981132,-3.132293797290205,0.7452830188679245,0.14150943396226415,2.809079855640607
682657,"Martínez, Angel",2026,"CH","Guardians","S","3.723647985",0.03773584905660377,0.22641509433962265,0.018867924528301886,-4.577821748229788,0.4716981132075472,0.5094339622641509,8.323422833873096,0.49056603773584906,12.650851342833805,0.5094339622641509,0,,106,0.2358490566037736,0.9622641509433962,0.0660377358490566,-3.568984851285062,0.8207547169811321,0.11320754716981132,2.644102743585616
681297,"Cowser, Colton",2026,"CH","Orioles","L","3.226453315",0.14150943396226415,0.14150943396226415,0,,0.3018867924528302,0.6981132075471698,8.287501650712885,0.5660377358490566,11.880116764312573,0.3867924528301887,0.04716981132075472,-9.623017952989972,106,0.37735849056603776,0.9056603773584906,0.20754716981132076,-3.025583150503955,0.7264150943396226,0.0660377358490566,2.667939989577274
641355,"Bellinger, Cody",2026,"SI","Yankees","L","0.836861195",0.018867924528301886,0.4056603773584906,0.11320754716981132,-5.888081816973481,0.7830188679245284,0.10377358490566038,5.707953244905385,0,,0.7924528301886793,0.20754716981132076,-9.518145836081372,106,0.10377358490566038,0.9622641509433962,0.0660377358490566,-2.7342774591701344,0.8301886792452831,0.10377358490566038,2.6621885238265093
702222,"Crawford, Justin",2026,"SI","Phillies","L","1.105194998",0.05660377358490566,0.24528301886792453,0.07547169811320754,-6.5996605925587986,0.6132075471698113,0.3113207547169811,7.897339425895776,0,,0.7169811320754716,0.2830188679245283,-10.2044802048518,106,0.11320754716981132,0.8867924528301887,0.04716981132075472,-2.308409257926514,0.7358490566037735,0.2169811320754717,2.639749873702995
607208,"Turner, Trea",2026,"ST","Phillies","R","7.758632649",0.08490566037735849,0.16037735849056603,0.018867924528301886,-4.124724022139603,0.4056603773584906,0.5754716981132075,13.506897668002058,0.5471698113207547,16.30194804913985,0.41509433962264153,0.03773584905660377,-12.305282200803086,106,0.3867924528301887,0.8679245283018868,0.16981132075471697,-2.816724803579251,0.8018867924528302,0.02830188679245283,2.4573592728956273
695578,"Wood, James",2026,"CH","Nationals","L","2.5941871",0.1523809523809524,0.1523809523809524,0.02857142857142857,-7.390432587232714,0.5904761904761905,0.38095238095238093,7.036516363197594,0.5047619047619047,11.98032010317088,0.44761904761904764,0.047619047619047616,-14.083469208354247,105,0.3047619047619048,0.8857142857142857,0.37142857142857144,-3.0922935719663562,0.5904761904761905,0.0380952380952381,2.3352961585577368
606466,"Marte, Ketel",2026,"SL","Diamondbacks","S","3.218847242",0.0761904761904762,0.2857142857142857,0.0761904761904762,-5.472859308055966,0.7333333333333333,0.19047619047619047,7.7493124862099,0.3047619047619048,11.635226765397,0.6,0.09523809523809523,-11.477346379397472,105,0.21904761904761905,0.9142857142857143,0.21904761904761905,-3.529843102062176,0.6857142857142857,0.09523809523809523,2.7915306024254463
656941,"Schwarber, Kyle",2026,"ST","Phillies","L","5.598316176",0.20952380952380953,0.11428571428571428,0.05714285714285714,-7.242818818552671,0.580952380952381,0.3619047619047619,11.778911529286804,0.5904761904761905,13.394225854084143,0.37142857142857144,0.0380952380952381,-9.390440420573604,105,0.49523809523809526,0.8380952380952381,0.3904761904761905,-4.982769512416376,0.5142857142857142,0.09523809523809523,2.66368709853804
800050,"DeLauter, Chase",2026,"SI","Guardians","L","2.773464188",0.009523809523809525,0.34285714285714286,0.2,-5.8376315708680675,0.6666666666666666,0.13333333333333333,5.610066069640522,0.009523809523809525,7.3697816031316385,0.8571428571428571,0.13333333333333333,-9.89215799774552,105,0.02857142857142857,0.9619047619047619,0.047619047619047616,-2.5257200466205454,0.7714285714285715,0.18095238095238095,2.4120163299407884
608348,"Kelly, Carson",2026,"SL","Cubs","R","4.154822398",0.11428571428571428,0.24761904761904763,0.0761904761904762,-6.007301437392765,0.5523809523809524,0.37142857142857144,9.663269464422326,0.3523809523809524,11.72035709468089,0.6095238095238096,0.0380952380952381,-9.939255272640889,105,0.34285714285714286,0.9523809523809523,0.17142857142857143,-3.8915289465909657,0.7714285714285715,0.05714285714285714,2.8887837344564873
701762,"Kurtz, Nick",2026,"SL","Athletics","L","4.744003625",0.2,0.20952380952380953,0.0380952380952381,-5.225553879259734,0.5047619047619047,0.45714285714285713,9.251014122993634,0.37142857142857144,11.944633078842159,0.5619047619047619,0.06666666666666667,-11.286414183088858,105,0.4095238095238095,0.8857142857142857,0.2761904761904762,-4.111281397364748,0.5904761904761905,0.13333333333333333,2.8307480413100814
701538,"Merrill, Jackson",2026,"FC","Padres","L","1.616871146",0.13333333333333333,0.20952380952380953,0.10476190476190476,-6.614598878759602,0.7238095238095238,0.17142857142857143,9.476969136737615,0.13333333333333333,12.576277725959782,0.6952380952380952,0.17142857142857143,-10.582631209084246,105,0.3619047619047619,0.9238095238095239,0.1619047619047619,-3.163842335203183,0.5047619047619047,0.3333333333333333,3.055538371811592
672386,"Kirk, Alejandro",2026,"SI","Blue Jays","R","2.660224748",0.0380952380952381,0.3523809523809524,0.12380952380952381,-7.249412724526108,0.6952380952380952,0.18095238095238095,11.190870331742023,0.01904761904761905,9.343144637657787,0.6476190476190476,0.3333333333333333,-10.485253888136976,105,0.10476190476190476,0.8571428571428571,0.05714285714285714,-3.9832250576595962,0.8571428571428571,0.08571428571428572,2.3559392087389175
596115,"Story, Trevor",2026,"FF","Red Sox","R","1.093732375",0.06666666666666667,0.14285714285714285,0.05714285714285714,-6.341057104691964,0.7047619047619048,0.23809523809523808,6.992718752563592,0,,0.7238095238095238,0.2761904761904762,-10.318998760046332,105,0.3047619047619048,0.8380952380952381,0,,0.2857142857142857,0.7142857142857143,3.289072395672979
682829,"De La Cruz, Elly",2026,"CU","Reds","S","3.423088673",0.13333333333333333,0.19047619047619047,0.0380952380952381,-5.629938945480818,0.6285714285714286,0.3333333333333333,6.805294821468051,0.3619047619047619,13.178139823548914,0.6190476190476191,0.01904761904761905,-10.561656013463534,105,0.42857142857142855,0.8857142857142857,0.5714285714285714,-4.058129301184546,0.4,0.02857142857142857,2.497345910171784
669743,"Call, Alex",2026,"FF","Dodgers","R","0.709360478",0.02857142857142857,0.22857142857142856,0.0761904761904762,-5.809569434418194,0.780952380952381,0.14285714285714285,8.84923160027242,0.0380952380952381,8.601595479243386,0.6666666666666666,0.29523809523809524,-11.304423983474098,105,0.22857142857142856,0.8571428571428571,0,,0.5619047619047619,0.4380952380952381,2.8768895290717453
691458,"Jordan, Blaze",2026,"FF","Cardinals","R","0.815552506",0.028846153846153848,0.25,0.125,-5.811584018588052,0.6538461538461539,0.22115384615384615,6.525545811133944,0.028846153846153848,9.551349217805416,0.7307692307692307,0.2403846153846154,-9.995121640877183,104,0.11538461538461539,0.8365384615384616,0,,0.5480769230769231,0.4519230769230769,2.8031931703816597
699393,"Ramírez, Pedro",2026,"FF","Cubs","S","1.486324314",0.019230769230769232,0.20192307692307693,0.07692307692307693,-5.748938664714864,0.8173076923076923,0.10576923076923077,6.407290674603376,0.04807692307692308,7.686952188757532,0.7596153846153846,0.19230769230769232,-10.36839108991104,104,0.20192307692307693,0.9326923076923077,0.009615384615384616,-7.124537364834431,0.3942307692307692,0.5961538461538461,3.1407569954546752
670623,"Paredes, Isaac",2026,"CH","Astros","R","2.979323216",0.07692307692307693,0.16346153846153846,0.07692307692307693,-5.63778382597506,0.5673076923076923,0.3557692307692308,8.561545805452232,0.34615384615384615,11.047377310038444,0.5480769230769231,0.10576923076923077,-9.9323657628784,104,0.2403846153846154,0.9423076923076923,0.19230769230769232,-2.836619103783885,0.7307692307692307,0.07692307692307693,2.9872780437292388
694212,"Basallo, Samuel",2026,"SL","Orioles","L","4.164496116",0.125,0.23076923076923078,0.0673076923076923,-6.217888686037166,0.6634615384615384,0.2692307692307692,10.106167180796648,0.4326923076923077,11.65433360369538,0.5384615384615384,0.028846153846153848,-10.741804946359576,104,0.41346153846153844,0.9134615384615384,0.2980769230769231,-4.698755530785082,0.5961538461538461,0.10576923076923077,3.5286157795889146
691026,"Winn, Masyn",2026,"SL","Cardinals","R","4.833250357",0.125,0.25,0.019230769230769232,-5.267208444597383,0.5288461538461539,0.4519230769230769,9.17866529768655,0.2980769230769231,13.295755367348605,0.6730769230769231,0.028846153846153848,-9.162054096417732,104,0.28846153846153844,0.8942307692307693,0.21153846153846154,-3.362878674654143,0.6923076923076923,0.09615384615384616,2.5085333348033814
702284,"Young, Cole",2026,"SL","Mariners","L","3.744208552",0.08653846153846154,0.25,0.028846153846153848,-5.871824401317917,0.7019230769230769,0.2692307692307692,9.823404359616681,0.3557692307692308,11.725176269161537,0.5865384615384616,0.057692307692307696,-8.867127087927194,104,0.3076923076923077,0.8846153846153846,0.16346153846153846,-4.130514722068208,0.6346153846153846,0.20192307692307693,2.8306604548143683
677587,"Rocchio, Brayan",2026,"SL","Guardians","S","4.343147117",0.07692307692307693,0.21153846153846154,0.14423076923076922,-8.175768628790868,0.6634615384615384,0.19230769230769232,7.998998966117392,0.3173076923076923,11.000439691804806,0.6442307692307693,0.038461538461538464,-11.356148931650912,104,0.2980769230769231,0.9134615384615384,0.2403846153846154,-5.812438147336119,0.625,0.1346153846153846,2.869346036817089
700250,"Rice, Ben",2026,"CH","Yankees","L","3.971969761",0.11538461538461539,0.25961538461538464,0.019230769230769232,-6.820207535315523,0.41346153846153844,0.5673076923076923,8.193330189958084,0.38461538461538464,12.93491011353381,0.5673076923076923,0.04807692307692308,-11.357578470078096,104,0.27884615384615385,0.9326923076923077,0.15384615384615385,-3.356013946277896,0.7307692307692307,0.11538461538461539,2.894055484885798
656775,"Mullins, Cedric",2026,"SL","Rays","L","2.683149229",0.057692307692307696,0.21153846153846154,0.04807692307692308,-6.013190735989931,0.7692307692307693,0.18269230769230768,7.692339875678506,0.3269230769230769,10.962528894401286,0.5769230769230769,0.09615384615384616,-8.573185030615015,104,0.27884615384615385,0.8557692307692307,0.14423076923076922,-3.709092274764506,0.6538461538461539,0.20192307692307693,3.1325230253582843
666160,"Moniak, Mickey",2026,"CH","Rockies","L","2.934388493",0.09615384615384616,0.22115384615384615,0,,0.5480769230769231,0.4519230769230769,7.533947537609206,0.46153846153846156,10.97575155086525,0.5288461538461539,0.009615384615384616,-9.376931894296728,104,0.28846153846153844,0.9807692307692307,0.19230769230769232,-2.795086636080234,0.7596153846153846,0.04807692307692308,2.58524967425825
687859,"Johnston, Troy",2026,"CH","Rockies","L","2.560077139",0.02912621359223301,0.3106796116504854,0.009708737864077669,-6.139746114413246,0.5339805825242718,0.4563106796116505,8.154579788603899,0.34951456310679613,10.66806905071928,0.6213592233009708,0.02912621359223301,-15.808001113618735,103,0.27184466019417475,0.970873786407767,0.10679611650485436,-3.0212028885312487,0.8058252427184466,0.08737864077669903,2.3146498803993754
643217,"Benintendi, Andrew",2026,"CH","White Sox","L","3.30335448",0.1650485436893204,0.22330097087378642,0.009708737864077669,-11.304062527514157,0.49514563106796117,0.49514563106796117,7.582354248649394,0.3883495145631068,11.094099439379377,0.5145631067961165,0.0970873786407767,-8.339765247638814,103,0.3300970873786408,0.9611650485436893,0.2621359223300971,-3.315719964728897,0.5728155339805825,0.1650485436893204,2.629155236103953
682829,"De La Cruz, Elly",2026,"SI","Reds","S","1.306073993",0.038834951456310676,0.21359223300970873,0,,0.42718446601941745,0.5728155339805825,6.961011617456393,0.02912621359223301,7.968502614150912,0.8349514563106796,0.13592233009708737,-9.307213013931817,103,0.14563106796116504,0.9611650485436893,0.04854368932038835,-2.9389901318206366,0.6310679611650486,0.32038834951456313,2.7517488874261025
650402,"Torres, Gleyber",2026,"SI","Tigers","R","1.039385021",0.019417475728155338,0.24271844660194175,0.05825242718446602,-5.640500500249397,0.7864077669902912,0.1553398058252427,5.676069965223147,0.009708737864077669,12.127841147071688,0.6504854368932039,0.33980582524271846,-9.620874655622195,103,0.10679611650485436,0.9805825242718447,0.05825242718446602,-2.8796689723830453,0.8349514563106796,0.10679611650485436,2.5249943006849676
701807,"Benge, Carson",2026,"SL","Mets","L","4.363779469",0.07766990291262135,0.24271844660194175,0.07766990291262135,-5.379788934768232,0.6504854368932039,0.27184466019417475,7.205243495719015,0.2912621359223301,10.271881156171643,0.6213592233009708,0.08737864077669903,-11.811110936726575,103,0.20388349514563106,0.883495145631068,0.1941747572815534,-5.2814062554200705,0.7184466019417476,0.08737864077669903,2.864516214721504
804606,"Griffin, Konnor",2026,"FF","Pirates","R","0.76142364",0.07766990291262135,0.14563106796116504,0.11650485436893204,-6.235324923703531,0.7572815533980582,0.1262135922330097,7.997880725841426,0.009708737864077669,8.107022903161605,0.6019417475728155,0.3883495145631068,-12.128149224259474,103,0.30097087378640774,0.8737864077669902,0,,0.5339805825242718,0.46601941747572817,2.952699038678615
664040,"Lowe, Brandon",2026,"FC","Pirates","L","1.457857269",0.04854368932038835,0.1650485436893204,0.1262135922330097,-5.208840448863543,0.6699029126213593,0.20388349514563106,28.52398253219564,0.07766990291262135,9.391957371831047,0.7475728155339806,0.17475728155339806,-11.621666080572002,103,0.3300970873786408,0.912621359223301,0.20388349514563106,-3.0118923275772453,0.5145631067961165,0.2815533980582524,3.4294291196837743
670242,"Wallner, Matt",2026,"FF","Twins","L","1.511586949",0.05825242718446602,0.10679611650485436,0.27184466019417475,-5.9784280013891635,0.6796116504854369,0.04854368932038835,8.008942142092124,0,,0.7864077669902912,0.21359223300970873,-11.213222183909608,103,0.4368932038834951,0.9223300970873787,0.009708737864077669,-2.090903011792912,0.32038834951456313,0.6699029126213593,3.74391525309197
691406,"Caminero, Junior",2026,"CH","Rays","R","3.488739502",0.1262135922330097,0.1553398058252427,0.04854368932038835,-7.615670232777573,0.5825242718446602,0.36893203883495146,8.610967781100976,0.6019417475728155,13.312784727166273,0.39805825242718446,0,,103,0.3106796116504854,0.9514563106796117,0.2815533980582524,-3.1753706109233417,0.6310679611650486,0.08737864077669903,2.9403444828308136
694671,"Langford, Wyatt",2026,"SI","Rangers","R","0.761791126",0.038834951456310676,0.27184466019417475,0.11650485436893204,-6.070342840404703,0.7572815533980582,0.1262135922330097,6.024790885305829,0.009708737864077669,12.402861338487776,0.7864077669902912,0.20388349514563106,-11.659463895566892,103,0.14563106796116504,0.9223300970873787,0.11650485436893204,-2.5807274266619635,0.7572815533980582,0.1262135922330097,3.1523894593352484
681351,"O'Hoppe, Logan",2026,"SL","zMLB","R","6.2347196",0.1262135922330097,0.1941747572815534,0.08737864077669903,-6.553024451139041,0.4854368932038835,0.42718446601941745,10.153431049155348,0.39805825242718446,11.896626368784826,0.5728155339805825,0.02912621359223301,-11.112150613672913,103,0.3786407766990291,0.8932038834951457,0.23300970873786409,-5.731984910570723,0.6601941747572816,0.10679611650485436,2.8804579124728265
687401,"Ortiz, Joey",2026,"SI","Brewers","R","0.957514467",0.0392156862745098,0.29411764705882354,0.16666666666666666,-6.142710360936804,0.6470588235294118,0.18627450980392157,6.6199345147022575,0.00980392156862745,7.147181919129935,0.6274509803921569,0.3627450980392157,-11.001784372505458,102,0.0784313725490196,0.9509803921568627,0.058823529411764705,-2.6520917972601055,0.7843137254901961,0.1568627450980392,3.0139238721682413
678882,"Rafaela, Ceddanne",2026,"ST","Red Sox","R","3.88848744",0.10784313725490197,0.19607843137254902,0.029411764705882353,-7.493590261107264,0.5490196078431373,0.4215686274509804,9.399653756844524,0.39215686274509803,13.056900683520977,0.5196078431372549,0.08823529411764706,-11.1034934583459,102,0.2647058823529412,0.8333333333333334,0.0784313725490196,-3.25731592031235,0.7941176470588235,0.12745098039215685,2.9554265845889924
680574,"McLain, Matt",2026,"SL","Reds","R","4.284351131",0.12745098039215685,0.24509803921568626,0.00980392156862745,-7.412869294042142,0.4803921568627451,0.5098039215686274,10.354561864324921,0.37254901960784315,12.493031771813818,0.5588235294117647,0.06862745098039216,-10.05556665869649,102,0.4117647058823529,0.8431372549019608,0.19607843137254902,-2.859618677167954,0.6764705882352942,0.12745098039215685,2.9847188574046104
804606,"Griffin, Konnor",2026,"SI","Pirates","R","1.534240765",0.049019607843137254,0.12745098039215685,0.35294117647058826,-7.162643743759413,0.5392156862745098,0.10784313725490197,6.557929968555522,0.0196078431372549,9.041832954478364,0.6176470588235294,0.3627450980392157,-10.62575144919461,102,0.18627450980392157,0.9313725490196079,0.20588235294117646,-3.1882082638143827,0.696078431372549,0.09803921568627451,2.6896214796567834
671056,"Herrera, Iván",2026,"ST","Cardinals","R","4.357235733",0.058823529411764705,0.2549019607843137,0.049019607843137254,-9.565520823583988,0.6862745098039216,0.2647058823529412,10.218110975569644,0.47058823529411764,12.626669980984854,0.49019607843137253,0.0392156862745098,-12.232260691109955,102,0.23529411764705882,0.9313725490196079,0.14705882352941177,-3.685590367603985,0.7352941176470589,0.11764705882352941,2.4314115958745677
643217,"Benintendi, Andrew",2026,"SL","White Sox","L","5.437796743",0.20588235294117646,0.19607843137254902,0.0392156862745098,-5.561321808800764,0.5294117647058824,0.43137254901960786,11.298689919842323,0.38235294117647056,13.061690998519156,0.4803921568627451,0.13725490196078433,-11.589927085337104,102,0.4117647058823529,0.8333333333333334,0.22549019607843138,-4.145517879079394,0.5882352941176471,0.18627450980392157,3.0379737402374
702284,"Young, Cole",2026,"CH","Mariners","L","2.40101674",0.06862745098039216,0.23529411764705882,0.0392156862745098,-4.605215224257286,0.5196078431372549,0.4411764705882353,7.840450549933751,0.38235294117647056,11.629701281927558,0.5686274509803921,0.049019607843137254,-10.742434797656001,102,0.2549019607843137,0.9215686274509803,0.10784313725490197,-2.778083399084468,0.7549019607843137,0.13725490196078433,2.8175486553206364
808959,"Murakami, Munetaka",2026,"SI","White Sox","L","1.665613761",0.0392156862745098,0.20588235294117646,0.0392156862745098,-4.981951859812314,0.7450980392156863,0.21568627450980393,6.248501505268052,0.0196078431372549,7.590577351783631,0.7647058823529411,0.21568627450980393,-9.944290853526002,102,0.35294117647058826,0.9411764705882353,0.23529411764705882,-3.2046379523277686,0.5294117647058824,0.23529411764705882,3.8787314615491817
669236,"Jackson, Jeremiah",2026,"SL","Orioles","R","4.894068223",0.18627450980392157,0.22549019607843138,0.0196078431372549,-5.377941129613985,0.5686274509803921,0.4117647058823529,10.389207107747279,0.49019607843137253,12.173181476043156,0.49019607843137253,0.0196078431372549,-8.357574599845048,102,0.37254901960784315,0.9117647058823529,0.35294117647058826,-3.8936530916579093,0.6078431372549019,0.0392156862745098,2.740940077524018
681198,"Rumfield, TJ",2026,"CH","Rockies","L","2.433582617",0.058823529411764705,0.23529411764705882,0.029411764705882353,-5.673446625549501,0.5784313725490197,0.39215686274509803,7.212531185673682,0.38235294117647056,10.871665471187459,0.5882352941176471,0.029411764705882353,-11.516357387695361,102,0.21568627450980393,0.9607843137254902,0.13725490196078433,-2.9499695660393703,0.8137254901960784,0.049019607843137254,2.5880238510162745
663457,"Nootbaar, Lars",2026,"FF","zMLB","L","1.115089402",0.029411764705882353,0.3235294117647059,0,,0.7843137254901961,0.21568627450980393,6.061057582543272,0.0196078431372549,8.713463667665152,0.7745098039215687,0.20588235294117646,-10.928034150842292,102,0.16666666666666666,0.9313725490196079,0.00980392156862745,-2.0793725116177613,0.6176470588235294,0.37254901960784315,3.0646680887970867
802139,"Wetherholt, JJ",2026,"SL","Cardinals","L","5.381167313",0.049019607843137254,0.3235294117647059,0.08823529411764706,-7.06245418920354,0.7156862745098039,0.19607843137254902,7.300978779726568,0.20588235294117646,10.536382841880814,0.6862745098039216,0.10784313725490197,-10.96529719091335,102,0.1568627450980392,0.8529411764705882,0.17647058823529413,-4.949653252233175,0.7352941176470589,0.08823529411764706,2.662253771254088
805999,"Ewing, A.J.",2026,"SL","Mets","L","4.627084883",0.07920792079207921,0.1188118811881188,0.019801980198019802,-4.735765932816916,0.40594059405940597,0.5742574257425742,8.840500193301732,0.3465346534653465,11.59990200981484,0.5841584158415841,0.06930693069306931,-10.507582149783289,101,0.3465346534653465,0.8811881188118812,0.19801980198019803,-3.516262525762853,0.6732673267326733,0.12871287128712872,2.8263240906958536
592518,"Machado, Manny",2026,"CH","Padres","R","3.808485093",0.0594059405940594,0.15841584158415842,0.06930693069306931,-46.65714093985264,0.5247524752475248,0.40594059405940597,9.329184465887502,0.48514851485148514,12.07929384650055,0.4752475247524752,0.039603960396039604,-8.879375148371883,101,0.3069306930693069,0.9108910891089109,0.15841584158415842,-6.43635563337401,0.7821782178217822,0.0594059405940594,2.6955605870310975
663728,"Raleigh, Cal",2026,"FC","Mariners","S","1.687011565",0.0594059405940594,0.0891089108910891,0.36633663366336633,-6.704798972419086,0.5841584158415841,0.04950495049504951,6.041228327671777,0.039603960396039604,8.683398210811694,0.7623762376237624,0.19801980198019803,-11.983023522507198,101,0.297029702970297,0.9108910891089109,0.21782178217821782,-3.6979969057637456,0.5544554455445545,0.22772277227722773,3.3896833888270437
622761,"Mateo, Jorge",2026,"FF","zMLB","R","0.813818175",0.009900990099009901,0.2079207920792079,0.0594059405940594,-5.651023899930142,0.7821782178217822,0.15841584158415842,6.045606814162445,0,,0.7722772277227723,0.22772277227722773,-9.853747981187498,101,0.1485148514851485,0.9603960396039604,0,,0.5544554455445545,0.44554455445544555,2.6203694376367497
695657,"Montgomery, Colson",2026,"CH","White Sox","L","4.493547632",0.22772277227722773,0.16831683168316833,0.0297029702970297,-9.80223526402001,0.504950495049505,0.46534653465346537,8.547186486743346,0.49504950495049505,11.063529556959846,0.45544554455445546,0.04950495049504951,-12.351706931187996,101,0.37623762376237624,0.9405940594059405,0.37623762376237624,-3.8102348673797506,0.5643564356435643,0.0594059405940594,2.6301767725366783
671976,"Peters, Tristan",2026,"SI","White Sox","L","1.514485379",0.0297029702970297,0.3069306930693069,0.1782178217821782,-6.0147177816232675,0.6534653465346535,0.16831683168316833,6.0835308062117885,0.019801980198019802,7.814083934957497,0.801980198019802,0.1782178217821782,-9.925840286609214,101,0.15841584158415842,0.900990099009901,0.06930693069306931,-3.4456658053750777,0.6732673267326733,0.25742574257425743,3.2496286285248956
643446,"McNeil, Jeff",2026,"CH","Athletics","L","3.062256901",0.06930693069306931,0.36633663366336633,0.009900990099009901,-7.329272045998856,0.7524752475247525,0.2376237623762376,7.998776376860966,0.33663366336633666,11.705510180578692,0.6138613861386139,0.04950495049504951,-8.507142816402189,101,0.18811881188118812,0.8910891089108911,0.1782178217821782,-3.120570805867573,0.7722772277227723,0.04950495049504951,2.190161543568284
677942,"Alexander, Blaze",2026,"SI","Orioles","R","1.459159311",0.0297029702970297,0.31683168316831684,0.13861386138613863,-5.478271152938552,0.7524752475247525,0.10891089108910891,5.671895945326136,0.019801980198019802,7.795887136968862,0.7821782178217822,0.19801980198019803,-9.34178538379653,101,0.10891089108910891,0.8613861386138614,0.1485148514851485,-2.638700756168632,0.6831683168316832,0.16831683168316833,2.5786450035769035
650859,"Rengifo, Luis",2026,"FC","zMLB","S","1.654609054",0.0594059405940594,0.2079207920792079,0.2376237623762376,-6.360358303541663,0.6831683168316832,0.07920792079207921,13.85682715774411,0.0891089108910891,10.651046428827348,0.6831683168316832,0.22772277227722773,-11.985467080694967,101,0.21782178217821782,0.8613861386138614,0.15841584158415842,-3.078451717418943,0.7029702970297029,0.13861386138613863,3.6979077119041244
687231,"Hernaiz, Darell",2026,"FF","Athletics","R","1.328514338",0.0297029702970297,0.22772277227722773,0.019801980198019802,-5.32873171357593,0.8613861386138614,0.1188118811881188,9.468622344613262,0,,0.8415841584158416,0.15841584158415842,-10.813471808160758,101,0.21782178217821782,0.9108910891089109,0.009900990099009901,-2.1738942406402484,0.45544554455445546,0.5346534653465347,2.842779629809622
668930,"Turang, Brice",2026,"CH","Brewers","L","3.202891643",0.10891089108910891,0.15841584158415842,0,,0.2871287128712871,0.7128712871287128,6.767019502413208,0.3069306930693069,10.827686582345791,0.6534653465346535,0.039603960396039604,-11.611642361185528,101,0.2079207920792079,0.9108910891089109,0.25742574257425743,-2.973396966702504,0.7128712871287128,0.0297029702970297,2.5976350145742604
663586,"Riley, Austin",2026,"CH","Braves","R","2.605210287",0.0891089108910891,0.1782178217821782,0.019801980198019802,-4.205863941821322,0.49504950495049505,0.48514851485148514,8.819530102477334,0.43564356435643564,11.791005840386642,0.5148514851485149,0.04950495049504951,-12.071942152402226,101,0.39603960396039606,0.9306930693069307,0.18811881188118812,-2.963936670010706,0.6732673267326733,0.13861386138613863,3.058569734300643
668885,"Martin, Austin",2026,"SI","Twins","R","1.528274426",0,0.37623762376237624,0.13861386138613863,-5.883012757544066,0.7920792079207921,0.06930693069306931,4.476705360204593,0.019801980198019802,9.402486925249693,0.8811881188118812,0.09900990099009901,-11.028412211882664,101,0.1188118811881188,0.9405940594059405,0.26732673267326734,-2.976679919182742,0.7029702970297029,0.0297029702970297,2.441502278979052
672960,"Okamoto, Kazuma",2026,"ST","Blue Jays","R","5.683261148",0.15,0.14,0.03,-7.279961222121527,0.56,0.41,9.956712377066658,0.41,12.355816440157547,0.51,0.08,-13.506522902771257,100,0.38,0.76,0.24,-4.551240437733469,0.53,0.23,3.181242038228324
687363,"Scott II, Victor",2026,"FF","Cardinals","L","0.617144324",0.04,0.2,0.04,-5.280072404241064,0.84,0.12,5.300145561189612,0,,0.62,0.38,-10.0396063613226,100,0.23,0.87,0.01,-4.3203211242130735,0.6,0.39,2.704801052290409
694497,"Carter, Evan",2026,"CH","Rangers","L","4.106769043",0.11,0.23,0,,0.5,0.5,10.015171246400556,0.41,11.767453113897645,0.58,0.01,-9.185800023841173,100,0.38,0.93,0.21,-3.2671845659631016,0.73,0.06,2.656189812978157
696100,"Goodman, Hunter",2026,"CH","Rockies","R","3.33142326",0.22,0.09,0.04,-5.124773804465209,0.37,0.59,8.18979119380596,0.6,11.96481657602606,0.39,0.01,-7.115448672989188,100,0.42,0.97,0.38,-3.2827457139346445,0.55,0.07,2.790161889944299
672724,"Peraza, Oswald",2026,"SL","Angels","R","4.750919163",0.18,0.16,0.1,-5.980921744840496,0.56,0.34,10.441042867243238,0.47,13.294265459662011,0.47,0.06,-9.25672433243028,100,0.35,0.95,0.33,-3.179496757160975,0.59,0.08,3.3919895464559184
656555,"Hoskins, Rhys",2026,"SI","Guardians","R","1.212832204",0.05,0.31,0.2,-6.588119913313581,0.69,0.11,5.800529490697466,0.01,7.675772948654499,0.8,0.19,-10.310474255982493,100,0.25,0.95,0.08,-3.502860251286633,0.65,0.27,3.2297680929691577
608369,"Seager, Corey",2026,"SL","Rangers","L","4.273081266",0.22,0.15,0.02,-8.867533833458548,0.49,0.49,9.022801337499306,0.41,10.862939317041842,0.5,0.09,-10.451509953180313,100,0.45,0.89,0.34,-3.9568613024547923,0.44,0.22,3.3314830405885285
805811,"Eldridge, Bryce",2026,"SI","Giants","L","1.566131085",0,0.33,0.11,-6.65396963710483,0.74,0.15,6.191165387320952,0.01,7.035996755049905,0.87,0.12,-9.873085059971558,100,0.12,0.89,0.1,-3.322489122494446,0.75,0.15,3.0555751918179843
643289,"Dubón, Mauricio",2026,"CH","Braves","R","2.578039294",0.01,0.33,0.03,-6.859063744475049,0.73,0.24,7.88216953092379,0.3,10.99976111972525,0.65,0.05,-10.906707949606488,100,0.11,0.92,0.07,-2.827853087756105,0.82,0.11,2.7689866597355244
621566,"Olson, Matt",2026,"CH","Braves","L","3.275029604",0.08,0.13,0.03,-4.916311723740172,0.54,0.43,7.781630388785317,0.51,11.858456444850436,0.48,0.01,-10.363712138434678,100,0.23,0.95,0.13,-2.8771425089785323,0.77,0.1,2.745592144450495
691781,"House, Brady",2026,"SI","Nationals","R","0.891191817",0.05,0.26,0.16,-6.342260706554036,0.6,0.24,7.282295991750504,0.01,9.994452520139463,0.77,0.22,-9.568359826285263,100,0.17,0.93,0.1,-2.6608623899761006,0.65,0.25,2.8221622156962987
663494,"Torres, Bryan",2026,"FF","Cardinals","L","1.039027366",0.03,0.23,0.06,-4.835421556460789,0.85,0.09,4.791827696827093,0.02,8.139344883994024,0.73,0.25,-10.07969270825338,100,0.17,0.93,0.01,-2.139528138497072,0.53,0.46,3.023944341322586
665052,"Conine, Griffin",2026,"FF","Marlins","L","1.133671696",0.06,0.2,0.06,-5.0387812779224825,0.75,0.19,5.9868355767670325,0.03,8.577360364273726,0.76,0.21,-10.94998289959587,100,0.3,0.94,0.03,-2.412418736697461,0.44,0.53,3.4377622290218897
668715,"Steer, Spencer",2026,"SL","Reds","R","3.4824081",0.16161616161616163,0.2828282828282828,0.010101010101010102,-5.148054835031775,0.6262626262626263,0.36363636363636365,8.829380276876115,0.26262626262626265,10.7170277316646,0.6767676767676768,0.06060606060606061,-9.775089056034323,99,0.31313131313131315,0.8686868686868687,0.24242424242424243,-3.2511770996030434,0.6464646464646465,0.1111111111111111,2.7753856344766565
682848,"Rodríguez, Endy",2026,"FF","Pirates","S","0.666520515",0.030303030303030304,0.25252525252525254,0.1111111111111111,-4.95389233993867,0.8080808080808081,0.08080808080808081,5.68779333963854,0,,0.6767676767676768,0.32323232323232326,-11.639465171982998,99,0.2222222222222222,0.9191919191919192,0.010101010101010102,-2.2602210937902383,0.5353535353535354,0.45454545454545453,2.916509702675806
682985,"Greene, Riley",2026,"SI","Tigers","L","1.030447073",0,0.31313131313131315,0.1717171717171717,-5.242805400315514,0.6868686868686869,0.1414141414141414,6.495159179023768,0,,0.7878787878787878,0.21212121212121213,-9.806510751434972,99,0.10101010101010101,0.8787878787878788,0.12121212121212122,-2.353174666378749,0.7474747474747475,0.13131313131313133,2.9446014273970875
691016,"Soderstrom, Tyler",2026,"SL","Athletics","L","5.889054739",0.16161616161616163,0.12121212121212122,0.030303030303030304,-4.750609604530742,0.5151515151515151,0.45454545454545453,11.171601853582645,0.5555555555555556,13.570752003150762,0.42424242424242425,0.020202020202020204,-11.10442496105427,99,0.42424242424242425,0.8383838383838383,0.2727272727272727,-4.775637423053593,0.6767676767676768,0.050505050505050504,2.5739614938784645
514888,"Altuve, Jose",2026,"ST","Astros","R","4.518728283",0.12121212121212122,0.23232323232323232,0.08080808080808081,-7.082106173927947,0.494949494949495,0.42424242424242425,10.805494742484626,0.41414141414141414,13.513931012183145,0.5151515151515151,0.0707070707070707,-9.673990027893476,99,0.3333333333333333,0.7575757575757576,0.21212121212121213,-3.26424156464594,0.6565656565656566,0.13131313131313133,2.869160569812778
665862,"Chisholm Jr., Jazz",2026,"CU","Yankees","L","5.98384347",0.18181818181818182,0.2222222222222222,0.09090909090909091,-6.425506773043752,0.6666666666666666,0.24242424242424243,11.90684178913925,0.40404040404040403,13.898498624823302,0.5555555555555556,0.04040404040404041,-14.716817358977465,99,0.42424242424242425,0.8585858585858586,0.47474747474747475,-4.928397402154521,0.47474747474747475,0.050505050505050504,2.851153041245319
681715,"Hernández, Heriberto",2026,"SL","Marlins","R","5.450899875",0.16161616161616163,0.2828282828282828,0.030303030303030304,-5.172959531112254,0.6666666666666666,0.30303030303030304,9.820702060923372,0.3838383838383838,12.37039250807395,0.5555555555555556,0.06060606060606061,-9.498009414655225,99,0.41414141414141414,0.8888888888888888,0.30303030303030304,-6.278044602753649,0.6060606060606061,0.09090909090909091,2.948593883529212
621439,"Buxton, Byron",2026,"CH","Twins","R","4.205964895",0.21212121212121213,0.1919191919191919,0.050505050505050504,-7.130657634285993,0.5555555555555556,0.3939393939393939,9.715945361614896,0.42424242424242425,13.088519756168814,0.5252525252525253,0.050505050505050504,-8.392901934386263,99,0.3838383838383838,0.898989898989899,0.35353535353535354,-3.4846980940330576,0.5858585858585859,0.06060606060606061,2.4218970252614755
700250,"Rice, Ben",2026,"CU","Yankees","L","4.654297296",0.21212121212121213,0.1111111111111111,0.06060606060606061,-7.699173732564346,0.5353535353535354,0.40404040404040403,8.477777017745035,0.6060606060606061,13.745860459757377,0.37373737373737376,0.020202020202020204,-16.14921143176894,99,0.36363636363636365,0.8585858585858586,0.40404040404040403,-4.382817023587623,0.5656565656565656,0.030303030303030304,2.1257116903800353
676475,"Burleson, Alec",2026,"CU","Cardinals","L","3.993340718",0.09090909090909091,0.2828282828282828,0.050505050505050504,-5.106425969860351,0.7474747474747475,0.20202020202020202,10.573563259514927,0.2727272727272727,12.6224735124504,0.6363636363636364,0.09090909090909091,-12.360599144256762,99,0.23232323232323232,0.9292929292929293,0.24242424242424243,-4.7475242839966905,0.7171717171717171,0.04040404040404041,2.807511704704362
671218,"Ramos, Heliot",2026,"SL","zMLB","R","4.904129658",0.1111111111111111,0.21212121212121213,0.050505050505050504,-4.6373741981803365,0.45454545454545453,0.494949494949495,9.349381286606066,0.29292929292929293,12.874391417581148,0.6262626262626263,0.08080808080808081,-10.21063862062453,99,0.35353535353535354,0.9393939393939394,0.1717171717171717,-4.161500553084136,0.6464646464646465,0.18181818181818182,3.105040357379904
656811,"O'Hearn, Ryan",2026,"SL","Pirates","L","4.396317957",0.15151515151515152,0.16161616161616163,0.050505050505050504,-5.119559710020588,0.6363636363636364,0.31313131313131315,9.293169418980609,0.5252525252525253,12.3556513203154,0.42424242424242425,0.050505050505050504,-10.127959292938503,99,0.32323232323232326,0.8080808080808081,0.36363636363636365,-3.445407399252408,0.5757575757575758,0.06060606060606061,2.688165376061243
669065,"Stowers, Kyle",2026,"SL","Marlins","L","4.562938311",0.16161616161616163,0.1717171717171717,0.15151515151515152,-7.181033436918225,0.5454545454545454,0.30303030303030304,9.565659783406689,0.30303030303030304,13.468951655758941,0.6363636363636364,0.06060606060606061,-10.964766838436496,99,0.41414141414141414,0.8787878787878788,0.37373737373737376,-4.751712418749311,0.5050505050505051,0.12121212121212122,3.644438353088423
802139,"Wetherholt, JJ",2026,"CH","Cardinals","L","1.77348245",0.061224489795918366,0.22448979591836735,0.05102040816326531,-6.535738158345585,0.6224489795918368,0.32653061224489793,6.485254995920878,0.25510204081632654,10.139797910471497,0.6836734693877551,0.061224489795918366,-12.928708254918858,98,0.22448979591836735,0.8877551020408163,0.29591836734693877,-3.1401756262460223,0.6428571428571429,0.061224489795918366,2.4235416578205617
672695,"Perdomo, Geraldo",2026,"SL","Diamondbacks","S","3.691256861",0.04081632653061224,0.3163265306122449,0.14285714285714285,-5.932651458617254,0.7551020408163265,0.10204081632653061,7.24997395044986,0.14285714285714285,11.93879916305405,0.7857142857142857,0.07142857142857142,-8.880636546710281,98,0.1836734693877551,0.9387755102040817,0.16326530612244897,-5.671152955669382,0.7346938775510204,0.10204081632653061,2.420816279926419
608070,"Ramírez, José",2026,"FC","Guardians","S","2.035591868",0.030612244897959183,0.22448979591836735,0.2653061224489796,-6.610773607010289,0.6938775510204082,0.04081632653061224,5.666980853736519,0.10204081632653061,10.209472370769948,0.7551020408163265,0.14285714285714285,-10.471071572856044,98,0.17346938775510204,0.9183673469387755,0.16326530612244897,-3.4397431794670172,0.7040816326530612,0.1326530612244898,3.0005978993428672
646240,"Devers, Rafael",2026,"CH","Giants","L","2.109855193",0.07142857142857142,0.29591836734693877,0.01020408163265306,-4.007197141481651,0.6938775510204082,0.29591836734693877,7.146715683601574,0.24489795918367346,11.248106172282888,0.673469387755102,0.08163265306122448,-10.084813487347096,98,0.20408163265306123,0.9693877551020408,0.17346938775510204,-3.1780168813013376,0.673469387755102,0.15306122448979592,2.5559342107685503
665862,"Chisholm Jr., Jazz",2026,"SI","Yankees","L","1.429662259",0.04081632653061224,0.2653061224489796,0.15306122448979592,-5.171153699212598,0.7346938775510204,0.11224489795918367,5.456165825700284,0.030612244897959183,8.036972817963392,0.8367346938775511,0.1326530612244898,-9.757332218000808,98,0.23469387755102042,0.9285714285714286,0.2653061224489796,-3.0923466243248963,0.5816326530612245,0.15306122448979592,2.7152728952175313
686681,"Massey, Michael",2026,"CH","Royals","L","2.647233488",0.10204081632653061,0.29591836734693877,0.02040816326530612,-4.793569791941268,0.6938775510204082,0.2857142857142857,7.025902060181054,0.3163265306122449,11.175053111890913,0.6632653061224489,0.02040816326530612,-10.946904371930676,98,0.22448979591836735,0.9489795918367347,0.2857142857142857,-3.1032637913837426,0.6938775510204082,0.02040816326530612,3.0099677843869044
678554,"Mead, Curtis",2026,"SI","Nationals","R","0.865405961",0.030612244897959183,0.2857142857142857,0.25510204081632654,-7.081265872199878,0.5816326530612245,0.16326530612244897,12.43389590838177,0,,0.7142857142857143,0.2857142857142857,-10.927670513760674,98,0.11224489795918367,0.8469387755102041,0.07142857142857142,-2.612106093740558,0.7857142857142857,0.14285714285714285,2.846802606627456
657757,"Sheets, Gavin",2026,"SI","Padres","L","1.736542449",0.01020408163265306,0.24489795918367346,0.11224489795918367,-8.031567307892534,0.6632653061224489,0.22448979591836735,6.433350761566964,0.04081632653061224,9.438058531585824,0.8979591836734694,0.061224489795918366,-9.674637773716164,98,0.12244897959183673,0.9591836734693877,0.12244897959183673,-3.019207791615801,0.7551020408163265,0.12244897959183673,2.438967064651708
701807,"Benge, Carson",2026,"CH","Mets","L","2.606320216",0.09183673469387756,0.1836734693877551,0,,0.5,0.5,6.950616222373735,0.3877551020408163,11.803765489957016,0.5714285714285714,0.04081632653061224,-13.77697037374751,98,0.24489795918367346,0.9285714285714286,0.17346938775510204,-2.960369151190173,0.7551020408163265,0.07142857142857142,2.6254927786582636
606466,"Marte, Ketel",2026,"SI","Diamondbacks","S","1.227270933",0.01020408163265306,0.41836734693877553,0.030612244897959183,-4.70489344394991,0.8673469387755102,0.10204081632653061,5.449974841943905,0.02040816326530612,7.815066517941071,0.8469387755102041,0.1326530612244898,-10.476939874489958,98,0.05102040816326531,0.9489795918367347,0.02040816326530612,-2.0836601969577906,0.7857142857142857,0.19387755102040816,2.972453293177819
663728,"Raleigh, Cal",2026,"SL","Mariners","S","4.990407154",0.16326530612244897,0.1836734693877551,0.14285714285714285,-7.551052726014299,0.6938775510204082,0.16326530612244897,10.885661778599852,0.30612244897959184,12.516977946092126,0.5918367346938775,0.10204081632653061,-12.499952772560505,98,0.3469387755102041,0.9081632653061225,0.336734693877551,-5.01432099986239,0.5612244897959183,0.10204081632653061,3.301758657395358
669003,"Mitchell, Garrett",2026,"SL","Brewers","L","3.605921636",0.25510204081632654,0.19387755102040816,0.08163265306122448,-7.7470422199279625,0.5816326530612245,0.336734693877551,8.533885863191982,0.3673469387755102,12.842296759085832,0.5714285714285714,0.061224489795918366,-9.769645599639126,98,0.45918367346938777,0.8571428571428571,0.42857142857142855,-4.498828337480505,0.5,0.07142857142857142,3.1851653583755812
680776,"Duran, Jarren",2026,"SI","Red Sox","L","1.041500252",0.01020408163265306,0.3469387755102041,0.061224489795918366,-7.465847108437728,0.7653061224489796,0.17346938775510204,8.126461716282476,0.030612244897959183,10.484282512867777,0.7653061224489796,0.20408163265306123,-11.281302377593304,98,0.17346938775510204,0.9081632653061225,0.061224489795918366,-2.449627288932372,0.6632653061224489,0.2755102040816326,2.9648195502592953
687263,"Neto, Zach",2026,"ST","Angels","R","5.213369582",0.20408163265306123,0.1326530612244898,0.02040816326530612,-4.991249732251964,0.336734693877551,0.6428571428571429,10.760715569905948,0.5714285714285714,13.339012063078927,0.3979591836734694,0.030612244897959183,-7.143116766789566,98,0.5,0.8775510204081632,0.25510204081632654,-3.7450009575169134,0.6428571428571429,0.10204081632653061,3.0308724745272806
693304,"Gonzales, Nick",2026,"ST","Pirates","R","4.957055862",0.12371134020618557,0.21649484536082475,0.061855670103092786,-9.563553228495518,0.4948453608247423,0.44329896907216493,8.422301504466219,0.24742268041237114,13.076947429710582,0.5979381443298969,0.15463917525773196,-12.264500123429057,97,0.20618556701030927,0.8144329896907216,0.17525773195876287,-4.006306149860373,0.6185567010309279,0.20618556701030927,2.9070115665969225
680779,"Davis, Henry",2026,"SI","Pirates","R","0.807423411",0.020618556701030927,0.23711340206185566,0.3402061855670103,-6.595568331370084,0.6391752577319587,0.020618556701030927,4.802776371586285,0.030927835051546393,7.613136064441537,0.6907216494845361,0.27835051546391754,-9.567246634772149,97,0.1134020618556701,0.9587628865979382,0.061855670103092786,-2.597948697124486,0.7835051546391752,0.15463917525773196,2.8985865785011034
665487,"Tatis Jr., Fernando",2026,"CH","Padres","R","2.565169558",0.10309278350515463,0.15463917525773196,0.030927835051546393,-7.222116896329213,0.5670103092783505,0.4020618556701031,7.224613240165394,0.44329896907216493,11.630003259028982,0.5051546391752577,0.05154639175257732,-9.669496016036561,97,0.35051546391752575,0.8865979381443299,0.3917525773195876,-3.9004933849332253,0.5876288659793815,0.020618556701030927,2.7663947802006046
666018,"Aranda, Jonathan",2026,"FC","Rays","L","1.164216012",0.030927835051546393,0.29896907216494845,0.07216494845360824,-5.102899232810572,0.7628865979381443,0.16494845360824742,5.788961105266979,0.041237113402061855,10.63740975014162,0.7835051546391752,0.17525773195876287,-10.296430339815164,97,0.25773195876288657,0.9484536082474226,0.061855670103092786,-3.437268274544557,0.6907216494845361,0.24742268041237114,3.034832764908691
663647,"Hayes, Ke'Bryan",2026,"FF","Reds","R","0.850960435",0,0.3917525773195876,0.020618556701030927,-4.785356404478586,0.7216494845360825,0.25773195876288657,6.153060430757476,0.020618556701030927,10.144156971665648,0.865979381443299,0.1134020618556701,-9.365207230400454,97,0.18556701030927836,0.8865979381443299,0,,0.5670103092783505,0.4329896907216495,3.1204718944634346
666182,"Bichette, Bo",2026,"CH","Mets","R","3.363625369",0.030927835051546393,0.14432989690721648,0.061855670103092786,-8.26024675188825,0.4329896907216495,0.5051546391752577,7.824129975827128,0.4948453608247423,13.849132630627558,0.4742268041237113,0.030927835051546393,-12.393904834082786,97,0.21649484536082475,0.9587628865979382,0.08247422680412371,-4.180193264282839,0.8144329896907216,0.10309278350515463,2.6816349260552736
682985,"Greene, Riley",2026,"SL","Tigers","L","5.190205054",0.13402061855670103,0.2268041237113402,0.07216494845360824,-7.358511354275509,0.5773195876288659,0.35051546391752575,9.756606199300148,0.31958762886597936,12.208966558167958,0.5876288659793815,0.09278350515463918,-9.488208547011787,97,0.32989690721649484,0.9175257731958762,0.16494845360824742,-3.8567257376611592,0.6494845360824743,0.18556701030927836,3.0379914628113807
695506,"Caglianone, Jac",2026,"CU","Royals","L","4.269875861",0.10309278350515463,0.16494845360824742,0.12371134020618557,-5.706687202101464,0.6701030927835051,0.20618556701030927,9.562310199082987,0.422680412371134,13.524837822891847,0.5360824742268041,0.041237113402061855,-11.024261549918265,97,0.31958762886597936,0.8865979381443299,0.32989690721649484,-4.1243377615153225,0.6391752577319587,0.030927835051546393,2.187087128186121
805367,"Meidroth, Chase",2026,"CH","White Sox","R","2.444989374",0.12371134020618557,0.20618556701030927,0,,0.44329896907216493,0.5567010309278351,6.928886660052656,0.30927835051546393,12.401011101244224,0.6597938144329897,0.030927835051546393,-7.99240691439882,97,0.32989690721649484,0.8865979381443299,0.31958762886597936,-3.1542663487907965,0.6082474226804123,0.07216494845360824,2.7536707028159277
669701,"Smith, Josh",2026,"FF","zMLB","L","1.61867598",0.020618556701030927,0.35051546391752575,0.05154639175257732,-5.90063832263353,0.9175257731958762,0.030927835051546393,10.017687875798746,0.041237113402061855,10.749517137852497,0.711340206185567,0.24742268041237114,-10.12686495428036,97,0.17525773195876287,0.8969072164948454,0.010309278350515464,-2.2578394269188293,0.5670103092783505,0.422680412371134,2.834716900062412
664702,"Straw, Myles",2026,"SI","Blue Jays","R","3.094581831",0.010309278350515464,0.4020618556701031,0.12371134020618557,-4.972802463172326,0.7835051546391752,0.09278350515463918,6.876573071897026,0.020618556701030927,8.861660825796964,0.865979381443299,0.1134020618556701,-9.68709738738335,97,0.041237113402061855,0.9175257731958762,0.030927835051546393,-3.0594396607964893,0.8041237113402062,0.16494845360824742,2.6172561381538157
694384,"Schanuel, Nolan",2026,"SI","Angels","L","1.227915437",0.020618556701030927,0.3917525773195876,0.14432989690721648,-5.8129742632484485,0.6804123711340206,0.17525773195876287,6.558905409392423,0.020618556701030927,8.005379005243787,0.8762886597938144,0.10309278350515463,-11.83401794190476,97,0.061855670103092786,0.9278350515463918,0.041237113402061855,-2.6296494749156305,0.8350515463917526,0.12371134020618557,2.720707288560224
668939,"Rutschman, Adley",2026,"CH","zMLB","S","3.368382937",0.07216494845360824,0.30927835051546393,0.020618556701030927,-5.458771112701198,0.5463917525773195,0.4329896907216495,7.734087792860106,0.31958762886597936,10.84726445063988,0.6494845360824743,0.030927835051546393,-11.796480905375837,97,0.2268041237113402,0.8865979381443299,0.1958762886597938,-3.156829119307644,0.7319587628865979,0.07216494845360824,2.6702309108707767
624413,"Alonso, Pete",2026,"CH","Orioles","R","2.560945968",0.14583333333333334,0.20833333333333334,0.07291666666666667,-7.467045372453051,0.53125,0.3958333333333333,7.545546751302727,0.4375,11.587008056729035,0.5416666666666666,0.020833333333333332,-7.233704215227213,96,0.3020833333333333,0.9166666666666666,0.34375,-2.956773505123655,0.6354166666666666,0.020833333333333332,2.8856307681369993
669357,"Gorman, Nolan",2026,"CH","Cardinals","L","3.272918914",0.19791666666666666,0.14583333333333334,0,,0.3229166666666667,0.6770833333333334,8.96983986390931,0.5520833333333334,12.006446968694855,0.4375,0.010416666666666666,-13.759690730011762,96,0.5208333333333334,0.8958333333333334,0.25,-3.500919094956219,0.65625,0.09375,3.055993707390896
596019,"Lindor, Francisco",2026,"CH","Mets","S","2.810459525",0.125,0.25,0.010416666666666666,-5.2696335904228775,0.6458333333333334,0.34375,7.243554993535898,0.375,11.323656894229131,0.6041666666666666,0.020833333333333332,-14.117473779978098,96,0.23958333333333334,0.9270833333333334,0.3229166666666667,-2.9913404639323633,0.65625,0.020833333333333332,2.212437851685205
609280,"Andujar, Miguel",2026,"SI","Padres","R","1.439951172",0.010416666666666666,0.3229166666666667,0.1875,-5.774889053577646,0.6770833333333334,0.13541666666666666,6.6128134903738784,0,,0.8541666666666666,0.14583333333333334,-9.614126284472002,96,0.052083333333333336,0.9583333333333334,0.07291666666666667,-3.150214519753298,0.8020833333333334,0.125,2.6390904128267154
691718,"Crow-Armstrong, Pete",2026,"ST","Cubs","L","5.344589067",0.11458333333333333,0.13541666666666666,0.10416666666666667,-8.03575608446253,0.5833333333333334,0.3125,12.930770577340208,0.46875,13.783626602260023,0.4895833333333333,0.041666666666666664,-11.265841525469579,96,0.3229166666666667,0.7916666666666666,0.19791666666666666,-4.108492455050098,0.6770833333333334,0.125,3.544554362755374
656941,"Schwarber, Kyle",2026,"CU","Phillies","L","5.287565204",0.15625,0.15625,0.052083333333333336,-4.938644829463812,0.65625,0.2916666666666667,8.946973146083511,0.5,12.956385482950113,0.46875,0.03125,-9.479127692270612,96,0.4270833333333333,0.8125,0.3958333333333333,-6.085152205384972,0.5625,0.041666666666666664,3.4624199500047057
807713,"Shaw, Matt",2026,"FF","Cubs","R","1.355489027",0.03125,0.22916666666666666,0.052083333333333336,-5.019557391289876,0.7708333333333334,0.17708333333333334,8.080355460918195,0.010416666666666666,10.581910930477909,0.8020833333333334,0.1875,-10.985394680658551,96,0.2604166666666667,0.9375,0.010416666666666666,-3.168354016220633,0.4479166666666667,0.5416666666666666,2.9845624179680175
691406,"Caminero, Junior",2026,"ST","Rays","R","4.032247131",0.17708333333333334,0.17708333333333334,0.052083333333333336,-4.508471687094522,0.46875,0.4791666666666667,10.145212482606896,0.59375,13.636209218502609,0.3854166666666667,0.020833333333333332,-8.086268121201272,96,0.3854166666666667,0.8125,0.1875,-3.577412558822866,0.6979166666666666,0.11458333333333333,2.948248072732813
682928,"Abrams, CJ",2026,"CU","Nationals","L","5.636529357",0.125,0.16666666666666666,0.052083333333333336,-4.910312056123924,0.65625,0.2916666666666667,9.13796572581336,0.5,13.641861430011287,0.4375,0.0625,-9.845642354021019,96,0.375,0.8541666666666666,0.40625,-5.0249616192607345,0.5625,0.03125,2.662491115806319
643376,"Jansen, Danny",2026,"FF","Rangers","R","0.980296347",0.041666666666666664,0.21875,0.08333333333333333,-6.031865666787506,0.8125,0.10416666666666667,6.373584034086632,0.020833333333333332,9.046454476059864,0.78125,0.19791666666666666,-11.073495054853952,96,0.28125,0.90625,0.010416666666666666,-3.885881498143879,0.625,0.3645833333333333,3.0558479163126884
691011,"Romo, Drew",2026,"FF","White Sox","S","1.551613468",0.020833333333333332,0.23958333333333334,0.07291666666666667,-5.2809011671696044,0.8125,0.11458333333333333,8.550188896027478,0.020833333333333332,10.48804000321375,0.71875,0.2604166666666667,-11.36791520954118,96,0.20833333333333334,0.8541666666666666,0.020833333333333332,-3.044499226964438,0.4895833333333333,0.4895833333333333,3.3767140830242264
691720,"Karros, Kyle",2026,"SL","Rockies","R","5.206955117",0.09375,0.16666666666666666,0.041666666666666664,-8.383187847761203,0.4270833333333333,0.53125,10.020511368961865,0.53125,12.085918223229104,0.4375,0.03125,-10.190318343407018,96,0.3958333333333333,0.90625,0.21875,-4.073725143386062,0.71875,0.0625,2.9629568788559997
683146,"Baty, Brett",2026,"SI","Mets","L","1.769805895",0.020833333333333332,0.23958333333333334,0.10416666666666667,-6.355452212808196,0.6875,0.20833333333333334,7.031005394797931,0.020833333333333332,9.863273172345977,0.8125,0.16666666666666666,-11.091502956044403,96,0.15625,0.9479166666666666,0.07291666666666667,-2.8858242909541167,0.75,0.17708333333333334,3.1613077777440126
620443,"Torrens, Luis",2026,"SI","Mets","R","1.610314589",0.010416666666666666,0.3125,0.11458333333333333,-6.0828519330779764,0.6979166666666666,0.1875,6.158971482280688,0.041666666666666664,10.828428536825209,0.7395833333333334,0.21875,-9.983114009688848,96,0.08333333333333333,0.9479166666666666,0.11458333333333333,-3.0043490064191434,0.7395833333333334,0.14583333333333334,2.761138374519094
663743,"Fortes, Nick",2026,"SI","Rays","R","1.091059341",0.010416666666666666,0.2916666666666667,0.4479166666666667,-7.1493526103325005,0.4791666666666667,0.07291666666666667,5.857734743925127,0.010416666666666666,8.214031077730557,0.8229166666666666,0.16666666666666666,-10.039985652618968,96,0.041666666666666664,0.9270833333333334,0.11458333333333333,-2.7313695730534304,0.8645833333333334,0.020833333333333332,2.871621678731839
701358,"Smith, Cam",2026,"ST","Astros","R","5.125323414",0.11458333333333333,0.0625,0.041666666666666664,-4.642833405696679,0.4166666666666667,0.5416666666666666,13.28721291821475,0.71875,15.318955929944815,0.23958333333333334,0.041666666666666664,-10.894578922116589,96,0.5520833333333334,0.8333333333333334,0.13541666666666666,-2.9222247762403475,0.7708333333333334,0.09375,2.632841901823338
669394,"Burger, Jake",2026,"CH","Rangers","R","4.017329414",0.2631578947368421,0.15789473684210525,0.042105263157894736,-5.7024762738866706,0.3684210526315789,0.5894736842105263,9.06940100619094,0.4842105263157895,12.862509854996885,0.5052631578947369,0.010526315789473684,-9.67283332097057,95,0.47368421052631576,0.968421052631579,0.4,-3.6181920622968535,0.5789473684210527,0.021052631578947368,2.344463243160895
686668,"Doyle, Brenton",2026,"FF","zMLB","R","1.112045434",0.042105263157894736,0.18947368421052632,0.05263157894736842,-4.331745905364491,0.7473684210526316,0.2,5.963704586385041,0,,0.7894736842105263,0.21052631578947367,-10.17656493798262,95,0.23157894736842105,0.9578947368421052,0.010526315789473684,-4.593233395827397,0.5263157894736842,0.4631578947368421,3.095276100174538
695734,"Lile, Daylen",2026,"FC","Nationals","L","1.663235562",0.031578947368421054,0.2,0.21052631578947367,-6.890041342534169,0.7052631578947368,0.08421052631578947,7.46055492022734,0.08421052631578947,9.126843307456314,0.7263157894736842,0.18947368421052632,-10.569038566541842,95,0.23157894736842105,0.8736842105263158,0.09473684210526316,-4.305281882400029,0.6210526315789474,0.28421052631578947,3.101650831481557
805779,"Wilson, Jacob",2026,"SL","Athletics","R","2.845670163",0.05263157894736842,0.16842105263157894,0.042105263157894736,-5.154783082298676,0.5578947368421052,0.4,8.45096549587733,0.4105263157894737,11.256273139072347,0.5684210526315789,0.021052631578947368,-9.782258818012863,95,0.18947368421052632,0.8947368421052632,0.05263157894736842,-2.3558862057908256,0.7894736842105263,0.15789473684210525,2.687779901825031
677594,"Rodríguez, Julio",2026,"FC","Mariners","R","1.75717606",0.07368421052631578,0.2,0.1368421052631579,-5.75446878880415,0.6210526315789474,0.24210526315789474,8.055787242016672,0.23157894736842105,10.356600588518063,0.6736842105263158,0.09473684210526316,-10.86893711211717,95,0.28421052631578947,0.9157894736842105,0.042105263157894736,-2.667927307357374,0.5578947368421052,0.4,2.9210236065210196
687952,"Encarnacion-Strand, Christian",2026,"FF","Orioles","R","1.085604371",0.06315789473684211,0.17894736842105263,0.1368421052631579,-4.957008690647709,0.7789473684210526,0.08421052631578947,6.087956108692117,0.010526315789473684,9.92859485536967,0.6210526315789474,0.3684210526315789,-10.847671008082559,95,0.2631578947368421,0.9052631578947369,0.010526315789473684,-2.0869310379966453,0.5157894736842106,0.47368421052631576,3.2041543321358867
572233,"Walker, Christian",2026,"FC","Astros","R","2.275831672",0.031578947368421054,0.2631578947368421,0.08421052631578947,-6.741598442864584,0.5894736842105263,0.3263157894736842,8.201171427513922,0.15789473684210525,10.923351539513634,0.7789473684210526,0.06315789473684211,-10.585274928835865,95,0.24210526315789474,0.8842105263157894,0.021052631578947368,-4.582602763126761,0.7473684210526316,0.23157894736842105,2.7989613512372777
657136,"Wong, Connor",2026,"FF","Red Sox","R","1.312343075",0.010526315789473684,0.23157894736842105,0.07368421052631578,-7.1134316871081955,0.8631578947368421,0.06315789473684211,6.153042946863527,0.031578947368421054,8.89207758106845,0.7894736842105263,0.17894736842105263,-9.763382919015177,95,0.14736842105263157,0.9263157894736842,0.010526315789473684,-11.314864309712076,0.4105263157894737,0.5789473684210527,2.8381731340304746
650490,"Díaz, Yandy",2026,"FC","Rays","R","1.037441667",0,0.28421052631578947,0.06315789473684211,-5.869222205730829,0.7368421052631579,0.2,6.172309196895967,0.05263157894736842,9.432976163375612,0.8105263157894737,0.1368421052631579,-8.54930189788057,95,0.15789473684210525,0.9263157894736842,0.07368421052631578,-3.1856211888890495,0.8105263157894737,0.11578947368421053,2.6441832134980143
676694,"Meyers, Jake",2026,"FF","Astros","R","1.707234342",0.02127659574468085,0.14893617021276595,0.02127659574468085,-4.163896308451148,0.7978723404255319,0.18085106382978725,5.637648730121423,0,,0.925531914893617,0.07446808510638298,-9.917973846319157,94,0.11702127659574468,0.9787234042553191,0,,0.2872340425531915,0.7127659574468085,3.2201654909372186
663586,"Riley, Austin",2026,"FC","Braves","R","2.315657621",0.07446808510638298,0.13829787234042554,0.05319148936170213,-5.558248618901164,0.6063829787234043,0.3404255319148936,8.673634957715441,0.18085106382978725,10.524581646312928,0.6702127659574468,0.14893617021276595,-10.764825562476059,94,0.39361702127659576,0.9361702127659575,0.07446808510638298,-3.995370584244596,0.44680851063829785,0.4787234042553192,3.464433625090608
694384,"Schanuel, Nolan",2026,"SL","Angels","L","3.812707747",0.06382978723404255,0.23404255319148937,0.031914893617021274,-6.052055997651462,0.648936170212766,0.3191489361702128,8.62794018705021,0.43617021276595747,11.34946586286375,0.5212765957446809,0.0425531914893617,-12.287796142402135,94,0.26595744680851063,0.8617021276595744,0.13829787234042554,-4.987990249402711,0.776595744680851,0.0851063829787234,2.7007814593235318
682622,"Marte, Noelvi",2026,"FF","Reds","R","1.14715067",0.031914893617021274,0.2765957446808511,0.0851063829787234,-5.276976638270078,0.8404255319148937,0.07446808510638298,6.39167379342583,0.02127659574468085,8.227435867144505,0.7446808510638298,0.23404255319148937,-11.165344840498854,94,0.22340425531914893,0.9574468085106383,0,,0.43617021276595747,0.5638297872340425,3.0837994929217123
673237,"Diaz, Yainer",2026,"SL","Astros","R","3.217012445",0.11702127659574468,0.2127659574468085,0.05319148936170213,-5.6150158425968595,0.5531914893617021,0.39361702127659576,7.698075672680219,0.3723404255319149,11.058792119964805,0.6063829787234043,0.02127659574468085,-11.696133701878033,94,0.2765957446808511,0.8723404255319149,0.2553191489361702,-3.3655574895309748,0.6595744680851063,0.0851063829787234,2.4401659841222627
668930,"Turang, Brice",2026,"SL","Brewers","L","3.89149437",0.11702127659574468,0.30851063829787234,0.031914893617021274,-8.5536749215326,0.5957446808510638,0.3723404255319149,8.742654122328911,0.26595744680851063,10.351095213818493,0.648936170212766,0.0851063829787234,-12.331462917652775,94,0.3191489361702128,0.8723404255319149,0.2765957446808511,-3.6583566780489045,0.6063829787234043,0.11702127659574468,2.544790476545573
671732,"Butler, Lawrence",2026,"CH","Athletics","L","3.19284435",0.0851063829787234,0.13829787234042554,0.02127659574468085,-5.779520009980057,0.3191489361702128,0.6595744680851063,7.403126815121543,0.425531914893617,12.502959926305692,0.5638297872340425,0.010638297872340425,-8.08039415813328,94,0.3191489361702128,0.8936170212765957,0.1702127659574468,-4.055069244288633,0.7340425531914894,0.09574468085106383,2.4387360323462155
676475,"Burleson, Alec",2026,"FC","Cardinals","L","1.477725128",0.05319148936170213,0.19148936170212766,0.14893617021276595,-5.364172687307832,0.6702127659574468,0.18085106382978725,6.248058491112339,0.0851063829787234,10.533055092103877,0.6702127659574468,0.24468085106382978,-11.45374573069386,94,0.23404255319148937,0.9468085106382979,0.09574468085106383,-3.0460575708408495,0.6702127659574468,0.23404255319148937,3.2783611943689897
605137,"Bell, Josh",2026,"CU","Twins","S","6.395775197",0.20212765957446807,0.1702127659574468,0.06382978723404255,-7.5175692096911755,0.6382978723404256,0.2978723404255319,11.040644671460242,0.574468085106383,14.590170115609377,0.39361702127659576,0.031914893617021274,-10.137694894768874,94,0.3617021276595745,0.8404255319148937,0.35106382978723405,-5.8934995774664225,0.6063829787234043,0.0425531914893617,3.470234330998057
693304,"Gonzales, Nick",2026,"FC","Pirates","R","2.700056679",0.07446808510638298,0.24468085106382978,0.1276595744680851,-5.690625960461909,0.6276595744680851,0.24468085106382978,8.51244010413769,0.0851063829787234,10.7459387176547,0.6702127659574468,0.24468085106382978,-10.65476109484802,94,0.23404255319148937,0.925531914893617,0.11702127659574468,-3.1064122484367305,0.7021276595744681,0.18085106382978725,3.0502805451838206
641933,"O'Neill, Tyler",2026,"SI","Orioles","R","1.527025185",0.03225806451612903,0.3225806451612903,0.1935483870967742,-6.274467635735038,0.6666666666666666,0.13978494623655913,6.477876890660724,0,,0.8279569892473119,0.17204301075268819,-9.611307140963486,93,0.12903225806451613,0.8924731182795699,0.12903225806451613,-3.209198267750331,0.7096774193548387,0.16129032258064516,3.0043681701177247
678662,"Tovar, Ezequiel",2026,"ST","Rockies","R","4.933489352",0.06451612903225806,0.11827956989247312,0.06451612903225806,-5.445228949799999,0.4838709677419355,0.45161290322580644,10.832678113494648,0.45161290322580644,13.313790942933716,0.5053763440860215,0.043010752688172046,-9.855590601890542,93,0.3548387096774194,0.946236559139785,0.13978494623655913,-3.1955142247028383,0.6774193548387096,0.1827956989247312,2.702944235869042
666018,"Aranda, Jonathan",2026,"CH","Rays","L","2.021391991",0.053763440860215055,0.23655913978494625,0.03225806451612903,-4.552488402129666,0.6129032258064516,0.3548387096774194,5.934503658205698,0.23655913978494625,10.53147912269244,0.6774193548387096,0.08602150537634409,-9.662725690873888,93,0.12903225806451613,0.9354838709677419,0.10752688172043011,-3.0205308499886785,0.7311827956989247,0.16129032258064516,2.7761665070032904
677800,"Abreu, Wilyer",2026,"FC","Red Sox","L","2.034869549",0.021505376344086023,0.2903225806451613,0.12903225806451613,-6.959421369906493,0.7526881720430108,0.11827956989247312,7.221849443697889,0.043010752688172046,8.694811657319951,0.6989247311827957,0.25806451612903225,-11.09182620294758,93,0.1935483870967742,0.9032258064516129,0.03225806451612903,-8.670913309409663,0.6451612903225806,0.3225806451612903,2.689007858972552
621566,"Olson, Matt",2026,"ST","Braves","L","5.66451257",0.08602150537634409,0.0967741935483871,0.07526881720430108,-7.425730442650802,0.6236559139784946,0.3010752688172043,9.268915932876613,0.5913978494623656,13.199088109675605,0.3870967741935484,0.021505376344086023,-9.781363509868529,93,0.25806451612903225,0.8494623655913979,0.17204301075268819,-5.421253690445095,0.7204301075268817,0.10752688172043011,2.693819801117519
607043,"Nimmo, Brandon",2026,"FC","Rangers","L","1.588484784",0.03225806451612903,0.24731182795698925,0.12903225806451613,-7.091480738320218,0.6881720430107527,0.1827956989247312,6.937448075509008,0.13978494623655913,9.988357877057325,0.7419354838709677,0.11827956989247312,-9.558134276460478,93,0.21505376344086022,0.9354838709677419,0.13978494623655913,-3.2023566774259136,0.6451612903225806,0.21505376344086022,2.7719574288218793
621566,"Olson, Matt",2026,"CU","Braves","L","3.607125423",0.08602150537634409,0.13978494623655913,0.010752688172043012,-4.368963705817187,0.7096774193548387,0.27956989247311825,7.827773250154058,0.5913978494623656,13.356617795245262,0.3655913978494624,0.043010752688172046,-9.741517773847882,93,0.24731182795698925,0.8387096774193549,0.20430107526881722,-4.012621719977107,0.7311827956989247,0.06451612903225806,2.884314678022831
687859,"Johnston, Troy",2026,"SL","Rockies","L","7.044512771",0.08602150537634409,0.27956989247311825,0.06451612903225806,-5.1871619684629815,0.5591397849462365,0.3763440860215054,9.384438222525873,0.3333333333333333,12.026814522431126,0.6236559139784946,0.043010752688172046,-7.865312389107963,93,0.1935483870967742,0.9247311827956989,0.13978494623655913,-3.367051365838365,0.7956989247311828,0.06451612903225806,3.330120240749266
664983,"McCarthy, Jake",2026,"CH","Rockies","L","3.226300399",0.0967741935483871,0.25806451612903225,0.010752688172043012,-5.05844216146113,0.5053763440860215,0.4838709677419355,7.782853832378583,0.3763440860215054,12.172111244445718,0.6236559139784946,0,,93,0.24731182795698925,0.8494623655913979,0.15053763440860216,-2.984577863934078,0.8172043010752689,0.03225806451612903,2.3343850524287073
647304,"Naylor, Josh",2026,"CH","Mariners","L","2.690003109",0.053763440860215055,0.3010752688172043,0.03225806451612903,-6.470465260034614,0.5698924731182796,0.3978494623655914,7.859210090099113,0.3548387096774194,11.90723650557754,0.6129032258064516,0.03225806451612903,-11.064289294787743,93,0.22580645161290322,0.946236559139785,0.13978494623655913,-2.942236447170994,0.7526881720430108,0.10752688172043011,2.7522006994903068
672761,"Pérez, Wenceel",2026,"FF","Tigers","S","0.727443218",0.010752688172043012,0.3118279569892473,0.053763440860215055,-5.688404876955112,0.8817204301075269,0.06451612903225806,8.593408642370825,0.010752688172043012,7.809856981583824,0.6881720430107527,0.3010752688172043,-10.636053364039245,93,0.16129032258064516,0.8387096774193549,0.010752688172043012,-2.1078206797312844,0.6451612903225806,0.34408602150537637,2.791007515776442
545361,"Trout, Mike",2026,"SL","Angels","R","4.600442391",0.17204301075268819,0.11827956989247312,0.08602150537634409,-6.017519569765463,0.5053763440860215,0.40860215053763443,10.785747393785568,0.3548387096774194,13.054541533036785,0.5698924731182796,0.07526881720430108,-12.410182257807946,93,0.44086021505376344,0.8279569892473119,0.2903225806451613,-3.628462280284635,0.4838709677419355,0.22580645161290322,3.060366057558472
542303,"Ozuna, Marcell",2026,"SI","Pirates","R","1.337796796",0.043010752688172046,0.2903225806451613,0.1827956989247312,-6.400138068089296,0.7419354838709677,0.07526881720430108,6.675386409255633,0.010752688172043012,9.872036181711465,0.7849462365591398,0.20430107526881722,-10.280158828371952,93,0.15053763440860216,0.9139784946236559,0.22580645161290322,-2.5162475551528893,0.6774193548387096,0.0967741935483871,2.8414871322928987
673962,"Jung, Josh",2026,"SL","Rangers","R","5.216202667",0.08602150537634409,0.2903225806451613,0.03225806451612903,-4.753034732609323,0.5806451612903226,0.3870967741935484,8.589505105637567,0.25806451612903225,11.015326311422404,0.6881720430107527,0.053763440860215055,-10.729675958380426,93,0.24731182795698925,0.9139784946236559,0.24731182795698925,-4.089676032435856,0.7204301075268817,0.03225806451612903,2.407566944355394
663656,"Tucker, Kyle",2026,"FC","Dodgers","L","1.327950581",0.021505376344086023,0.22580645161290322,0.1935483870967742,-5.2263215269943135,0.7419354838709677,0.06451612903225806,9.0677238820688,0.0967741935483871,9.261056094630607,0.7741935483870968,0.12903225806451613,-10.892706594415273,93,0.12903225806451613,0.9032258064516129,0.07526881720430108,-2.692981090707992,0.6021505376344086,0.3225806451612903,2.6756080382237957
805808,"McGonigle, Kevin",2026,"SL","Tigers","L","2.260441399",0.08695652173913043,0.2391304347826087,0.09782608695652174,-5.466406992142813,0.6413043478260869,0.2608695652173913,7.5418410560281,0.2826086956521739,11.415654168550411,0.5869565217391305,0.13043478260869565,-11.428715901136997,92,0.2391304347826087,0.8043478260869565,0.25,-2.945462592898588,0.6521739130434783,0.09782608695652174,2.837706684462165
665926,"Giménez, Andrés",2026,"CH","Blue Jays","L","3.974990741",0.18478260869565216,0.1956521739130435,0.03260869565217391,-8.24841599518523,0.5869565217391305,0.3804347826086957,8.599838665366832,0.43478260869565216,12.488626917200378,0.5217391304347826,0.043478260869565216,-8.972219382176363,92,0.31521739130434784,0.9347826086956522,0.3804347826086957,-3.499464916045187,0.5978260869565217,0.021739130434782608,2.3210314434895527
677588,"Tena, José",2026,"CH","Nationals","L","3.198944144",0.11956521739130435,0.1956521739130435,0,,0.40217391304347827,0.5978260869565217,7.507856514214492,0.31521739130434784,11.857862747485484,0.6521739130434783,0.03260869565217391,-13.357364688342358,92,0.391304347826087,0.9347826086956522,0.358695652173913,-3.4495975245685586,0.6086956521739131,0.03260869565217391,3.004831499237465
656941,"Schwarber, Kyle",2026,"CH","Phillies","L","4.099152025",0.18478260869565216,0.20652173913043478,0,,0.5760869565217391,0.42391304347826086,8.608312476629465,0.33695652173913043,12.798351155086284,0.6413043478260869,0.021739130434782608,-9.100517120722305,92,0.42391304347826086,0.9347826086956522,0.4891304347826087,-3.5553029376874097,0.4891304347826087,0.021739130434782608,3.539463008554814
669016,"Marsh, Brandon",2026,"ST","Phillies","L","4.05620056",0.14130434782608695,0.07608695652173914,0.06521739130434782,-6.8511290743959155,0.42391304347826086,0.5108695652173914,10.276663266175014,0.6195652173913043,14.198581882469087,0.29347826086956524,0.08695652173913043,-15.262612157855418,92,0.4673913043478261,0.8586956521739131,0.20652173913043478,-3.605316967407196,0.6413043478260869,0.15217391304347827,3.27143122430716
682928,"Abrams, CJ",2026,"ST","Nationals","L","5.297768348",0.11956521739130435,0.20652173913043478,0.08695652173913043,-6.42676092766689,0.6195652173913043,0.29347826086956524,12.149886815634925,0.5,13.5169156305247,0.4782608695652174,0.021739130434782608,-9.156522375346594,92,0.33695652173913043,0.9456521739130435,0.20652173913043478,-3.323582693008697,0.6630434782608695,0.13043478260869565,3.0418649974499554
668709,"Bleday, JJ",2026,"SL","Reds","L","4.909831742",0.08695652173913043,0.1956521739130435,0.06521739130434782,-6.354604115651407,0.6086956521739131,0.32608695652173914,10.259213536783895,0.3804347826086957,11.687846305178864,0.5978260869565217,0.021739130434782608,-11.311135544631503,92,0.358695652173913,0.7282608695652174,0.20652173913043478,-4.888183998911369,0.6630434782608695,0.13043478260869565,3.0299127280250655
543807,"Springer, George",2026,"ST","Blue Jays","R","4.499528164",0.05434782608695652,0.2717391304347826,0.11956521739130435,-6.946980493732264,0.5869565217391305,0.29347826086956524,9.968249296923828,0.22826086956521738,14.517506148754642,0.6956521739130435,0.07608695652173914,-10.849056598531284,92,0.25,0.7934782608695652,0.20652173913043478,-3.5556969216113665,0.75,0.043478260869565216,3.3173376698892847
695490,"Arroyo, Edwin",2026,"FF","Reds","S","0.794711533",0.021739130434782608,0.30434782608695654,0.03260869565217391,-4.41032670640801,0.9021739130434783,0.06521739130434782,5.839156418682388,0.010869565217391304,8.062152644346773,0.8369565217391305,0.15217391304347827,-9.163318884174371,92,0.15217391304347827,0.9347826086956522,0.010869565217391304,-2.0197866017202903,0.5869565217391305,0.40217391304347827,2.910482154759076
668227,"Arozarena, Randy",2026,"ST","Mariners","R","2.905952441",0.09782608695652174,0.2717391304347826,0.010869565217391304,-5.137801389354372,0.717391304347826,0.2717391304347826,8.34070621009194,0.30434782608695654,11.969265875473136,0.5217391304347826,0.17391304347826086,-11.287178886407325,92,0.22826086956521738,0.8804347826086957,0.18478260869565216,-3.3421931217888035,0.6739130434782609,0.14130434782608695,3.1785560831899202
622268,"Walton, Donovan",2026,"FF","zMLB","L","0.52985413",0.03260869565217391,0.29347826086956524,0.021739130434782608,-4.315080615577392,0.8478260869565217,0.13043478260869565,5.838537852245129,0.021739130434782608,9.158997389100486,0.6739130434782609,0.30434782608695654,-9.454013314783872,92,0.14130434782608695,0.9239130434782609,0,,0.5978260869565217,0.40217391304347827,2.807445157064393
686948,"Baldwin, Drake",2026,"CH","Braves","L","2.574957516",0.09782608695652174,0.18478260869565216,0.03260869565217391,-5.827777677567173,0.6195652173913043,0.34782608695652173,7.473567975747919,0.5217391304347826,12.03385428621664,0.4673913043478261,0.010869565217391304,-11.93921998457637,92,0.2608695652173913,0.9021739130434783,0.25,-3.2750981448703502,0.7065217391304348,0.043478260869565216,2.8227580933543077
672356,"Arias, Gabriel",2026,"FF","zMLB","R","1.530384787",0.16304347826086957,0.15217391304347827,0.05434782608695652,-5.978368232794348,0.6739130434782609,0.2717391304347826,7.552019249865065,0,,0.4891304347826087,0.5108695652173914,-11.758783513037912,92,0.4673913043478261,0.8586956521739131,0.010869565217391304,-2.174575124221015,0.33695652173913043,0.6521739130434783,3.7385781692860967
671739,"Harris II, Michael",2026,"CU","Braves","L","4.740438205",0.15217391304347827,0.10869565217391304,0.05434782608695652,-10.0713151735946,0.4673913043478261,0.4782608695652174,9.378810141759821,0.6304347826086957,14.095749376038896,0.34782608695652173,0.021739130434782608,-8.353791409482808,92,0.40217391304347827,0.8913043478260869,0.33695652173913043,-4.2303618789237545,0.6413043478260869,0.021739130434782608,3.1731373729141694
695600,"Jensen, Carter",2026,"SI","Royals","L","2.70270846",0.021739130434782608,0.2826086956521739,0.17391304347826086,-5.575115770228918,0.717391304347826,0.10869565217391304,7.046367029284712,0,,0.6956521739130435,0.30434782608695654,-10.547696090945823,92,0.1956521739130435,0.8913043478260869,0.043478260869565216,-6.644350654000059,0.6086956521739131,0.34782608695652173,3.01435550968462
500743,"Rojas, Miguel",2026,"FF","Dodgers","R","0.962426801",0.03260869565217391,0.32608695652173914,0.05434782608695652,-5.5722034838549845,0.8478260869565217,0.09782608695652174,6.467393464727226,0.06521739130434782,9.405038651609479,0.8043478260869565,0.13043478260869565,-11.51131263011086,92,0.10869565217391304,0.9130434782608695,0.010869565217391304,-2.6831320639040412,0.6195652173913043,0.3695652173913043,3.022804626342294
686611,"Crews, Dylan",2026,"SL","Nationals","R","5.560571357",0.24175824175824176,0.0989010989010989,0,,0.43956043956043955,0.5604395604395604,11.02864498336539,0.5714285714285714,14.57733225465109,0.37362637362637363,0.054945054945054944,-10.548421534633189,91,0.5604395604395604,0.8461538461538461,0.37362637362637363,-3.8358733086756605,0.5164835164835165,0.10989010989010989,2.7994286921594354
521692,"Perez, Salvador",2026,"CU","Royals","R","3.990730074",0.14285714285714285,0.1978021978021978,0,,0.5494505494505495,0.45054945054945056,8.59931926988187,0.5384615384615384,13.736583059497423,0.4175824175824176,0.04395604395604396,-9.14829860889817,91,0.32967032967032966,0.8241758241758241,0.2857142857142857,-3.4157891506076714,0.6593406593406593,0.054945054945054944,2.9472546095684944
650489,"Castro, Willi",2026,"CU","Rockies","S","4.894585474",0.07692307692307693,0.16483516483516483,0.10989010989010989,-5.757186310177444,0.6043956043956044,0.2857142857142857,11.248215991512636,0.5164835164835165,13.089941090297337,0.4065934065934066,0.07692307692307693,-13.54942974372225,91,0.32967032967032966,0.8571428571428571,0.21978021978021978,-4.889273604747345,0.7472527472527473,0.03296703296703297,2.355510141146156
695506,"Caglianone, Jac",2026,"ST","Royals","L","5.328162064",0.0989010989010989,0.0989010989010989,0.12087912087912088,-7.889735146533735,0.38461538461538464,0.4945054945054945,10.258315660151759,0.5714285714285714,13.386793876785164,0.37362637362637363,0.054945054945054944,-10.903849078955433,91,0.3626373626373626,0.7802197802197802,0.15384615384615385,-4.796482133215163,0.7582417582417582,0.08791208791208792,3.1746581011262194
683083,"Nuñez, Nasim",2026,"SI","Nationals","S","1.078761079",0.02197802197802198,0.32967032967032966,0.02197802197802198,-4.664545657362368,0.6813186813186813,0.2967032967032967,6.565575916494292,0,,0.8241758241758241,0.17582417582417584,-10.580658651465,91,0.10989010989010989,0.967032967032967,0.03296703296703297,-3.851658981064721,0.7582417582417582,0.2087912087912088,2.8340122357605564
641355,"Bellinger, Cody",2026,"SL","Yankees","L","2.756872202",0.054945054945054944,0.3076923076923077,0.0989010989010989,-5.6075323103718,0.6703296703296703,0.23076923076923078,7.188701162157437,0.1978021978021978,10.719020981122634,0.7472527472527473,0.054945054945054944,-10.585557209134706,91,0.21978021978021978,0.9120879120879121,0.2087912087912088,-3.678503956767111,0.7252747252747253,0.06593406593406594,3.0179649112179203
605137,"Bell, Josh",2026,"SL","Twins","S","2.913635147",0.04395604395604396,0.21978021978021978,0.0989010989010989,-5.660597906895438,0.7252747252747253,0.17582417582417584,8.675330331825938,0.37362637362637363,11.608329541018925,0.5714285714285714,0.054945054945054944,-10.977793587696143,91,0.2087912087912088,0.9340659340659341,0.17582417582417584,-3.322201581615446,0.6593406593406593,0.16483516483516483,2.9088449187426697
701358,"Smith, Cam",2026,"FC","Astros","R","3.095592445",0.07692307692307693,0.24175824175824176,0.0989010989010989,-6.014716843801789,0.5934065934065934,0.3076923076923077,8.599189122355742,0.3626373626373626,11.76596328625768,0.6153846153846154,0.02197802197802198,-11.027768914777106,91,0.26373626373626374,0.9560439560439561,0.13186813186813187,-2.7374050490460338,0.7032967032967034,0.16483516483516483,2.821534902304728
571448,"Arenado, Nolan",2026,"ST","Diamondbacks","R","4.863354273",0.07692307692307693,0.14285714285714285,0.08791208791208792,-6.450205426886206,0.5714285714285714,0.34065934065934067,11.187388430005992,0.4945054945054945,13.461515094357749,0.4835164835164835,0.02197802197802198,-8.363303629228213,91,0.2857142857142857,0.8131868131868132,0.07692307692307693,-5.525345154824653,0.7252747252747253,0.1978021978021978,2.9676465964665173
689414,"Hicks, Liam",2026,"CH","zMLB","L","2.800216534",0.01098901098901099,0.3516483516483517,0.06593406593406594,-6.266976283735997,0.5824175824175825,0.3516483516483517,7.0873670631850425,0.2857142857142857,11.406148993828447,0.7142857142857143,0,,91,0.17582417582417584,0.945054945054945,0.08791208791208792,-2.765009937517412,0.8351648351648352,0.07692307692307693,2.8603860266178307
693307,"Dingler, Dillon",2026,"SL","Tigers","R","3.70557061",0.12087912087912088,0.18681318681318682,0.06593406593406594,-7.2635793956165235,0.5604395604395604,0.37362637362637363,10.021696688001716,0.45054945054945056,13.078877894492658,0.5274725274725275,0.02197802197802198,-8.744596185973425,91,0.34065934065934067,0.9560439560439561,0.24175824175824176,-3.073849245751782,0.6483516483516484,0.10989010989010989,2.7838369421597076
676914,"Schneider, Davis",2026,"FF","Blue Jays","R","0.975661589",0.07692307692307693,0.15384615384615385,0.07692307692307693,-5.418669110284359,0.8351648351648352,0.08791208791208792,8.404156724948452,0.01098901098901099,7.406528725462196,0.7252747252747253,0.26373626373626374,-9.700718215999151,91,0.42857142857142855,0.9230769230769231,0.02197802197802198,-2.355341865173295,0.37362637362637363,0.6043956043956044,3.3023537256230915
621020,"Swanson, Dansby",2026,"CH","Cubs","R","2.983219013",0.1978021978021978,0.17582417582417584,0.03296703296703297,-4.615782493214026,0.4945054945054945,0.4725274725274725,8.185931693961411,0.4835164835164835,11.46590707196183,0.4725274725274725,0.04395604395604396,-9.45538370896442,91,0.4175824175824176,0.9010989010989011,0.38461538461538464,-3.16678421050739,0.5934065934065934,0.02197802197802198,2.8260958385665584
666971,"Gurriel Jr., Lourdes",2026,"FF","Diamondbacks","R","0.607763775",0.011111111111111112,0.2777777777777778,0.1,-6.438769180661059,0.7888888888888889,0.1111111111111111,7.5148456713114955,0.022222222222222223,9.522464602408563,0.7555555555555555,0.2222222222222222,-10.557995608886518,90,0.18888888888888888,0.9,0,,0.6777777777777778,0.32222222222222224,2.704213601109075
686469,"Pasquantino, Vinnie",2026,"SI","Royals","L","0.84835632",0.022222222222222223,0.32222222222222224,0.18888888888888888,-6.380004370781106,0.6555555555555556,0.15555555555555556,6.896815782098551,0.06666666666666667,9.783812814480788,0.7888888888888889,0.14444444444444443,-9.724267598786781,90,0.07777777777777778,0.9222222222222223,0.03333333333333333,-2.689989136978948,0.7888888888888889,0.17777777777777778,2.80788459101875
641598,"Garver, Mitch",2026,"FF","Mariners","R","1.199546356",0.05555555555555555,0.2777777777777778,0.07777777777777778,-5.9818543043291195,0.8,0.12222222222222222,7.204460915871474,0.011111111111111112,7.25949716246916,0.7555555555555555,0.23333333333333334,-10.203551154580023,90,0.24444444444444444,0.9555555555555556,0.011111111111111112,-2.0829379219405424,0.6555555555555556,0.3333333333333333,3.0511200887044385
675961,"Williams, Alika",2026,"FF","Athletics","R","1.468345647",0.03333333333333333,0.15555555555555556,0.13333333333333333,-5.3386389402765095,0.7444444444444445,0.12222222222222222,7.873790398720161,0,,0.8333333333333334,0.16666666666666666,-9.589521720577654,90,0.17777777777777778,0.9,0,,0.32222222222222224,0.6777777777777778,3.0685433648881957
669016,"Marsh, Brandon",2026,"CH","Phillies","L","4.413307191",0.13333333333333333,0.2222222222222222,0,,0.4666666666666667,0.5333333333333333,9.047081244759957,0.4888888888888889,12.89820979839277,0.4888888888888889,0.022222222222222223,-8.32436909133675,90,0.37777777777777777,0.9444444444444444,0.2777777777777778,-2.9815699494906736,0.6777777777777778,0.044444444444444446,2.3354985313179997
690984,"Halpin, Petey",2026,"FF","Guardians","L","0.837424524",0.1,0.25555555555555554,0.05555555555555555,-4.865050375334304,0.7333333333333333,0.2111111111111111,5.686279624938273,0,,0.5666666666666667,0.43333333333333335,-10.472829320250383,90,0.3111111111111111,0.8777777777777778,0,,0.4,0.6,2.944768534275362
607208,"Turner, Trea",2026,"CH","Phillies","R","3.532044352",0.08888888888888889,0.14444444444444443,0.03333333333333333,-6.701573635601714,0.45555555555555555,0.5111111111111111,8.424778816728761,0.4888888888888889,12.414474404769988,0.4444444444444444,0.06666666666666667,-9.257070718827022,90,0.3333333333333333,0.9777777777777777,0.28888888888888886,-2.964930333006657,0.6888888888888889,0.022222222222222223,4.817272216188978
592450,"Judge, Aaron",2026,"SL","Yankees","R","4.971202267",0.1,0.16666666666666666,0.06666666666666667,-6.682644070238336,0.5,0.43333333333333335,10.379914802870465,0.37777777777777777,11.315772800009885,0.5111111111111111,0.1111111111111111,-11.191368159496692,90,0.34444444444444444,0.9,0.12222222222222222,-4.016488007376049,0.6555555555555556,0.2222222222222222,3.221391389740778
686527,"Canzone, Dominic",2026,"SI","Mariners","L","1.743997178",0.03333333333333333,0.25555555555555554,0.07777777777777778,-5.782272570159248,0.6333333333333333,0.28888888888888886,6.560243268824129,0.044444444444444446,11.55312638110232,0.7666666666666667,0.18888888888888888,-9.149286536757987,90,0.2,0.9333333333333333,0.12222222222222222,-2.601845595991687,0.6333333333333333,0.24444444444444444,3.185142404037958
592885,"Yelich, Christian",2026,"FC","Brewers","L","1.383821243",0.08888888888888889,0.2,0.16666666666666666,-4.919722386262312,0.6666666666666666,0.16666666666666666,7.5890195723509,0.08888888888888889,9.375740749642171,0.7111111111111111,0.2,-10.408392953014456,90,0.35555555555555557,0.8888888888888888,0.17777777777777778,-3.047797874595362,0.5666666666666667,0.25555555555555554,3.4248042134974575
695600,"Jensen, Carter",2026,"CH","Royals","L","3.026377335",0.044444444444444446,0.16666666666666666,0.011111111111111112,-5.300616339826032,0.4666666666666667,0.5222222222222223,7.97854771097728,0.4444444444444444,11.250240255750175,0.5333333333333333,0.022222222222222223,-11.894635569407225,90,0.25555555555555554,0.9444444444444444,0.08888888888888889,-4.012920275605692,0.7666666666666667,0.14444444444444443,2.5335444459045076
694384,"Schanuel, Nolan",2026,"CH","Angels","L","2.534334984",0.06666666666666667,0.2111111111111111,0.011111111111111112,-4.089474582582557,0.5,0.4888888888888889,6.95092431191432,0.45555555555555555,10.836507062465216,0.5222222222222223,0.022222222222222223,-12.026706936377874,90,0.17777777777777778,0.9444444444444444,0.1,-2.945086090715239,0.8222222222222222,0.07777777777777778,2.449597551345264
681807,"Fry, David",2026,"FF","Guardians","R","0.669556633",0.022222222222222223,0.24444444444444444,0.1111111111111111,-6.116451140876695,0.8555555555555555,0.03333333333333333,5.116578758122624,0.03333333333333333,8.420762615460541,0.8111111111111111,0.15555555555555556,-9.44494287584897,90,0.28888888888888886,0.9444444444444444,0.011111111111111112,-3.319804130136378,0.5555555555555556,0.43333333333333335,3.070353634915502
806198,"Pratt, Cooper",2026,"FF","Brewers","R","0.79722496",0.06666666666666667,0.17777777777777778,0.1,-5.9925329174621,0.7333333333333333,0.16666666666666666,6.855654394016255,0,,0.5,0.5,-11.478498678550308,90,0.2222222222222222,0.8,0,,0.5222222222222223,0.4777777777777778,2.841339061661222
679529,"Torkelson, Spencer",2026,"FC","Tigers","R","2.58538796",0.08888888888888889,0.24444444444444444,0.06666666666666667,-5.6175073061608956,0.5222222222222223,0.4111111111111111,8.247516108796862,0.24444444444444444,10.756846735613795,0.6777777777777778,0.07777777777777778,-8.975349052437373,90,0.3111111111111111,0.9555555555555556,0.07777777777777778,-3.764684495344233,0.7333333333333333,0.18888888888888888,2.938686587310865
686555,"Collins, Isaac",2026,"CH","Royals","S","4.213753136",0.03333333333333333,0.25555555555555554,0,,0.43333333333333335,0.5666666666666667,9.587480319380912,0.37777777777777777,13.398541160414938,0.6111111111111112,0.011111111111111112,-10.308331225971152,90,0.4111111111111111,0.8888888888888888,0.13333333333333333,-4.21019470814885,0.7666666666666667,0.1,2.718534561167864
686452,"Millas, Drew",2026,"FF","Nationals","S","0.889554475",0.02247191011235955,0.21348314606741572,0.07865168539325842,-4.929290279084087,0.8202247191011236,0.10112359550561797,6.038118505861419,0.0449438202247191,9.349165157304315,0.5842696629213483,0.3707865168539326,-10.452506672216234,89,0.14606741573033707,0.8426966292134831,0,,0.5842696629213483,0.4157303370786517,2.835326134736148
672515,"Moreno, Gabriel",2026,"CH","Diamondbacks","R","4.015887051",0.0898876404494382,0.21348314606741572,0.0449438202247191,-5.015166945018997,0.651685393258427,0.30337078651685395,8.093740660071926,0.48314606741573035,13.575720338761268,0.5056179775280899,0.011235955056179775,-10.312248649139233,89,0.16853932584269662,0.9550561797752809,0.23595505617977527,-2.697401407338383,0.7415730337078652,0.02247191011235955,2.397145906762578
695578,"Wood, James",2026,"ST","Nationals","L","4.583178221",0.056179775280898875,0.1348314606741573,0.07865168539325842,-5.144673998081286,0.5056179775280899,0.4157303370786517,10.91066819284524,0.5617977528089888,13.608763347348122,0.4157303370786517,0.02247191011235955,-12.889252983140008,89,0.4044943820224719,0.8876404494382022,0.16853932584269662,-3.537248789333706,0.6966292134831461,0.1348314606741573,3.12644787282826
666018,"Aranda, Jonathan",2026,"SL","Rays","L","3.48586306",0.06741573033707865,0.25842696629213485,0.10112359550561797,-8.355945331625904,0.6853932584269663,0.21348314606741572,7.778244618636046,0.1797752808988764,10.274821109895829,0.7415730337078652,0.07865168539325842,-11.862970661218727,89,0.2247191011235955,0.8876404494382022,0.19101123595505617,-4.771617877021213,0.6853932584269663,0.12359550561797752,3.224495918912842
699013,"Valdez, Esmerlyn",2026,"SI","Pirates","R","0.821868365",0.02247191011235955,0.16853932584269662,0.16853932584269662,-6.027017772795353,0.7303370786516854,0.10112359550561797,6.410641692461938,0.011235955056179775,8.529355487479718,0.7415730337078652,0.24719101123595505,-10.824611443153488,89,0.24719101123595505,0.9438202247191011,0.1348314606741573,-2.790208386871618,0.6966292134831461,0.16853932584269662,2.7823741057307254
805808,"McGonigle, Kevin",2026,"FC","Tigers","L","1.818865506",0.0449438202247191,0.15730337078651685,0.19101123595505617,-5.480242035843031,0.6404494382022472,0.16853932584269662,8.308217509159451,0.07865168539325842,12.28614787572862,0.8089887640449438,0.11235955056179775,-10.591818628683054,89,0.1348314606741573,0.9325842696629213,0.10112359550561797,-2.483016696096362,0.8089887640449438,0.0898876404494382,2.781564956353567
665966,"Narváez, Carlos",2026,"SL","zMLB","R","4.120514539",0.25842696629213485,0.12359550561797752,0.0449438202247191,-9.277676662054901,0.5168539325842697,0.43820224719101125,10.083983313754807,0.449438202247191,12.993792423378913,0.4943820224719101,0.056179775280898875,-12.951185208606852,89,0.4943820224719101,0.8651685393258427,0.38202247191011235,-3.687239410481794,0.47191011235955055,0.14606741573033707,3.1102180695334396
545121,"Vargas, Ildemaro",2026,"SL","Diamondbacks","S","5.128292812",0.06741573033707865,0.2808988764044944,0.10112359550561797,-8.855612038480489,0.7415730337078652,0.15730337078651685,8.86189483159377,0.4606741573033708,12.024510757315452,0.5056179775280899,0.033707865168539325,-11.839998076292504,89,0.20224719101123595,0.898876404494382,0.21348314606741572,-5.429747320358684,0.7415730337078652,0.0449438202247191,2.525023444464129
681624,"Pages, Andy",2026,"ST","Dodgers","R","4.135162111",0.0449438202247191,0.16853932584269662,0.0898876404494382,-6.109395489277415,0.449438202247191,0.4606741573033708,9.432970548571936,0.38202247191011235,12.212822772816946,0.5842696629213483,0.033707865168539325,-8.57421130308634,89,0.25842696629213485,0.8426966292134831,0.056179775280898875,-3.822867490520058,0.651685393258427,0.29213483146067415,2.6441266260236147
663616,"Larnach, Trevor",2026,"SI","Twins","L","2.379200276",0.0449438202247191,0.2808988764044944,0.14606741573033707,-5.2957988528057225,0.5730337078651685,0.2808988764044944,8.419872902602032,0.056179775280898875,8.818215401101401,0.8539325842696629,0.0898876404494382,-14.486742161698801,89,0.14606741573033707,0.8876404494382022,0.07865168539325842,-2.559374425036056,0.7303370786516854,0.19101123595505617,2.8080320086905126
693307,"Dingler, Dillon",2026,"FC","Tigers","R","2.191221048",0.06741573033707865,0.2808988764044944,0.1348314606741573,-5.471163278942967,0.651685393258427,0.21348314606741572,8.568487430578433,0.21348314606741572,10.87836055897926,0.6853932584269663,0.10112359550561797,-11.142066834643664,89,0.14606741573033707,0.9438202247191011,0.0449438202247191,-2.9654174350678715,0.7415730337078652,0.21348314606741572,2.7936185405878593
681297,"Cowser, Colton",2026,"SL","Orioles","L","6.114040781",0.23595505617977527,0.10112359550561797,0.033707865168539325,-7.560216462055946,0.43820224719101125,0.5280898876404494,10.388124677950719,0.4943820224719101,13.707607363517722,0.4606741573033708,0.0449438202247191,-11.457511940647086,89,0.4943820224719101,0.8651685393258427,0.3595505617977528,-5.094228315569605,0.5056179775280899,0.1348314606741573,2.921744132503861
663968,"Mangum, Jake",2026,"SI","Pirates","S","1.112323874",0.06741573033707865,0.2808988764044944,0,,0.5842696629213483,0.4157303370786517,7.105602521233733,0.02247191011235955,8.885300174738376,0.6853932584269663,0.29213483146067415,-9.55274580529716,89,0.1797752808988764,0.9325842696629213,0.011235955056179775,-2.3349717760102893,0.651685393258427,0.33707865168539325,3.108554896248917
800050,"DeLauter, Chase",2026,"CH","Guardians","L","3.702212507",0.0449438202247191,0.34831460674157305,0.011235955056179775,-4.534355429635706,0.6741573033707865,0.3146067415730337,7.237590885713815,0.2696629213483146,10.780766862828889,0.6853932584269663,0.0449438202247191,-9.523029490296672,89,0.15730337078651685,0.9213483146067416,0.14606741573033707,-3.5865507309414792,0.797752808988764,0.056179775280898875,2.413693276869876
683146,"Baty, Brett",2026,"CH","Mets","L","3.046766295",0.14606741573033707,0.19101123595505617,0.02247191011235955,-6.880942843483735,0.5056179775280899,0.47191011235955055,7.924165648891321,0.550561797752809,12.605344216226856,0.42696629213483145,0.02247191011235955,-15.828056936718571,89,0.3258426966292135,0.8876404494382022,0.29213483146067415,-2.954088079259397,0.6404494382022472,0.06741573033707865,2.919898350745755
665926,"Giménez, Andrés",2026,"SL","Blue Jays","L","3.909555164",0.12359550561797752,0.24719101123595505,0.11235955056179775,-7.25173440711845,0.6179775280898876,0.2696629213483146,9.35162760921129,0.3258426966292135,13.153366628954727,0.6292134831460674,0.0449438202247191,-10.732250888201527,89,0.30337078651685395,0.9213483146067416,0.2247191011235955,-4.081592758500248,0.651685393258427,0.12359550561797752,2.9893800496881373
663538,"Hoerner, Nico",2026,"CH","Cubs","R","3.609851425",0.056179775280898875,0.2247191011235955,0.06741573033707865,-6.974049757655207,0.48314606741573035,0.449438202247191,7.9862908495938365,0.39325842696629215,11.566209615392893,0.6067415730337079,0,,89,0.21348314606741572,0.9325842696629213,0.10112359550561797,-2.783447033177023,0.8651685393258427,0.033707865168539325,2.1720061643491904
700250,"Rice, Ben",2026,"ST","Yankees","L","8.442244955",0.056179775280898875,0.11235955056179775,0.10112359550561797,-11.611276565457603,0.6179775280898876,0.2808988764044944,10.810744533605527,0.48314606741573035,12.3585885981161,0.4606741573033708,0.056179775280898875,-8.419288533963602,89,0.21348314606741572,0.8089887640449438,0.19101123595505617,-6.918710159259493,0.7303370786516854,0.07865168539325842,2.7164762622236274
663837,"Vierling, Matt",2026,"SI","Tigers","R","1.849085828",0.033707865168539325,0.3595505617977528,0.14606741573033707,-7.199673954039195,0.6966292134831461,0.15730337078651685,6.737948200231635,0.011235955056179775,7.185065538386807,0.8539325842696629,0.1348314606741573,-10.456422216127285,89,0.12359550561797752,0.9438202247191011,0.06741573033707865,-3.2994712386669853,0.7528089887640449,0.1797752808988764,3.0029615435743175
699625,"Crooks, Jimmy",2026,"FF","Cardinals","L","1.067169414",0.033707865168539325,0.2696629213483146,0.033707865168539325,-6.870441223182446,0.8202247191011236,0.14606741573033707,6.324368191611172,0.011235955056179775,7.8311615051774295,0.6966292134831461,0.29213483146067415,-9.23672275412811,89,0.24719101123595505,0.8539325842696629,0.011235955056179775,-3.252712509385295,0.550561797752809,0.43820224719101125,3.2109024050614985
800050,"DeLauter, Chase",2026,"SL","Guardians","L","3.312025356",0.011235955056179775,0.30337078651685395,0.06741573033707865,-5.103421220747878,0.6741573033707865,0.25842696629213485,8.532069704272143,0.24719101123595505,12.007094791665631,0.6404494382022472,0.11235955056179775,-10.988754311666511,89,0.23595505617977527,0.8426966292134831,0.10112359550561797,-4.436668338583348,0.7752808988764045,0.12359550561797752,3.018253688062799
672640,"Lopez, Otto",2026,"ST","Marlins","R","3.9008688",0.0449438202247191,0.15730337078651685,0.02247191011235955,-4.416775552573551,0.43820224719101125,0.5393258426966292,7.720723301725666,0.4943820224719101,12.59506088443601,0.4943820224719101,0.011235955056179775,-13.85299230358284,89,0.2247191011235955,0.898876404494382,0.0449438202247191,-5.147074212406647,0.7865168539325843,0.16853932584269662,2.555434960969678
680776,"Duran, Jarren",2026,"CU","Red Sox","L","5.155985621",0.19101123595505617,0.12359550561797752,0.12359550561797752,-6.078802573380382,0.5955056179775281,0.2808988764044944,8.356851760055223,0.6741573033707865,14.444550889004395,0.29213483146067415,0.033707865168539325,-8.598514559859405,89,0.4157303370786517,0.8651685393258427,0.38202247191011235,-5.60795190936523,0.5842696629213483,0.033707865168539325,2.7346017075014815
571970,"Muncy, Max",2026,"SI","Dodgers","L","1.137067593",0.022727272727272728,0.3068181818181818,0.18181818181818182,-5.84565336048318,0.6136363636363636,0.20454545454545456,8.618211675724064,0.022727272727272728,10.662397843971867,0.7272727272727273,0.25,-11.943507551213768,88,0.1590909090909091,0.8636363636363636,0.045454545454545456,-2.8638141308712157,0.6931818181818182,0.26136363636363635,2.7118271441846793
650859,"Rengifo, Luis",2026,"CH","zMLB","S","5.428613631",0.11363636363636363,0.2840909090909091,0.011363636363636364,-5.358362473744361,0.5795454545454546,0.4090909090909091,11.560913982634784,0.4772727272727273,14.166964056737452,0.48863636363636365,0.03409090909090909,-10.14172351742557,88,0.25,0.9772727272727273,0.14772727272727273,-2.560635836662704,0.7727272727272727,0.07954545454545454,2.464496785020922
663968,"Mangum, Jake",2026,"SL","Pirates","S","1.1511091",0.03409090909090909,0.2727272727272727,0.125,-6.442123957726775,0.7045454545454546,0.17045454545454544,6.312351137088556,0.25,9.748256522894259,0.6477272727272727,0.10227272727272728,-9.48736152749287,88,0.20454545454545456,0.8977272727272727,0.14772727272727273,-3.4659380450676194,0.6363636363636364,0.2159090909090909,2.5543086107280026
682668,"Acuña, Luisangel",2026,"FF","White Sox","R","0.996052931",0.06818181818181818,0.3181818181818182,0.011363636363636364,-6.616936674734205,0.8181818181818182,0.17045454545454544,7.710895301643748,0,,0.6931818181818182,0.3068181818181818,-9.905077079918117,88,0.19318181818181818,0.8977272727272727,0,,0.6931818181818182,0.3068181818181818,3.0391963921755676
677870,"Jiménez, Leo",2026,"FF","Marlins","R","0.923604712",0.022727272727272728,0.3068181818181818,0.03409090909090909,-4.946038253375065,0.8181818181818182,0.14772727272727273,6.099357923188924,0.022727272727272728,9.891212632305926,0.8181818181818182,0.1590909090909091,-9.13356523309909,88,0.17045454545454544,0.9318181818181818,0,,0.4659090909090909,0.5340909090909091,2.9853730372927005
669065,"Stowers, Kyle",2026,"SI","Marlins","L","0.887682293",0.022727272727272728,0.18181818181818182,0.29545454545454547,-5.72945548089986,0.6136363636363636,0.09090909090909091,6.163845337142483,0,,0.7840909090909091,0.2159090909090909,-10.036432389151052,88,0.22727272727272727,0.9090909090909091,0.1590909090909091,-2.9083255597075195,0.6022727272727273,0.23863636363636365,2.7699896344271844
700932,"Manzardo, Kyle",2026,"SL","Guardians","L","5.187827903",0.2159090909090909,0.14772727272727273,0.045454545454545456,-5.872745033913429,0.5340909090909091,0.42045454545454547,10.599253556351304,0.5340909090909091,13.873875859578813,0.4318181818181818,0.03409090909090909,-10.621116178755415,88,0.48863636363636365,0.8068181818181818,0.3409090909090909,-5.002543185400657,0.5,0.1590909090909091,2.9663702688521143
805999,"Ewing, A.J.",2026,"CH","Mets","L","3.593191614",0.03409090909090909,0.2159090909090909,0,,0.3977272727272727,0.6022727272727273,9.436397514098129,0.4318181818181818,12.217803242336172,0.5454545454545454,0.022727272727272728,-8.917606420933733,88,0.3522727272727273,0.9431818181818182,0.07954545454545454,-2.7276984306108814,0.8409090909090909,0.07954545454545454,2.5317902587143446
669707,"Triolo, Jared",2026,"SI","Pirates","R","0.746388297",0.022727272727272728,0.32954545454545453,0.14772727272727273,-6.268515700679779,0.75,0.10227272727272728,5.435316889608135,0,,0.7159090909090909,0.2840909090909091,-9.684537698167144,88,0.125,0.9886363636363636,0.07954545454545454,-2.7689045533840466,0.75,0.17045454545454544,2.8462416305925493
663616,"Larnach, Trevor",2026,"CH","Twins","L","3.997894586",0.03409090909090909,0.125,0,,0.42045454545454547,0.5795454545454546,10.209417377830542,0.6477272727272727,13.432136760887628,0.3522727272727273,0,,88,0.36363636363636365,0.9772727272727273,0.09090909090909091,-2.9197699415583123,0.75,0.1590909090909091,2.932802166534748
680757,"Kwan, Steven",2026,"SL","Guardians","L","2.09787607",0.011363636363636364,0.4431818181818182,0.011363636363636364,-4.753167185266076,0.6704545454545454,0.3181818181818182,7.131987767781604,0.17045454545454544,11.092129252567267,0.7727272727272727,0.056818181818181816,-10.266367859617596,88,0.1590909090909091,0.8863636363636364,0.045454545454545456,-3.7310628787604108,0.75,0.20454545454545456,2.632291982664447
663886,"Stephenson, Tyler",2026,"SI","Reds","R","1.044416705",0.045454545454545456,0.3977272727272727,0.17045454545454544,-5.85226132759361,0.7386363636363636,0.09090909090909091,7.4527529473555205,0,,0.8068181818181818,0.19318181818181818,-9.998007587393818,88,0.11363636363636363,0.9318181818181818,0.11363636363636363,-2.871636902444016,0.75,0.13636363636363635,2.863735964722563
694671,"Langford, Wyatt",2026,"SL","Rangers","R","5.755580973",0.09090909090909091,0.26136363636363635,0.03409090909090909,-5.015023890777496,0.6590909090909091,0.3068181818181818,9.278625886206983,0.32954545454545453,12.705385232745437,0.6363636363636364,0.03409090909090909,-11.966019494038735,88,0.20454545454545456,0.9090909090909091,0.20454545454545456,-3.3746561853321513,0.7272727272727273,0.06818181818181818,2.6101054622706776
673548,"Suzuki, Seiya",2026,"ST","Cubs","R","3.89537326",0.045454545454545456,0.17045454545454544,0.045454545454545456,-6.78106940950895,0.6022727272727273,0.3522727272727273,9.259122441394126,0.4318181818181818,12.288001814714942,0.5,0.06818181818181818,-15.686442446117448,88,0.3181818181818182,0.8295454545454546,0.07954545454545454,-6.258369363126057,0.6704545454545454,0.25,2.970734137237483
664034,"France, Ty",2026,"SL","Padres","R","4.696592459",0.07954545454545454,0.22727272727272727,0.03409090909090909,-7.647244399155145,0.6818181818181818,0.2840909090909091,10.295166418383783,0.38636363636363635,11.672947984291003,0.5681818181818182,0.045454545454545456,-9.228755625246006,88,0.3181818181818182,0.8977272727272727,0.2159090909090909,-3.6888347858163772,0.6590909090909091,0.125,2.5661290477599183
641355,"Bellinger, Cody",2026,"CH","Yankees","L","2.476187073",0.034482758620689655,0.27586206896551724,0.04597701149425287,-6.087285251617374,0.6666666666666666,0.28735632183908044,6.841005543067821,0.21839080459770116,9.978531737363554,0.735632183908046,0.04597701149425287,-8.57148298535796,87,0.19540229885057472,0.9655172413793104,0.2988505747126437,-2.864881736861591,0.632183908045977,0.06896551724137931,2.4625834235979487
681393,"Norby, Connor",2026,"SI","zMLB","R","1.868188779",0.034482758620689655,0.25287356321839083,0.19540229885057472,-5.887173911030604,0.6896551724137931,0.11494252873563218,9.352746268120109,0,,0.632183908045977,0.367816091954023,-10.248418057241903,87,0.09195402298850575,0.9655172413793104,0.08045977011494253,-2.8115392027361477,0.8045977011494253,0.11494252873563218,2.636666407932998
593871,"Polanco, Jorge",2026,"FF","Mets","S","1.571402111",0.022988505747126436,0.16091954022988506,0.08045977011494253,-7.513407422158289,0.7586206896551724,0.16091954022988506,6.4235877106270625,0.011494252873563218,7.2178044563573565,0.6666666666666666,0.3218390804597701,-10.625315632034983,87,0.16091954022988506,0.9425287356321839,0.011494252873563218,-8.985506621104475,0.41379310344827586,0.5747126436781609,2.941420188838663
695731,"Montgomery, Braden",2026,"CH","White Sox","S","3.066079438",0.11494252873563218,0.1839080459770115,0,,0.3448275862068966,0.6551724137931034,7.711437028520377,0.3448275862068966,10.225046538337043,0.5862068965517241,0.06896551724137931,-9.201550233517453,87,0.3333333333333333,0.8850574712643678,0.2988505747126437,-3.632995956074341,0.6781609195402298,0.022988505747126436,2.1635005261711653
691740,"Susac, Daniel",2026,"FF","Giants","R","0.834621221",0,0.1724137931034483,0.19540229885057472,-5.47056830441084,0.7241379310344828,0.08045977011494253,5.939989567015557,0.011494252873563218,7.419689582440253,0.7011494252873564,0.28735632183908044,-10.551742699431491,87,0.16091954022988506,0.896551724137931,0,,0.5747126436781609,0.42528735632183906,2.6836083647694813
676391,"Clement, Ernie",2026,"FC","Blue Jays","R","2.524394684",0.022988505747126436,0.3333333333333333,0.08045977011494253,-8.055724404596125,0.7126436781609196,0.20689655172413793,8.095707197173802,0.25287356321839083,9.380602009174488,0.7011494252873564,0.04597701149425287,-8.364282435962652,87,0.1724137931034483,0.8850574712643678,0.11494252873563218,-3.181425231201906,0.7586206896551724,0.12643678160919541,2.6308679207177565
572233,"Walker, Christian",2026,"CU","Astros","R","7.231680053",0.1724137931034483,0.16091954022988506,0.06896551724137931,-7.117828505513294,0.5402298850574713,0.39080459770114945,11.56464414497637,0.5632183908045977,14.738484448028622,0.40229885057471265,0.034482758620689655,-12.523702084016684,87,0.3563218390804598,0.8620689655172413,0.3333333333333333,-4.341209080601726,0.6666666666666666,0,
592663,"Realmuto, J.T.",2026,"SL","Phillies","R","5.311288546",0.10344827586206896,0.2413793103448276,0.05747126436781609,-4.912097109052525,0.5977011494252874,0.3448275862068966,10.523478506879274,0.3793103448275862,12.057227593549396,0.6091954022988506,0.011494252873563218,-7.173472494604613,87,0.2988505747126437,0.8620689655172413,0.19540229885057472,-4.26587294526912,0.7241379310344828,0.08045977011494253,2.6573456474745143
669477,"Schmitt, Casey",2026,"ST","Giants","R","4.497281934",0.05747126436781609,0.21839080459770116,0.022988505747126436,-5.231257144744879,0.5862068965517241,0.39080459770114945,9.549820953886734,0.4482758620689655,12.436325603699855,0.4942528735632184,0.05747126436781609,-10.635344010315658,87,0.21839080459770116,0.9425287356321839,0.04597701149425287,-2.8381428602920766,0.7241379310344828,0.22988505747126436,2.64088536158418
650489,"Castro, Willi",2026,"SI","Rockies","S","1.223945208",0.04597701149425287,0.2413793103448276,0.04597701149425287,-7.16555292371548,0.7126436781609196,0.2413793103448276,5.86075625502978,0,,0.7471264367816092,0.25287356321839083,-10.23373910570105,87,0.2413793103448276,0.9770114942528736,0.034482758620689655,-3.8328498156598423,0.6436781609195402,0.3218390804597701,3.2126296889650137
664023,"Happ, Ian",2026,"SI","Cubs","S","1.261714766",0.04597701149425287,0.2988505747126437,0.04597701149425287,-4.38778297857585,0.632183908045977,0.3218390804597701,5.601335702798174,0.04597701149425287,8.791349392418233,0.8275862068965517,0.12643678160919541,-9.998079274389825,87,0.13793103448275862,0.9655172413793104,0.022988505747126436,-3.2958101849295183,0.5977011494252874,0.3793103448275862,2.905560913517982
669016,"Marsh, Brandon",2026,"CU","Phillies","L","3.204381694",0.11494252873563218,0.10344827586206896,0.04597701149425287,-5.323748883234352,0.6781609195402298,0.27586206896551724,7.325587379468007,0.5517241379310345,12.538260506642706,0.40229885057471265,0.04597701149425287,-10.048570092665916,87,0.2988505747126437,0.896551724137931,0.3448275862068966,-3.5409443393457716,0.5977011494252874,0.05747126436781609,2.6123577493725176
687093,"Grissom, Vaughn",2026,"SL","Angels","R","4.555049366",0.08045977011494253,0.25287356321839083,0.06896551724137931,-8.064650472957407,0.5977011494252874,0.3333333333333333,10.799966496185093,0.3793103448275862,11.099782376694044,0.5632183908045977,0.05747126436781609,-9.241798530524079,87,0.3563218390804598,0.8275862068965517,0.1839080459770115,-4.005849691718375,0.6896551724137931,0.12643678160919541,2.675148512627891
676391,"Clement, Ernie",2026,"ST","Blue Jays","R","5.088155527",0.05747126436781609,0.1724137931034483,0.08045977011494253,-6.517607103627165,0.5977011494252874,0.3218390804597701,10.948813643042476,0.4482758620689655,12.287596301683589,0.5402298850574713,0.011494252873563218,-9.007578629532608,87,0.2988505747126437,0.8505747126436781,0.1724137931034483,-4.277922879406073,0.632183908045977,0.19540229885057472,2.658079446609295
643446,"McNeil, Jeff",2026,"SL","Athletics","L","4.123067099",0.034482758620689655,0.19540229885057472,0.11494252873563218,-7.207454573091647,0.6781609195402298,0.20689655172413793,8.824322320855966,0.25287356321839083,11.248104493894036,0.6436781609195402,0.10344827586206896,-9.44208424916962,87,0.20689655172413793,0.8620689655172413,0.11494252873563218,-5.227562246811626,0.8160919540229885,0.06896551724137931,2.6025287095905982
668670,"Rogers, Jake",2026,"FF","zMLB","R","0.918113392",0.022988505747126436,0.27586206896551724,0.04597701149425287,-4.978911374137426,0.8390804597701149,0.11494252873563218,5.281410030524114,0.022988505747126436,8.566772576174252,0.8505747126436781,0.12643678160919541,-9.435701950231277,87,0.25287356321839083,0.9770114942528736,0.022988505747126436,-2.6662555847557323,0.6436781609195402,0.3333333333333333,3.0627231943271673
701538,"Merrill, Jackson",2026,"CU","Padres","L","4.681242598",0.11494252873563218,0.11494252873563218,0.034482758620689655,-6.963644634645493,0.5977011494252874,0.367816091954023,8.839369456440856,0.5287356321839081,13.443442534128549,0.4482758620689655,0.022988505747126436,-9.413227715896163,87,0.2988505747126437,0.9425287356321839,0.2988505747126437,-4.205895080114951,0.6551724137931034,0.04597701149425287,2.611981737798839
681198,"Rumfield, TJ",2026,"FC","Rockies","L","0.728131348",0.08045977011494253,0.19540229885057472,0.3448275862068966,-5.775709123344623,0.5517241379310345,0.10344827586206896,5.824566188157743,0.08045977011494253,9.16412700037238,0.6551724137931034,0.26436781609195403,-11.688614202490172,87,0.16091954022988506,0.896551724137931,0.09195402298850575,-2.5024111060126675,0.6896551724137931,0.21839080459770116,2.9266718217874206
665750,"Taveras, Leody",2026,"SL","Orioles","S","2.924382854",0.10344827586206896,0.1839080459770115,0.05747126436781609,-4.676880705469598,0.7126436781609196,0.22988505747126436,7.642142264944999,0.41379310344827586,10.988689604717079,0.5287356321839081,0.05747126436781609,-9.667801326915148,87,0.27586206896551724,0.8850574712643678,0.27586206896551724,-3.3080873927254473,0.6091954022988506,0.11494252873563218,2.928836511251541
656716,"McKinstry, Zach",2026,"SI","Tigers","L","0.592748447",0,0.3953488372093023,0.09302325581395349,-5.509118763982287,0.7209302325581395,0.18604651162790697,6.2950000768271375,0,,0.8837209302325582,0.11627906976744186,-10.545530319228819,86,0.05813953488372093,0.9418604651162791,0.046511627906976744,-2.4986649375904797,0.8023255813953488,0.1511627906976744,2.5835388940864377
808959,"Murakami, Munetaka",2026,"CH","White Sox","L","3.837477373",0.2558139534883721,0.16279069767441862,0.023255813953488372,-5.493595740578835,0.4883720930232558,0.4883720930232558,7.991177819525281,0.4069767441860465,11.959823930978096,0.5232558139534884,0.06976744186046512,-11.560076567484769,86,0.46511627906976744,0.8837209302325582,0.5,-4.029937505303894,0.4069767441860465,0.09302325581395349,2.993622322450921
671056,"Herrera, Iván",2026,"FC","Cardinals","R","3.709596965",0.023255813953488372,0.19767441860465115,0.1511627906976744,-6.543685159789829,0.6162790697674418,0.23255813953488372,10.378782496199651,0.29069767441860467,11.7248064472427,0.6046511627906976,0.10465116279069768,-14.70800654313916,86,0.1744186046511628,0.8837209302325582,0.10465116279069768,-3.20487643771105,0.7558139534883721,0.13953488372093023,2.473197400890369
814439,"Waldschmidt, Ryan",2026,"FF","Diamondbacks","R","0.883680009",0.011627906976744186,0.22093023255813954,0.05813953488372093,-5.048495669139698,0.7674418604651163,0.1744186046511628,6.609203775637251,0.03488372093023256,8.031683110452917,0.7209302325581395,0.2441860465116279,-9.686206542416713,86,0.20930232558139536,0.872093023255814,0,,0.3488372093023256,0.6511627906976745,3.101317713523651
664040,"Lowe, Brandon",2026,"CU","Pirates","L","4.156363257",0.19767441860465115,0.2558139534883721,0.10465116279069768,-6.582706796630255,0.6162790697674418,0.27906976744186046,8.090055899963593,0.29069767441860467,12.964521069967258,0.5697674418604651,0.13953488372093023,-11.339041838756737,86,0.36046511627906974,0.872093023255814,0.43023255813953487,-4.448608658410049,0.5,0.06976744186046512,2.733329943381487
672960,"Okamoto, Kazuma",2026,"CU","Blue Jays","R","5.745839574",0.13953488372093023,0.18604651162790697,0.011627906976744186,-14.400573477738956,0.6976744186046512,0.29069767441860467,9.156125645433649,0.4186046511627907,13.411880856744233,0.5465116279069767,0.03488372093023256,-8.081320092528447,86,0.32558139534883723,0.8255813953488372,0.3372093023255814,-4.927606571042504,0.5813953488372093,0.08139534883720931,2.8453649098773615
645277,"Albies, Ozzie",2026,"FC","Braves","S","1.779649785",0.023255813953488372,0.1744186046511628,0.29069767441860467,-6.741152525799908,0.6744186046511628,0.03488372093023256,4.419845896176885,0.08139534883720931,9.585793782093134,0.7674418604651163,0.1511627906976744,-10.602174978565504,86,0.2441860465116279,0.9418604651162791,0.1744186046511628,-3.883149694622627,0.6511627906976745,0.1744186046511628,3.300495752423535
665923,"Ruiz, Esteury",2026,"FF","Marlins","R","1.282433122",0.09302325581395349,0.19767441860465115,0.20930232558139536,-6.038140160135698,0.6744186046511628,0.11627906976744186,6.435955813371777,0.03488372093023256,8.743218040411705,0.7209302325581395,0.2441860465116279,-11.19097433144292,86,0.3372093023255814,0.9186046511627907,0,,0.43023255813953487,0.5697674418604651,3.3426271028683683
665877,"Fermín, José",2026,"SI","Cardinals","R","1.020569095",0,0.38372093023255816,0.16279069767441862,-5.240082161313641,0.7558139534883721,0.08139534883720931,6.126766232562863,0.023255813953488372,10.573313406131257,0.7558139534883721,0.22093023255813954,-11.070929164011568,86,0.08139534883720931,0.9302325581395349,0.046511627906976744,-3.014649125696053,0.8953488372093024,0.05813953488372093,2.75130627988252
687263,"Neto, Zach",2026,"FC","Angels","R","3.246532677",0.06976744186046512,0.2441860465116279,0.05813953488372093,-6.539459797745,0.6395348837209303,0.3023255813953488,7.711473252649247,0.20930232558139536,11.119948792071073,0.7325581395348837,0.05813953488372093,-11.995360852835544,86,0.20930232558139536,0.9534883720930233,0.13953488372093023,-2.8378700834325308,0.7209302325581395,0.13953488372093023,3.043168032769728
683953,"Bazzana, Travis",2026,"SL","Guardians","L","3.700488077",0.10465116279069768,0.2441860465116279,0.06976744186046512,-6.060516750064181,0.5813953488372093,0.3488372093023256,7.352059160769146,0.27906976744186046,11.721130494358883,0.6511627906976745,0.06976744186046512,-10.094483930599967,86,0.3372093023255814,0.8604651162790697,0.2558139534883721,-4.724533591995079,0.6627906976744186,0.08139534883720931,3.0576532132726415
672960,"Okamoto, Kazuma",2026,"CH","Blue Jays","R","4.202748275",0.16279069767441862,0.16279069767441862,0.023255813953488372,-4.56777008638687,0.5697674418604651,0.4069767441860465,9.571476141877538,0.4069767441860465,12.424077989327559,0.5581395348837209,0.03488372093023256,-10.935338943924524,86,0.36046511627906974,0.9186046511627907,0.26744186046511625,-3.83393745456893,0.6046511627906976,0.12790697674418605,2.9399595291950402
805811,"Eldridge, Bryce",2026,"SL","Giants","L","4.999409911",0.12790697674418605,0.1511627906976744,0.03488372093023256,-6.543141207709544,0.5465116279069767,0.4186046511627907,11.253182915902613,0.46511627906976744,12.927525698158057,0.4883720930232558,0.046511627906976744,-13.277339035706515,86,0.46511627906976744,0.8953488372093024,0.2441860465116279,-4.111299482466169,0.627906976744186,0.12790697674418605,2.669323300418707
543760,"Semien, Marcus",2026,"ST","Mets","R","6.9623938",0.09302325581395349,0.18604651162790697,0.023255813953488372,-7.622666646186088,0.5232558139534884,0.45348837209302323,9.688918930355628,0.3023255813953488,11.80219784024077,0.627906976744186,0.06976744186046512,-9.068926859931072,86,0.2441860465116279,0.8023255813953488,0.1744186046511628,-3.0100137330625105,0.6395348837209303,0.18604651162790697,2.868619442125743
804606,"Griffin, Konnor",2026,"SL","Pirates","R","6.046525085",0.19767441860465115,0.19767441860465115,0.08139534883720931,-5.403446402235983,0.5,0.4186046511627907,11.61350705532222,0.4186046511627907,13.831360045659038,0.5581395348837209,0.023255813953488372,-12.742668165944028,86,0.36046511627906974,0.9534883720930233,0.27906976744186046,-3.8858174492448887,0.6744186046511628,0.046511627906976744,2.8860537152822903
646240,"Devers, Rafael",2026,"ST","Giants","L","3.605336753",0.11627906976744186,0.09302325581395349,0.05813953488372093,-6.104880941130292,0.5813953488372093,0.36046511627906974,9.959784396643803,0.37209302325581395,13.068882024806113,0.5581395348837209,0.06976744186046512,-11.371368480736074,86,0.36046511627906974,0.8488372093023255,0.11627906976744186,-3.75149924360271,0.5,0.38372093023255816,2.984621589894918
671976,"Peters, Tristan",2026,"CH","White Sox","L","3.28403782",0.11764705882352941,0.17647058823529413,0.023529411764705882,-4.550453224768837,0.6588235294117647,0.3176470588235294,8.262428625049951,0.47058823529411764,12.628803467573293,0.5176470588235295,0.011764705882352941,-9.038690952057081,85,0.2823529411764706,0.9294117647058824,0.25882352941176473,-3.3737184583147544,0.6235294117647059,0.11764705882352941,2.5837755145334067
664023,"Happ, Ian",2026,"CU","Cubs","S","4.248336226",0.15294117647058825,0.12941176470588237,0.03529411764705882,-5.737631873720016,0.6,0.36470588235294116,9.67712070487284,0.5176470588235295,14.002470187933874,0.43529411764705883,0.047058823529411764,-9.633019104836741,85,0.4588235294117647,0.8941176470588236,0.36470588235294116,-4.110452391475458,0.5058823529411764,0.12941176470588237,3.1021011221853088
671976,"Peters, Tristan",2026,"SL","White Sox","L","3.40136317",0.058823529411764705,0.2823529411764706,0.11764705882352941,-6.7756186338325985,0.7647058823529411,0.11764705882352941,8.813461329428575,0.29411764705882354,12.867233882657633,0.6588235294117647,0.047058823529411764,-11.064399258401235,85,0.3411764705882353,0.8470588235294118,0.27058823529411763,-4.918046416022186,0.6,0.12941176470588237,3.365416886226399
641487,"Crawford, J.P.",2026,"SI","Mariners","L","0.263701277",0,0.3058823529411765,0.2,-5.624620648260099,0.7176470588235294,0.08235294117647059,5.217238913321483,0.011764705882352941,8.722449984912652,0.7411764705882353,0.24705882352941178,-10.007113559488982,85,0.058823529411764705,0.8941176470588236,0,,0.8352941176470589,0.16470588235294117,2.4452684560030034
605170,"Caratini, Victor",2026,"SI","Twins","S","0.681630655",0.011764705882352941,0.4,0.047058823529411764,-5.178034036815852,0.7647058823529411,0.18823529411764706,5.583928730895106,0,,0.7529411764705882,0.24705882352941178,-9.489086560453826,85,0.08235294117647059,0.9647058823529412,0.058823529411764705,-2.2258139554721272,0.8,0.1411764705882353,2.7958581957118955
677649,"Duran, Ezequiel",2026,"CH","Rangers","R","2.996923414",0.047058823529411764,0.16470588235294117,0.09411764705882353,-5.051206466454776,0.611764705882353,0.29411764705882354,8.891496873798298,0.32941176470588235,12.769969096284152,0.611764705882353,0.058823529411764705,-11.760360247430745,85,0.18823529411764706,0.9176470588235294,0.16470588235294117,-2.7695344270693196,0.7411764705882353,0.09411764705882353,3.0385786173364
694192,"Chourio, Jackson",2026,"ST","Brewers","R","5.721320501",0.2,0.16470588235294117,0.03529411764705882,-6.161866031224322,0.5058823529411764,0.4588235294117647,10.050719178929127,0.5058823529411764,13.422936223687888,0.4588235294117647,0.03529411764705882,-9.81328866302627,85,0.29411764705882354,0.8823529411764706,0.25882352941176473,-3.442736235231366,0.6470588235294118,0.09411764705882353,2.821969577278811
696285,"Young, Jacob",2026,"SL","Nationals","R","5.067442773",0.11764705882352941,0.29411764705882354,0.07058823529411765,-4.946416187391493,0.5647058823529412,0.36470588235294116,9.954674093045579,0.38823529411764707,12.485685114375048,0.611764705882353,0,,85,0.3058823529411765,0.9647058823529412,0.2235294117647059,-3.580918526186035,0.7058823529411765,0.07058823529411765,2.4922882251479774
596142,"Sánchez, Gary",2026,"FF","Brewers","R","1.53567783",0.023529411764705882,0.29411764705882354,0.1411764705882353,-5.421325624417019,0.788235294117647,0.07058823529411765,8.21384122770288,0.011764705882352941,8.53126100640408,0.6941176470588235,0.29411764705882354,-10.216029954907878,85,0.2235294117647059,0.9411764705882353,0,,0.5294117647058824,0.47058823529411764,3.3878074603564605
683002,"Henderson, Gunnar",2026,"CU","Orioles","L","3.898475175",0.07058823529411765,0.21176470588235294,0.07058823529411765,-7.040216242826148,0.7176470588235294,0.21176470588235294,8.479058058436417,0.5294117647058824,13.758120344614674,0.4235294117647059,0.047058823529411764,-10.510073793113586,85,0.24705882352941178,0.8705882352941177,0.24705882352941178,-4.276076876702328,0.7176470588235294,0.03529411764705882,3.312801116570281
663616,"Larnach, Trevor",2026,"SL","Twins","L","5.131468832",0.16470588235294117,0.09411764705882353,0.08235294117647059,-5.535654797855451,0.4588235294117647,0.4588235294117647,11.32303751036068,0.6588235294117647,13.305052392810989,0.3176470588235294,0.023529411764705882,-9.104912162278964,85,0.43529411764705883,0.9529411764705882,0.2235294117647059,-4.029229566423639,0.6941176470588235,0.08235294117647059,2.660568516569643
545361,"Trout, Mike",2026,"CH","Angels","R","3.46832179",0.09411764705882353,0.11764705882352941,0.07058823529411765,-5.059023047938559,0.5294117647058824,0.4,8.735022443265796,0.49411764705882355,11.621367007812584,0.47058823529411764,0.03529411764705882,-10.661043253660651,85,0.32941176470588235,0.8941176470588236,0.2235294117647059,-3.3081983064222094,0.6941176470588235,0.08235294117647059,2.645063042540967
681624,"Pages, Andy",2026,"FC","Dodgers","R","2.412346354",0.023529411764705882,0.25882352941176473,0.1411764705882353,-5.536427290488953,0.6588235294117647,0.2,8.63612252076325,0.08235294117647059,8.530213388611216,0.7294117647058823,0.18823529411764706,-11.42302975439201,85,0.1411764705882353,0.8941176470588236,0.023529411764705882,-3.5855642627366944,0.6588235294117647,0.3176470588235294,2.9048851447274364
703607,"Bolte, Henry",2026,"SL","Athletics","R","4.394899817",0.2235294117647059,0.16470588235294117,0.09411764705882353,-6.487562534850615,0.4823529411764706,0.4235294117647059,8.820431452089396,0.5294117647058824,12.032506669388537,0.43529411764705883,0.03529411764705882,-11.456970775610046,85,0.4588235294117647,0.9058823529411765,0.4470588235294118,-4.291036169638565,0.5176470588235295,0.03529411764705882,2.571656323758253
686765,"Sogard, Nick",2026,"FF","Red Sox","S","0.934166373",0,0.35294117647058826,0.047058823529411764,-4.89058087964035,0.9411764705882353,0.011764705882352941,4.8749973901153965,0,,0.8117647058823529,0.18823529411764706,-9.607417340995253,85,0.1411764705882353,0.9058823529411765,0,,0.6823529411764706,0.3176470588235294,2.963428258157295
607208,"Turner, Trea",2026,"CU","Phillies","R","6.283420836",0.10588235294117647,0.17647058823529413,0.03529411764705882,-6.018098230762086,0.4470588235294118,0.5176470588235295,11.009037834990172,0.611764705882353,14.863296971781715,0.32941176470588235,0.058823529411764705,-9.205808783103741,85,0.32941176470588235,0.9529411764705882,0.2,-3.237303468715966,0.788235294117647,0.011764705882352941,3.003650310636115
665862,"Chisholm Jr., Jazz",2026,"CH","Yankees","L","3.832945154",0.18823529411764706,0.32941176470588235,0.058823529411764705,-6.661157139336203,0.6352941176470588,0.3058823529411765,8.624145053896404,0.36470588235294116,11.806291958048407,0.5529411764705883,0.08235294117647059,-8.38005222971688,85,0.3176470588235294,0.8941176470588236,0.35294117647058826,-3.8080284917839733,0.6235294117647059,0.023529411764705882,2.4896917019270965
683357,"Caissie, Owen",2026,"CH","Marlins","L","4.661733029",0.15294117647058825,0.12941176470588237,0.011764705882352941,-66.0437001889026,0.32941176470588235,0.6588235294117647,8.570480917914063,0.5294117647058824,11.490162362854628,0.47058823529411764,0,,85,0.43529411764705883,0.9764705882352941,0.2823529411764706,-3.2331266892160784,0.6941176470588235,0.023529411764705882,2.193695291938895
677951,"Witt Jr., Bobby",2026,"CH","Royals","R","1.936516158",0.011764705882352941,0.3058823529411765,0.047058823529411764,-6.118140374658325,0.4823529411764706,0.47058823529411764,7.642623566583383,0.27058823529411763,11.086305272899311,0.6823529411764706,0.047058823529411764,-10.481083294546565,85,0.2,0.9529411764705882,0.10588235294117647,-3.0841410606055417,0.8,0.09411764705882353,2.6318873188555894
676475,"Burleson, Alec",2026,"ST","Cardinals","L","4.393948704",0.09411764705882353,0.2,0.11764705882352941,-6.4927094477602685,0.5882352941176471,0.29411764705882354,9.78463259114402,0.32941176470588235,12.767940110507608,0.5294117647058824,0.1411764705882353,-8.32833532048648,85,0.2823529411764706,0.8117647058823529,0.2235294117647059,-4.1740537945361185,0.6588235294117647,0.11764705882352941,3.1169139836417674
572233,"Walker, Christian",2026,"ST","Astros","R","6.102632546",0.058823529411764705,0.11764705882352941,0.047058823529411764,-5.147113050340709,0.5058823529411764,0.4470588235294118,13.018522044650382,0.5529411764705883,13.912700848595554,0.43529411764705883,0.011764705882352941,-8.858593985104255,85,0.4117647058823529,0.8235294117647058,0.09411764705882353,-4.986815430008202,0.7411764705882353,0.16470588235294117,2.7091818133417997
677951,"Witt Jr., Bobby",2026,"FC","Royals","R","3.152926743",0.047619047619047616,0.2619047619047619,0.05952380952380952,-4.291626196608882,0.6071428571428571,0.3333333333333333,9.424344195460721,0.15476190476190477,11.376531038001437,0.6904761904761905,0.15476190476190477,-10.575383072382312,84,0.2976190476190476,0.9404761904761905,0.05952380952380952,-2.4306679331551906,0.6309523809523809,0.30952380952380953,3.047619292729008
606192,"Hernández, Teoscar",2026,"CH","Dodgers","R","2.890987063",0.10714285714285714,0.13095238095238096,0.011904761904761904,-5.023720402969094,0.4166666666666667,0.5714285714285714,8.558072450697601,0.5,11.401091560964506,0.44047619047619047,0.05952380952380952,-10.58883989311451,84,0.39285714285714285,0.9285714285714286,0.23809523809523808,-2.8438299540834757,0.6547619047619048,0.10714285714285714,2.474922083448731
686217,"Frelick, Sal",2026,"SI","Brewers","L","0.1",0,0.4166666666666667,0.13095238095238096,-6.056885249099681,0.7380952380952381,0.13095238095238096,5.425141345461918,0.023809523809523808,8.872309636000658,0.8690476190476191,0.10714285714285714,-9.134059832384022,84,0.011904761904761904,0.9523809523809523,0.011904761904761904,-2.38296150898436,0.7261904761904762,0.2619047619047619,2.58012092639471
693304,"Gonzales, Nick",2026,"CH","Pirates","R","3.838031984",0.13095238095238096,0.19047619047619047,0.05952380952380952,-5.83436227731272,0.4880952380952381,0.4523809523809524,8.507771984511724,0.32142857142857145,13.646490667104054,0.6071428571428571,0.07142857142857142,-13.026161004880672,84,0.32142857142857145,0.9404761904761905,0.25,-3.5329302606820248,0.6904761904761905,0.05952380952380952,3.398497256662222
669224,"Wells, Austin",2026,"SL","Yankees","L","4.190712104",0.09523809523809523,0.17857142857142858,0.11904761904761904,-6.896902473989254,0.5714285714285714,0.30952380952380953,10.780024244276833,0.2857142857142857,10.733782813328187,0.6428571428571429,0.07142857142857142,-10.872636911014887,84,0.4166666666666667,0.8333333333333334,0.2261904761904762,-4.732922883622465,0.5833333333333334,0.19047619047619047,3.3619060071387743
670764,"Walls, Taylor",2026,"SI","Rays","S","0.741184757",0.03571428571428571,0.44047619047619047,0.011904761904761904,-5.116286413834825,0.7857142857142857,0.20238095238095238,5.721806946213144,0.03571428571428571,10.119968244890396,0.8452380952380952,0.11904761904761904,-10.963943704569992,84,0.13095238095238096,0.9404761904761905,0.047619047619047616,-2.463924227046898,0.7261904761904762,0.2261904761904762,2.760104513071673
682663,"Ramírez, Agustín",2026,"SI","Marlins","R","1.615540879",0.011904761904761904,0.27380952380952384,0.19047619047619047,-6.885779861646806,0.6428571428571429,0.16666666666666666,6.965022990510851,0.07142857142857142,9.733082793218601,0.7380952380952381,0.19047619047619047,-10.37540810422193,84,0.17857142857142858,0.9404761904761905,0.09523809523809523,-3.6751336197011044,0.6428571428571429,0.2619047619047619,2.830199153887245
656537,"Hill, Derek",2026,"FF","zMLB","R","1.276934964",0.09523809523809523,0.23809523809523808,0.011904761904761904,-4.517195705672584,0.7142857142857143,0.27380952380952384,5.893637234758253,0,,0.6428571428571429,0.35714285714285715,-10.575498822825885,84,0.3333333333333333,0.9166666666666666,0,,0.47619047619047616,0.5238095238095238,3.540409622653618
664034,"France, Ty",2026,"ST","Padres","R","4.026348685",0.023809523809523808,0.17857142857142858,0.05952380952380952,-5.968349784245129,0.5357142857142857,0.40476190476190477,9.334666791077758,0.36904761904761907,11.657525603449844,0.5357142857142857,0.09523809523809523,-9.004543465482136,84,0.20238095238095238,0.8809523809523809,0.05952380952380952,-2.688191334820385,0.7619047619047619,0.17857142857142858,2.570903014853523
683734,"Vaughn, Andrew",2026,"SI","Brewers","R","0.866063353",0,0.40476190476190477,0.03571428571428571,-6.095208088680571,0.8214285714285714,0.14285714285714285,6.290580573955597,0.011904761904761904,7.169787746861742,0.8333333333333334,0.15476190476190477,-10.305561958475455,84,0.05952380952380952,0.9761904761904762,0.09523809523809523,-2.6816351078792464,0.8214285714285714,0.08333333333333333,2.364502830865323
608701,"Refsnyder, Rob",2026,"FF","Mariners","R","0.801675422",0.03571428571428571,0.23809523809523808,0.11904761904761904,-5.107543942244147,0.8333333333333334,0.047619047619047616,5.1461531585446085,0,,0.7023809523809523,0.2976190476190476,-9.869553457525052,84,0.27380952380952384,0.9880952380952381,0.011904761904761904,-2.2644009645238197,0.6071428571428571,0.38095238095238093,3.1630389258592944
592626,"Pederson, Joc",2026,"CU","Rangers","L","5.356148286",0.14285714285714285,0.2619047619047619,0.10714285714285714,-6.819098610670387,0.6785714285714286,0.21428571428571427,6.925702326318545,0.3333333333333333,13.3883645204581,0.5357142857142857,0.13095238095238096,-10.333189638439814,84,0.23809523809523808,0.8928571428571429,0.30952380952380953,-5.374062203401125,0.6547619047619048,0.03571428571428571,3.0010229834395403
691723,"Mayo, Coby",2026,"SI","Orioles","R","2.211990273",0.011904761904761904,0.20238095238095238,0.19047619047619047,-7.041623922594264,0.5833333333333334,0.2261904761904762,7.317482751884839,0.023809523809523808,10.967178786488041,0.8571428571428571,0.11904761904761904,-10.243265559633159,84,0.16666666666666666,0.9285714285714286,0.14285714285714285,-3.4537907490646167,0.6666666666666666,0.19047619047619047,2.8830224183911426
691016,"Soderstrom, Tyler",2026,"CH","Athletics","L","4.096718692",0.19047619047619047,0.09523809523809523,0,,0.4523809523809524,0.5476190476190477,8.625010668378758,0.5357142857142857,12.606366734250752,0.4166666666666667,0.047619047619047616,-10.698646517393966,84,0.36904761904761907,0.9285714285714286,0.2976190476190476,-3.2494832940328098,0.6666666666666666,0.03571428571428571,2.8637475770483363
678882,"Rafaela, Ceddanne",2026,"FC","Red Sox","R","2.20017547",0.03571428571428571,0.2857142857142857,0.03571428571428571,-5.304508628424439,0.7142857142857143,0.25,8.055639780378973,0.14285714285714285,10.546433284171815,0.6666666666666666,0.19047619047619047,-9.996040863227732,84,0.23809523809523808,0.9642857142857143,0.11904761904761904,-3.104994436849569,0.7142857142857143,0.16666666666666666,2.5451371422821003
694212,"Basallo, Samuel",2026,"CH","Orioles","L","2.992741184",0.10714285714285714,0.2857142857142857,0,,0.5952380952380952,0.40476190476190477,7.974375201294241,0.36904761904761907,12.038544133338043,0.5952380952380952,0.03571428571428571,-11.388533234165232,84,0.2857142857142857,0.9761904761904762,0.2261904761904762,-3.1930608114857906,0.6428571428571429,0.13095238095238096,3.0101884369710037
664023,"Happ, Ian",2026,"FC","Cubs","S","1.588432895",0.024096385542168676,0.2289156626506024,0.18072289156626506,-5.638391187045485,0.7469879518072289,0.07228915662650602,7.532731293123385,0.07228915662650602,10.27700881381655,0.7108433734939759,0.21686746987951808,-10.416644530352663,83,0.25301204819277107,0.891566265060241,0.12048192771084337,-2.628547980733304,0.5903614457831325,0.2891566265060241,3.415620995545764
669003,"Mitchell, Garrett",2026,"SI","Brewers","L","1.78325796",0,0.26506024096385544,0.1566265060240964,-6.6067381136274586,0.6746987951807228,0.1686746987951807,6.487447653861075,0,,0.7710843373493976,0.2289156626506024,-10.614397501484982,83,0.18072289156626506,0.9156626506024096,0.25301204819277107,-3.0704602700857886,0.6746987951807228,0.07228915662650602,3.2519571692817717
667670,"Rooker, Brent",2026,"FF","Athletics","R","0.940954508",0.060240963855421686,0.26506024096385544,0.0963855421686747,-6.028977061207586,0.7951807228915663,0.10843373493975904,6.822844457203001,0,,0.7228915662650602,0.27710843373493976,-11.864953743339745,83,0.3614457831325301,0.9156626506024096,0.012048192771084338,-2.2413280266295397,0.4578313253012048,0.5301204819277109,2.967624358724455
641857,"McMahon, Ryan",2026,"SL","Yankees","L","6.377402548",0.13253012048192772,0.21686746987951808,0.10843373493975904,-5.715004415396145,0.6024096385542169,0.2891566265060241,10.544655232104773,0.3132530120481928,13.429549618689531,0.6385542168674698,0.04819277108433735,-12.73289239916281,83,0.37349397590361444,0.8554216867469879,0.30120481927710846,-6.027577238077612,0.5662650602409639,0.13253012048192772,2.8020925419748983
691718,"Crow-Armstrong, Pete",2026,"FC","Cubs","L","1.573256492",0.03614457831325301,0.10843373493975904,0.26506024096385544,-7.099110327201779,0.6144578313253012,0.12048192771084337,8.802597742686483,0.08433734939759036,11.857730692597599,0.7469879518072289,0.1686746987951807,-12.601494015684215,83,0.3373493975903614,0.9036144578313253,0.0963855421686747,-3.3965015805165066,0.5662650602409639,0.3373493975903614,3.2802672507799784
702284,"Young, Cole",2026,"FC","Mariners","L","1.204433373",0.012048192771084338,0.2289156626506024,0.1566265060240964,-6.696883050439354,0.6746987951807228,0.1686746987951807,7.119015493032494,0.07228915662650602,9.350289491116717,0.7469879518072289,0.18072289156626506,-11.415487400107432,83,0.24096385542168675,0.8674698795180723,0.03614457831325301,-3.4682147936185794,0.6867469879518072,0.27710843373493976,3.1568259048353267
607208,"Turner, Trea",2026,"FC","Phillies","R","3.074391045",0.03614457831325301,0.10843373493975904,0.060240963855421686,-6.153799622991902,0.4457831325301205,0.4939759036144578,8.980202085909337,0.3614457831325301,11.683137207929958,0.5542168674698795,0.08433734939759036,-11.521386926793449,83,0.30120481927710846,0.9518072289156626,0.08433734939759036,-2.844677662644614,0.7710843373493976,0.14457831325301204,2.8480614960114843
701762,"Kurtz, Nick",2026,"CH","Athletics","L","4.04933626",0.18072289156626506,0.13253012048192772,0.024096385542168676,-5.894772924933994,0.3855421686746988,0.5903614457831325,8.067083157131057,0.3614457831325301,12.76556296070413,0.6024096385542169,0.03614457831325301,-10.988507825810526,83,0.39759036144578314,0.9397590361445783,0.3132530120481928,-3.8819178351450154,0.5783132530120482,0.10843373493975904,2.9145261090445547
681198,"Rumfield, TJ",2026,"ST","Rockies","L","3.263195737",0.0963855421686747,0.24096385542168675,0.10843373493975904,-7.127128031944008,0.5421686746987951,0.3493975903614458,8.383224200184662,0.37349397590361444,12.217887545096143,0.6024096385542169,0.024096385542168676,-8.99797100704213,83,0.24096385542168675,0.8313253012048193,0.1566265060240964,-3.010696968550972,0.7469879518072289,0.0963855421686747,2.467093178594989
678882,"Rafaela, Ceddanne",2026,"CU","Red Sox","R","7.467938227",0.10843373493975904,0.24096385542168675,0.024096385542168676,-5.032557699507713,0.6024096385542169,0.37349397590361444,12.75587304924316,0.3855421686746988,15.575166182552563,0.5421686746987951,0.07228915662650602,-8.965555898524606,83,0.30120481927710846,0.927710843373494,0.2289156626506024,-4.073855364138982,0.7349397590361446,0.03614457831325301,2.475645917907291
669127,"Langeliers, Shea",2026,"ST","Athletics","R","6.482707772",0.07228915662650602,0.1927710843373494,0.024096385542168676,-5.341907242336598,0.3855421686746988,0.5903614457831325,9.868323428998144,0.4819277108433735,13.062576449695271,0.5060240963855421,0.012048192771084338,-9.044357038274429,83,0.2891566265060241,0.8674698795180723,0.10843373493975904,-2.587989572182342,0.7710843373493976,0.12048192771084337,2.302654045365342
805300,"Marsee, Jakob",2026,"SL","Marlins","L","6.363057641",0.03614457831325301,0.20481927710843373,0.1566265060240964,-7.204750313583926,0.6746987951807228,0.1686746987951807,11.770299500352841,0.27710843373493976,12.399947127113288,0.6506024096385542,0.07228915662650602,-13.303649025593955,83,0.30120481927710846,0.7951807228915663,0.20481927710843373,-7.617054850348609,0.6265060240963856,0.1686746987951807,2.8176882237484597
665953,"Chaparro, Andrés",2026,"FF","Nationals","R","1.61415778",0.03614457831325301,0.2289156626506024,0.060240963855421686,-6.065667038370566,0.8072289156626506,0.13253012048192772,6.959141419398467,0.03614457831325301,10.75233016699786,0.6987951807228916,0.26506024096385544,-11.166647924198484,83,0.1927710843373494,0.9036144578313253,0,,0.3855421686746988,0.6144578313253012,3.102704865449222
666126,"Cortes, Carlos",2026,"SI","Athletics","L","1.116640382",0.024096385542168676,0.30120481927710846,0.024096385542168676,-4.647828930488389,0.6385542168674698,0.3373493975903614,6.416006696114725,0.012048192771084338,7.175042414385414,0.8674698795180723,0.12048192771084337,-11.187841792185324,83,0.21686746987951808,0.9156626506024096,0.08433734939759036,-2.9398204315492844,0.4939759036144578,0.42168674698795183,3.0039862397454615
803011,"Antonacci, Sam",2026,"SL","White Sox","L","2.447540896",0.012048192771084338,0.3253012048192771,0.060240963855421686,-6.457920642159444,0.7590361445783133,0.18072289156626506,7.458291170911133,0.10843373493975904,9.980375850570809,0.7951807228915663,0.0963855421686747,-11.801948404354867,83,0.1927710843373494,0.8674698795180723,0.20481927710843373,-3.862021426616439,0.7349397590361446,0.060240963855421686,2.4836406772034967
682177,"Schneemann, Daniel",2026,"SL","Guardians","L","4.111259631",0.2073170731707317,0.18292682926829268,0.08536585365853659,-5.633852257165514,0.5487804878048781,0.36585365853658536,8.955018117446043,0.32926829268292684,11.713168301355863,0.6463414634146342,0.024390243902439025,-10.078059804421645,82,0.43902439024390244,0.9024390243902439,0.4268292682926829,-4.20298007093125,0.4878048780487805,0.08536585365853659,2.4056374748042755
656941,"Schwarber, Kyle",2026,"FC","Phillies","L","1.988642785",0.10975609756097561,0.2073170731707317,0.21951219512195122,-6.567742806877659,0.6463414634146342,0.13414634146341464,6.621918422947319,0.15853658536585366,9.356596006544313,0.6951219512195121,0.14634146341463414,-10.399561051153736,82,0.3048780487804878,0.9390243902439024,0.10975609756097561,-3.2919106431345684,0.7073170731707317,0.18292682926829268,3.650281149340278
656305,"Chapman, Matt",2026,"SL","Giants","R","2.201520124",0.0975609756097561,0.15853658536585366,0.036585365853658534,-6.708337044925854,0.5853658536585366,0.3780487804878049,7.061931322909154,0.45121951219512196,12.60691610148738,0.43902439024390244,0.10975609756097561,-12.134952990874234,82,0.3048780487804878,0.9512195121951219,0.15853658536585366,-3.08350066894461,0.6951219512195121,0.14634146341463414,3.1510107507480307
660271,"Ohtani, Shohei",2026,"FC","Dodgers","L","1.633689701",0.06097560975609756,0.2926829268292683,0.10975609756097561,-5.6224830914772665,0.7926829268292683,0.0975609756097561,8.758523026720571,0.07317073170731707,10.291791677865682,0.7195121951219512,0.2073170731707317,-11.011718295320604,82,0.2682926829268293,0.9146341463414634,0.13414634146341464,-3.5758775183415143,0.5609756097560976,0.3048780487804878,2.931323420074481
661388,"Contreras, William",2026,"FC","Brewers","R","2.708443369",0.036585365853658534,0.3780487804878049,0.0975609756097561,-5.301059706839239,0.6829268292682927,0.21951219512195122,8.066732502778116,0.13414634146341464,9.80512877498843,0.8170731707317073,0.04878048780487805,-11.07042872096461,82,0.15853658536585366,0.926829268292683,0.14634146341463414,-2.8734995564481167,0.7317073170731707,0.12195121951219512,2.6836113854456167
679529,"Torkelson, Spencer",2026,"ST","Tigers","R","4.739879453",0.15853658536585366,0.0975609756097561,0.04878048780487805,-6.722468941992231,0.36585365853658536,0.5853658536585366,10.809975085204096,0.5975609756097561,13.076281608706978,0.3902439024390244,0.012195121951219513,-12.317241657595101,82,0.4878048780487805,0.8292682926829268,0.17073170731707318,-3.784120625885112,0.7073170731707317,0.12195121951219512,2.5994055257760977
671277,"García Jr., Luis",2026,"CU","zMLB","L","5.274668745",0.0975609756097561,0.15853658536585366,0.04878048780487805,-8.124963251211678,0.5975609756097561,0.35365853658536583,7.55599324911936,0.524390243902439,13.336168814043742,0.43902439024390244,0.036585365853658534,-10.243798717181411,82,0.3048780487804878,0.8536585365853658,0.32926829268292684,-5.062886149322634,0.6585365853658537,0.012195121951219513,2.1938376707177274
642350,"Siri, Jose",2026,"FF","Angels","R","1.541670538",0.0975609756097561,0.15853658536585366,0.024390243902439025,-4.414683341422817,0.7195121951219512,0.25609756097560976,6.482357966955559,0.024390243902439025,11.678119437994084,0.6341463414634146,0.34146341463414637,-12.141766072965488,82,0.32926829268292684,0.9024390243902439,0,,0.3170731707317073,0.6829268292682927,3.3784212194846077
666160,"Moniak, Mickey",2026,"SL","Rockies","L","3.956261216",0.14634146341463414,0.21951219512195122,0.08536585365853659,-5.241364635631248,0.5975609756097561,0.3170731707317073,9.059929611456578,0.3780487804878049,12.14506377031538,0.6097560975609756,0.012195121951219513,-7.716234796238022,82,0.3780487804878049,0.9024390243902439,0.24390243902439024,-3.8960018333813213,0.6707317073170732,0.08536585365853659,2.8920401208447135
641343,"Bauers, Jake",2026,"CH","Brewers","L","4.559848158",0.21951219512195122,0.21951219512195122,0.04878048780487805,-7.477405045992814,0.5121951219512195,0.43902439024390244,9.128376821289304,0.43902439024390244,11.999468564460399,0.5609756097560976,0,,82,0.4634146341463415,0.8902439024390244,0.3780487804878049,-3.783631954559025,0.5975609756097561,0.024390243902439025,2.4461018446348266
686469,"Pasquantino, Vinnie",2026,"CH","Royals","L","3.193253886",0.04878048780487805,0.18292682926829268,0.024390243902439025,-6.282907475144189,0.5487804878048781,0.4268292682926829,9.270324235717322,0.573170731707317,12.602924256534719,0.4024390243902439,0.024390243902439025,-7.799552998733677,82,0.2926829268292683,0.9634146341463414,0.0975609756097561,-3.8243300803298927,0.8536585365853658,0.04878048780487805,2.175369817049502
642086,"Smith, Dominic",2026,"SI","Braves","L","3.093790562",0.012195121951219513,0.3048780487804878,0.036585365853658534,-6.640597779101579,0.6951219512195121,0.2682926829268293,6.330368361180337,0.04878048780487805,8.493537872106543,0.7560975609756098,0.1951219512195122,-10.801530087501241,82,0.08536585365853659,0.9146341463414634,0.06097560975609756,-4.601712481386418,0.7195121951219512,0.21951219512195122,2.837485366294523
657656,"Laureano, Ramón",2026,"SI","Padres","R","1.066683392",0.024390243902439025,0.2804878048780488,0.15853658536585366,-6.770605361463603,0.6951219512195121,0.14634146341463414,6.41516936653145,0.012195121951219513,12.506715382328625,0.8292682926829268,0.15853658536585366,-10.046087721771617,82,0.18292682926829268,0.926829268292683,0.07317073170731707,-3.1345534057418014,0.6341463414634146,0.2926829268292683,3.187515256820454
645277,"Albies, Ozzie",2026,"ST","Braves","S","1.585443001",0.06097560975609756,0.17073170731707318,0.21951219512195122,-6.176428347999341,0.6341463414634146,0.14634146341463414,9.088455628761501,0.2804878048780488,12.409253253226462,0.6707317073170732,0.04878048780487805,-10.682702168812968,82,0.3048780487804878,0.9146341463414634,0.1951219512195122,-3.138872519156634,0.6097560975609756,0.1951219512195122,2.7394292225761694
666971,"Gurriel Jr., Lourdes",2026,"SI","Diamondbacks","R","1.074307435",0,0.3170731707317073,0.2926829268292683,-5.916299315597971,0.6829268292682927,0.024390243902439025,8.58864322238867,0.06097560975609756,8.288182524260458,0.8170731707317073,0.12195121951219512,-9.592829712731975,82,0.0975609756097561,0.926829268292683,0.15853658536585366,-2.8448402463095506,0.8048780487804879,0.036585365853658534,2.4772239468937864
677594,"Rodríguez, Julio",2026,"ST","Mariners","R","4.104522063",0.0975609756097561,0.07317073170731707,0.07317073170731707,-5.553052815021452,0.4634146341463415,0.4634146341463415,11.263179350772385,0.5487804878048781,13.838073751055214,0.4024390243902439,0.04878048780487805,-9.840375584653785,82,0.34146341463414637,0.9024390243902439,0.036585365853658534,-3.3040523020865518,0.7439024390243902,0.21951219512195122,2.7237708160826144
682997,"Callihan, Tyler",2026,"FF","Pirates","L","1.036817808",0.037037037037037035,0.12345679012345678,0.06172839506172839,-4.653571181332065,0.8765432098765432,0.06172839506172839,5.207465066407053,0.012345679012345678,9.483256832829195,0.6419753086419753,0.345679012345679,-10.573863704316448,81,0.41975308641975306,0.9506172839506173,0.024691358024691357,-3.2054784945926853,0.345679012345679,0.6296296296296297,3.4938608327285055
665487,"Tatis Jr., Fernando",2026,"ST","Padres","R","5.031661917",0.1111111111111111,0.18518518518518517,0.012345679012345678,-5.531419857905373,0.5802469135802469,0.4074074074074074,9.926614271334278,0.48148148148148145,13.492816814904243,0.49382716049382713,0.024691358024691357,-8.710748674317633,81,0.3333333333333333,0.9012345679012346,0.2345679012345679,-3.8755175510270883,0.6172839506172839,0.14814814814814814,2.546354992571957
694208,"Ballesteros, Moisés",2026,"SL","zMLB","L","4.633171802",0.13580246913580246,0.2345679012345679,0.037037037037037035,-7.610621037976252,0.6419753086419753,0.32098765432098764,8.528573271413496,0.35802469135802467,12.343726149209983,0.5432098765432098,0.09876543209876543,-9.607028430271276,81,0.2839506172839506,0.9135802469135802,0.30864197530864196,-3.9804252239168365,0.6296296296296297,0.06172839506172839,2.556884927986748
695600,"Jensen, Carter",2026,"ST","Royals","L","4.085496018",0.07407407407407407,0.19753086419753085,0.12345679012345678,-7.731212263108589,0.6049382716049383,0.2716049382716049,7.837574888084286,0.43209876543209874,10.963983623460852,0.4691358024691358,0.09876543209876543,-9.60870924263353,81,0.30864197530864196,0.8518518518518519,0.16049382716049382,-6.928415866252707,0.5925925925925926,0.24691358024691357,2.783319390015921
678662,"Tovar, Ezequiel",2026,"CH","Rockies","R","4.441265957",0.1728395061728395,0.14814814814814814,0.037037037037037035,-6.360818587475744,0.4444444444444444,0.5185185185185185,10.107216880644852,0.5061728395061729,13.807596024297494,0.4691358024691358,0.024691358024691357,-11.028804318254325,81,0.41975308641975306,0.9629629629629629,0.2222222222222222,-3.1024168788581132,0.6666666666666666,0.1111111111111111,2.5880385224989793
606192,"Hernández, Teoscar",2026,"SL","Dodgers","R","4.327834733",0.18518518518518517,0.20987654320987653,0.06172839506172839,-4.575039557098746,0.5555555555555556,0.38271604938271603,11.056912516022646,0.345679012345679,12.986736956143345,0.5432098765432098,0.1111111111111111,-12.158654535392044,81,0.43209876543209874,0.8518518518518519,0.24691358024691357,-3.2405022655143174,0.5432098765432098,0.20987654320987653,3.226570797867943
642715,"Adames, Willy",2026,"CH","Giants","R","4.013997465",0.14814814814814814,0.12345679012345678,0.14814814814814814,-6.016593241887589,0.4691358024691358,0.38271604938271603,8.843373094427905,0.4691358024691358,12.61632838709349,0.48148148148148145,0.04938271604938271,-12.91479351870569,81,0.38271604938271603,0.8641975308641975,0.41975308641975306,-3.5266143837358044,0.5061728395061729,0.07407407407407407,2.9992514262243573
669127,"Langeliers, Shea",2026,"CH","Athletics","R","3.88563181",0.14814814814814814,0.20987654320987653,0.04938271604938271,-6.2092734799329845,0.4444444444444444,0.5061728395061729,9.005391055029342,0.4691358024691358,12.0083253585331,0.5061728395061729,0.024691358024691357,-9.560223041041532,81,0.35802469135802467,0.9506172839506173,0.2222222222222222,-2.9469929306671863,0.7283950617283951,0.04938271604938271,3.01880190945919
642715,"Adames, Willy",2026,"ST","Giants","R","4.42943087",0.08641975308641975,0.09876543209876543,0.037037037037037035,-6.472965556842513,0.5308641975308642,0.43209876543209874,10.314230385727603,0.6049382716049383,12.752614352521766,0.35802469135802467,0.037037037037037035,-9.559710301457848,81,0.345679012345679,0.7654320987654321,0.13580246913580246,-3.4584038585368586,0.7283950617283951,0.13580246913580246,3.257060625235133
805367,"Meidroth, Chase",2026,"FC","White Sox","R","2.657019207",0.06172839506172839,0.20987654320987653,0.012345679012345678,-4.456326869982625,0.6296296296296297,0.35802469135802467,7.399685694447107,0.25925925925925924,10.251253037109583,0.654320987654321,0.08641975308641975,-10.946571535480581,81,0.18518518518518517,0.8888888888888888,0.07407407407407407,-2.78167237038504,0.6296296296296297,0.2962962962962963,2.9522105121338122
647304,"Naylor, Josh",2026,"FC","Mariners","L","2.443861544",0.012345679012345678,0.1728395061728395,0.30864197530864196,-6.397297376933324,0.5925925925925926,0.09876543209876543,7.1887042915909625,0.13580246913580246,9.746778236356787,0.7777777777777778,0.08641975308641975,-9.374538577390158,81,0.13580246913580246,0.9135802469135802,0.07407407407407407,-4.3992136228822405,0.691358024691358,0.2345679012345679,2.572760506794142
701398,"Stewart, Sal",2026,"CH","Reds","R","2.711424761",0.08641975308641975,0.1728395061728395,0.037037037037037035,-4.749243181464316,0.6049382716049383,0.35802469135802467,7.921028167831031,0.2962962962962963,13.493380462143561,0.6172839506172839,0.08641975308641975,-11.882112079836157,81,0.25925925925925924,0.9012345679012346,0.2962962962962963,-3.1642042934956454,0.6296296296296297,0.07407407407407407,3.4688030072712905
623168,"Heineman, Tyler",2026,"FF","zMLB","S","0.978706418",0.024691358024691357,0.19753086419753085,0.1111111111111111,-5.796973614073684,0.7654320987654321,0.12345679012345678,6.776104035799553,0.06172839506172839,9.409687176253254,0.6296296296296297,0.30864197530864196,-11.482059329142114,81,0.12345679012345678,0.8395061728395061,0,,0.4567901234567901,0.5432098765432098,3.03663892420714
665489,"Guerrero Jr., Vladimir",2026,"CH","Blue Jays","R","2.668535463",0.04938271604938271,0.25925925925925924,0.037037037037037035,-6.152096622123495,0.5432098765432098,0.41975308641975306,8.919404638997081,0.4444444444444444,12.55219427278787,0.5308641975308642,0.024691358024691357,-9.57944926639972,81,0.2839506172839506,0.9506172839506173,0.037037037037037035,-2.601949221586229,0.8518518518518519,0.1111111111111111,2.8873600115402414
624413,"Alonso, Pete",2026,"ST","Orioles","R","4.349427077",0.09876543209876543,0.19753086419753085,0.037037037037037035,-7.580924359257095,0.5061728395061729,0.4567901234567901,9.257571033433976,0.35802469135802467,12.264288943635062,0.5802469135802469,0.06172839506172839,-9.15915637190303,81,0.3333333333333333,0.8395061728395061,0.2345679012345679,-3.844450631932371,0.654320987654321,0.1111111111111111,2.445625598981666
683357,"Caissie, Owen",2026,"SL","Marlins","L","2.94013068",0.1728395061728395,0.2345679012345679,0.024691358024691357,-4.403246208575803,0.6666666666666666,0.30864197530864196,6.9505016872836345,0.37037037037037035,11.25905960863361,0.5555555555555556,0.07407407407407407,-9.939663974180002,81,0.345679012345679,0.9259259259259259,0.3333333333333333,-3.4149873351656397,0.5679012345679012,0.09876543209876543,3.527588873176382
592626,"Pederson, Joc",2026,"SL","Rangers","L","3.79548521",0.12345679012345678,0.20987654320987653,0.1111111111111111,-7.237477068442828,0.6666666666666666,0.2222222222222222,9.786135918595468,0.2716049382716049,12.415959517619003,0.5925925925925926,0.13580246913580246,-11.452500866271654,81,0.41975308641975306,0.8271604938271605,0.32098765432098764,-5.15369384608432,0.5432098765432098,0.13580246913580246,3.4637834065437154
660271,"Ohtani, Shohei",2026,"ST","Dodgers","L","3.117255891",0.0875,0.225,0.0625,-4.829547569351355,0.6125,0.325,8.168851319587604,0.475,12.302046572501515,0.4875,0.0375,-14.700338100674024,80,0.325,0.9,0.15,-3.885202874942576,0.7125,0.1375,3.218473869509914
660670,"Acuña Jr., Ronald",2026,"FC","Braves","R","1.888649117",0.1125,0.0875,0.2375,-6.794996317867149,0.5625,0.2,8.689403010986167,0.1,9.751809402269078,0.5875,0.3125,-10.386167086087873,80,0.325,0.9,0.2125,-3.5307761504290784,0.575,0.2125,3.716876534994926
661388,"Contreras, William",2026,"ST","Brewers","R","3.878597007",0.0625,0.225,0.0375,-5.375745033149688,0.5125,0.45,8.216073342806121,0.475,11.879770757395058,0.525,0,,80,0.25,0.875,0.2,-3.181782077290124,0.725,0.075,2.6136509367735354
673237,"Diaz, Yainer",2026,"SI","Astros","R","0.715471731",0.025,0.2625,0.225,-5.012425004154685,0.6375,0.1375,6.2279318003482445,0,,0.75,0.25,-9.822560118600986,80,0.15,0.9625,0.0875,-2.854083082483083,0.625,0.2875,2.7917239852206954
666176,"Adell, Jo",2026,"FC","zMLB","R","2.458038125",0.0125,0.175,0.1625,-8.064126858510054,0.575,0.2625,8.26252080428354,0.175,10.951449130881185,0.725,0.1,-12.046635148706052,80,0.2375,0.95,0.0375,-7.710926133329484,0.5875,0.375,2.8169272645657224
666969,"García, Adolis",2026,"SL","Phillies","R","3.25684656",0.1125,0.25,0.025,-5.261742107005242,0.625,0.35,9.263240963400921,0.4,11.90594565802362,0.5375,0.0625,-12.07740399229557,80,0.3625,0.9125,0.2625,-3.4616017883020707,0.55,0.1875,3.096874405005343
669003,"Mitchell, Garrett",2026,"CH","Brewers","L","3.411665803",0.3125,0.05,0,,0.2375,0.7625,7.754310430583878,0.45,12.341638951308033,0.4875,0.0625,-8.818951908487994,80,0.6,0.9625,0.625,-3.6582294924438292,0.3625,0.0125,2.7801955505106437
665489,"Guerrero Jr., Vladimir",2026,"FC","Blue Jays","R","1.592011976",0.025,0.2625,0.075,-4.847017927307838,0.625,0.3,7.455748295079449,0.1,10.95712487308042,0.825,0.075,-13.167040838126596,80,0.225,0.925,0.0625,-3.0986915523617524,0.6125,0.325,2.8395707883553403
683737,"Busch, Michael",2026,"FC","Cubs","L","2.583088468",0.0375,0.1625,0.1625,-5.294000988196125,0.75,0.0875,7.599830285154579,0.1125,8.827164209157946,0.7375,0.15,-11.690417985579034,80,0.15,0.9125,0.1,-4.609257314752257,0.6625,0.2375,2.818396367905197
663743,"Fortes, Nick",2026,"SL","Rays","R","3.889743608",0.0875,0.2875,0.1375,-5.485240078649556,0.5625,0.3,11.774343948948093,0.35,13.132130733437824,0.6125,0.0375,-9.370833660346348,80,0.325,0.8875,0.1875,-3.902545190467624,0.775,0.0375,2.5343993487968857
643446,"McNeil, Jeff",2026,"FC","Athletics","L","2.08560648",0.0375,0.2125,0.2,-5.865972791574643,0.725,0.075,9.991007406672734,0.075,10.043487453713407,0.75,0.175,-10.641896082400669,80,0.1625,0.925,0.0875,-3.3362017232492236,0.7125,0.2,3.0530291197677935
687515,"Thomas, Colby",2026,"FF","Athletics","R","1.010519118",0.0375,0.125,0.0875,-5.707094747377556,0.8,0.1125,5.326259326443521,0.0125,9.055239602903754,0.65,0.3375,-10.815623890249865,80,0.2875,0.9125,0.0125,-6.4844916508212505,0.3,0.6875,3.239705399537145
683146,"Baty, Brett",2026,"SL","Mets","L","4.837742995",0.1375,0.2375,0.0625,-5.936893884121274,0.6625,0.275,11.534054655242528,0.3375,14.023544015698617,0.5875,0.075,-11.612782134931267,80,0.375,0.8875,0.325,-3.481527120663666,0.5625,0.1125,3.3161624182202294
701675,"Church, Nathan",2026,"SL","Cardinals","L","3.195490389",0.05,0.2875,0.1125,-8.008224418377127,0.6625,0.225,9.011808610366003,0.375,13.184573832404723,0.5875,0.0375,-10.8446907215163,80,0.2,0.95,0.075,-3.3835869004158847,0.725,0.2,2.653409289767981
680776,"Duran, Jarren",2026,"FC","Red Sox","L","1.927245394",0.0375,0.25,0.225,-6.4311167846870365,0.6,0.175,7.309035902683329,0.1,10.550746320740377,0.8375,0.0625,-10.381721427861379,80,0.2375,0.95,0.1,-4.315410698128426,0.65,0.25,2.88462395345602
672724,"Peraza, Oswald",2026,"CH","Angels","R","2.850026877",0.0625,0.1125,0.0375,-5.392320579746531,0.45,0.5125,8.387907057632157,0.4875,11.769482073837716,0.5,0.0125,-9.666401014607318,80,0.375,0.975,0.2,-3.1971823745279533,0.6875,0.1125,2.5900961313518067
681082,"Stott, Bryson",2026,"CH","Phillies","L","3.39841595",0.0375,0.3125,0.025,-6.055439703916436,0.625,0.35,7.965615218917631,0.2625,12.718300960111975,0.7125,0.025,-10.827372196828295,80,0.2,0.9,0.1875,-2.8414534414566726,0.775,0.0375,2.786552882524885
656811,"O'Hearn, Ryan",2026,"CU","Pirates","L","3.890594903",0.15,0.175,0.0625,-5.793261787101638,0.75,0.1875,7.0556402212605525,0.5875,12.986272827378581,0.4125,0,,80,0.35,0.9,0.4625,-4.299751516985384,0.5125,0.025,2.5410677334669165
805300,"Marsee, Jakob",2026,"CH","Marlins","L","5.78080637",0.0375,0.2,0.025,-7.791059334433371,0.5125,0.4625,11.965791810065845,0.5,13.720412169746359,0.475,0.025,-10.186688425505345,80,0.35,0.9625,0.025,-2.799164066492333,0.8375,0.1375,2.7287779078195724
805300,"Marsee, Jakob",2026,"FC","Marlins","L","3.923699372",0,0.17721518987341772,0.22784810126582278,-5.59529451123862,0.6962025316455697,0.0759493670886076,9.107074922231028,0.10126582278481013,11.387583983468538,0.7215189873417721,0.17721518987341772,-11.402004304116256,79,0.11392405063291139,0.8607594936708861,0.05063291139240506,-4.787424910700011,0.569620253164557,0.379746835443038,2.7399859307955046
665561,"Marchán, Rafael",2026,"FF","Phillies","S","1.007095457",0.02531645569620253,0.3670886075949367,0.0379746835443038,-4.3877691729891,0.8227848101265823,0.13924050632911392,6.029602636007097,0.012658227848101266,9.911601304724917,0.8734177215189873,0.11392405063291139,-11.782294722164416,79,0.11392405063291139,0.9493670886075949,0,,0.5822784810126582,0.4177215189873418,2.759537089078352
660688,"Ruiz, Keibert",2026,"SL","Nationals","S","3.449341353",0,0.2911392405063291,0.1518987341772152,-6.397169517555541,0.6455696202531646,0.20253164556962025,10.297927371359888,0.379746835443038,12.229895689751585,0.620253164556962,0,,79,0.20253164556962025,0.8607594936708861,0.10126582278481013,-3.7114219249747675,0.8354430379746836,0.06329113924050633,2.8321881187811893
691723,"Mayo, Coby",2026,"ST","Orioles","R","5.65448664",0.06329113924050633,0.1518987341772152,0.08860759493670886,-6.766837910783249,0.4177215189873418,0.4936708860759494,12.168550136536986,0.4050632911392405,14.56512729935346,0.5189873417721519,0.0759493670886076,-13.207897430629037,79,0.3670886075949367,0.8354430379746836,0.0759493670886076,-3.9399291723854244,0.6962025316455697,0.22784810126582278,2.7997410503842204
542303,"Ozuna, Marcell",2026,"SL","Pirates","R","5.448428788",0.20253164556962025,0.10126582278481013,0.08860759493670886,-6.073349763760709,0.4050632911392405,0.5063291139240507,10.997946993816262,0.46835443037974683,13.557881554551974,0.45569620253164556,0.0759493670886076,-11.813914049944039,79,0.4936708860759494,0.8860759493670886,0.31645569620253167,-3.6588159883837648,0.5822784810126582,0.10126582278481013,2.4926956029490706
803011,"Antonacci, Sam",2026,"FC","White Sox","L","1.53413905",0.0379746835443038,0.24050632911392406,0.17721518987341772,-6.1020242846166735,0.6708860759493671,0.1518987341772152,7.2146364473395295,0.05063291139240506,14.49155856802038,0.8227848101265823,0.12658227848101267,-10.601827084699535,79,0.16455696202531644,0.9240506329113924,0.12658227848101267,-2.9243653878937423,0.7848101265822784,0.08860759493670886,2.9674477425721824
663968,"Mangum, Jake",2026,"FC","Pirates","S","1.205940578",0.0379746835443038,0.2911392405063291,0.13924050632911392,-6.095108639971216,0.7341772151898734,0.12658227848101267,5.973512672247688,0.0379746835443038,10.142977488763671,0.6962025316455697,0.26582278481012656,-9.820356550645002,79,0.11392405063291139,0.9113924050632911,0.06329113924050633,-2.914209623767326,0.7215189873417721,0.21518987341772153,3.167918111477406
668901,"Vientos, Mark",2026,"SI","Mets","R","1.302311888",0.02531645569620253,0.26582278481012656,0.21518987341772153,-5.43577892804707,0.6582278481012658,0.12658227848101267,9.127611190881758,0,,0.6962025316455697,0.3037974683544304,-10.555046843149524,79,0.11392405063291139,0.9113924050632911,0.11392405063291139,-2.677533707225325,0.7721518987341772,0.11392405063291139,2.9436339790614228
682657,"Martínez, Angel",2026,"SL","Guardians","S","4.004991713",0.06329113924050633,0.189873417721519,0.16455696202531644,-8.069536818690318,0.6962025316455697,0.13924050632911392,11.068112778181764,0.3924050632911392,12.395026291250582,0.5569620253164557,0.05063291139240506,-9.68425470504655,79,0.24050632911392406,0.8987341772151899,0.189873417721519,-5.0886256804393994,0.6962025316455697,0.11392405063291139,2.9080629192007565
646240,"Devers, Rafael",2026,"FC","Giants","L","2.017402779",0.08860759493670886,0.31645569620253167,0.0759493670886076,-6.597651742363288,0.759493670886076,0.16455696202531644,9.060528998184312,0.012658227848101266,7.333054263142884,0.7088607594936709,0.27848101265822783,-13.093209699487064,79,0.31645569620253167,0.8987341772151899,0.0379746835443038,-2.7363456816336384,0.5443037974683544,0.4177215189873418,4.092933770163121
518692,"Freeman, Freddie",2026,"ST","Dodgers","L","3.804599255",0.05063291139240506,0.24050632911392406,0.08860759493670886,-8.969029985689007,0.7215189873417721,0.189873417721519,10.44527900300173,0.2911392405063291,11.061135062512689,0.6455696202531646,0.06329113924050633,-10.356844302030053,79,0.27848101265822783,0.8987341772151899,0.16455696202531644,-3.7317336567616226,0.6455696202531646,0.189873417721519,2.918714010789832
672275,"Bailey, Patrick",2026,"SI","zMLB","S","1.845326147",0.05063291139240506,0.25316455696202533,0.02531645569620253,-4.647873199551608,0.5063291139240507,0.46835443037974683,7.522085929384077,0.0759493670886076,10.351663508842204,0.7341772151898734,0.189873417721519,-12.102792056396193,79,0.12658227848101267,0.9620253164556962,0.0379746835443038,-2.868065916544621,0.6075949367088608,0.35443037974683544,2.90285787263922
665019,"Clemens, Kody",2026,"CH","Twins","L","2.334045424",0.02531645569620253,0.34177215189873417,0,,0.6075949367088608,0.3924050632911392,7.1806187683938045,0.3037974683544304,12.12244967801091,0.6582278481012658,0.0379746835443038,-10.816232097729994,79,0.26582278481012656,0.9113924050632911,0.189873417721519,-3.268670940386443,0.759493670886076,0.05063291139240506,2.5328052766925913
657041,"Thomas, Lane",2026,"FC","zMLB","R","1.741592588",0.11392405063291139,0.17721518987341772,0.189873417721519,-5.7868669598101095,0.620253164556962,0.189873417721519,7.994656583244155,0.21518987341772153,11.050975642790059,0.5822784810126582,0.20253164556962025,-9.346568285882864,79,0.3291139240506329,0.9367088607594937,0.12658227848101267,-3.5308275153235673,0.6075949367088608,0.26582278481012656,2.88686279789516
700932,"Manzardo, Kyle",2026,"SI","Guardians","L","1.050674801",0.02531645569620253,0.3037974683544304,0.08860759493670886,-4.991624903645385,0.7215189873417721,0.189873417721519,6.025597319008134,0,,0.8607594936708861,0.13924050632911392,-9.99863193788909,79,0.20253164556962025,0.9113924050632911,0.012658227848101266,-2.5264026591884736,0.7341772151898734,0.25316455696202533,3.57181063344606
694377,"Yorke, Nick",2026,"FF","Pirates","R","1.402065372",0.0379746835443038,0.12658227848101267,0.08860759493670886,-6.49979859137809,0.7721518987341772,0.13924050632911392,6.191749737317443,0,,0.7341772151898734,0.26582278481012656,-9.141633423270365,79,0.24050632911392406,0.9113924050632911,0.012658227848101266,-2.3169768760523515,0.4050632911392405,0.5822784810126582,3.2413780610157397
666139,"Lowe, Josh",2026,"SI","Angels","L","1.277174768",0.02531645569620253,0.20253164556962025,0.11392405063291139,-5.89103417625074,0.5822784810126582,0.3037974683544304,6.5772329122513895,0,,0.759493670886076,0.24050632911392406,-10.815660743813321,79,0.16455696202531644,0.9367088607594937,0.012658227848101266,-2.2938008963675673,0.6582278481012658,0.3291139240506329,2.927185796396206
669397,"Allen, Nick",2026,"FF","Astros","R","0.628541506",0.02531645569620253,0.24050632911392406,0.17721518987341772,-4.8697304270010315,0.7468354430379747,0.0759493670886076,6.3697225904725245,0,,0.8607594936708861,0.13924050632911392,-9.606674124934182,79,0.31645569620253167,0.8607594936708861,0,,0.5443037974683544,0.45569620253164556,2.817138868383575
676356,"DeLuca, Jonny",2026,"SL","Rays","R","5.383976785",0.17721518987341772,0.189873417721519,0.08860759493670886,-6.962223279478172,0.5316455696202531,0.379746835443038,9.420425040495497,0.4050632911392405,12.9151624910651,0.5443037974683544,0.05063291139240506,-12.214827611896997,79,0.4050632911392405,0.8481012658227848,0.34177215189873417,-4.896961622160165,0.6329113924050633,0.02531645569620253,3.0781883237602137
670541,"Alvarez, Yordan",2026,"FC","Astros","L","1.189540977",0.012658227848101266,0.2911392405063291,0.0759493670886076,-5.894652960749663,0.8481012658227848,0.0759493670886076,7.610929224034068,0.06329113924050633,10.019594665897438,0.7341772151898734,0.20253164556962025,-10.579635850442983,79,0.189873417721519,0.9367088607594937,0.012658227848101266,-5.562760732989105,0.5443037974683544,0.4430379746835443,2.9900122276738674
672386,"Kirk, Alejandro",2026,"FF","Blue Jays","R","0.704250257",0.0759493670886076,0.24050632911392406,0.02531645569620253,-4.991839251496355,0.7974683544303798,0.17721518987341772,6.773032579081354,0,,0.6835443037974683,0.31645569620253167,-9.979026204068912,79,0.22784810126582278,0.8860759493670886,0,,0.6582278481012658,0.34177215189873417,2.9087900943436846
805811,"Eldridge, Bryce",2026,"FC","Giants","L","1.594769855",0.05063291139240506,0.27848101265822783,0.06329113924050633,-6.412112531604665,0.7848101265822784,0.1518987341772152,7.7553775127223386,0.10126582278481013,9.152677884263655,0.7215189873417721,0.17721518987341772,-11.66446507892533,79,0.20253164556962025,0.9493670886075949,0.08860759493670886,-2.557227512927296,0.6075949367088608,0.3037974683544304,3.2984495636149527
806068,"Emerson, Colt",2026,"SI","Mariners","L","1.018967373",0.0641025641025641,0.15384615384615385,0.2564102564102564,-6.280168683121699,0.5512820512820513,0.19230769230769232,7.353200386425589,0,,0.5897435897435898,0.41025641025641024,-10.815064088584844,78,0.20512820512820512,0.8974358974358975,0.08974358974358974,-3.265639007464045,0.6794871794871795,0.23076923076923078,2.645895646307969
700250,"Rice, Ben",2026,"FC","Yankees","L","1.725534288",0.02564102564102564,0.32051282051282054,0.23076923076923078,-5.489652714028696,0.6282051282051282,0.14102564102564102,7.912056615045243,0.07692307692307693,9.325666962069965,0.8717948717948718,0.05128205128205128,-12.72561461613306,78,0.1794871794871795,0.9615384615384616,0.07692307692307693,-3.8361545907521917,0.7948717948717948,0.1282051282051282,3.0042380845809458
605170,"Caratini, Victor",2026,"CH","Twins","S","4.802947011",0.21794871794871795,0.28205128205128205,0.02564102564102564,-4.688891475793813,0.5256410256410257,0.44871794871794873,8.619854514591056,0.47435897435897434,11.936424040254334,0.5,0.02564102564102564,-8.090021826395889,78,0.3333333333333333,0.9615384615384616,0.3076923076923077,-4.071344171444514,0.6666666666666666,0.02564102564102564,2.2156632652777635
592518,"Machado, Manny",2026,"FC","Padres","R","1.690744796",0.01282051282051282,0.2564102564102564,0.0641025641025641,-5.3174232648688875,0.6666666666666666,0.2692307692307692,7.112766151407659,0.20512820512820512,11.501643083065147,0.6923076923076923,0.10256410256410256,-11.625045403205045,78,0.14102564102564102,0.9358974358974359,0,,0.7435897435897436,0.2564102564102564,2.6510731067932585
703601,"Clark, Max",2026,"FF","Tigers","L","1.487497726",0.038461538461538464,0.23076923076923078,0.14102564102564102,-6.179492468762907,0.7692307692307693,0.08974358974358974,6.345374394524837,0.01282051282051282,8.490241886602407,0.8205128205128205,0.16666666666666666,-11.730546656723913,78,0.1282051282051282,0.9358974358974359,0,,0.717948717948718,0.28205128205128205,2.9229365296012206
656716,"McKinstry, Zach",2026,"CH","Tigers","L","2.004124779",0.038461538461538464,0.21794871794871795,0.02564102564102564,-4.124247448151635,0.47435897435897434,0.5,7.150001088286346,0.34615384615384615,11.259837944103221,0.6153846153846154,0.038461538461538464,-8.986186463403431,78,0.2564102564102564,0.9487179487179487,0.14102564102564102,-2.98400115958329,0.7692307692307693,0.08974358974358974,2.511097965100947
823550,"Song, Sung-Mun",2026,"FF","Padres","L","0.958907102",0.02564102564102564,0.23076923076923078,0.1282051282051282,-5.484722349098107,0.7564102564102564,0.11538461538461539,8.740873467706688,0,,0.7692307692307693,0.23076923076923078,-10.874074867703602,78,0.1794871794871795,0.9487179487179487,0.01282051282051282,-2.3788232819726507,0.5,0.48717948717948717,2.9785088486779885
650333,"Arraez, Luis",2026,"CH","zMLB","L","3.47998249",0.01282051282051282,0.2948717948717949,0.01282051282051282,-5.596618476402206,0.717948717948718,0.2692307692307692,7.354766008110443,0.3333333333333333,10.562431184582557,0.6538461538461539,0.01282051282051282,-7.829308420760225,78,0.0641025641025641,0.9615384615384616,0.05128205128205128,-2.941740191420132,0.8846153846153846,0.0641025641025641,2.5331421276745614
655316,"Monasterio, Andruw",2026,"SI","Red Sox","R","0.680725506",0.02564102564102564,0.2948717948717949,0.08974358974358974,-5.604723654788221,0.7564102564102564,0.15384615384615385,6.499283932592869,0.01282051282051282,7.9944125337332235,0.6538461538461539,0.3333333333333333,-10.496550269128388,78,0.08974358974358974,0.8589743589743589,0.038461538461538464,-2.694463311535756,0.7051282051282052,0.2564102564102564,2.7845407302831036
609280,"Andujar, Miguel",2026,"SL","Padres","R","4.55016227",0.0641025641025641,0.19230769230769232,0.0641025641025641,-4.762969331045824,0.6282051282051282,0.3076923076923077,10.136129551677032,0.3974358974358974,12.298082777337791,0.5641025641025641,0.038461538461538464,-9.346607076711178,78,0.2564102564102564,0.8205128205128205,0.1794871794871795,-3.56164669497713,0.717948717948718,0.10256410256410256,2.6309767190211537
682622,"Marte, Noelvi",2026,"SI","Reds","R","1.370102451",0.038461538461538464,0.21794871794871795,0.21794871794871795,-6.349277810201655,0.6923076923076923,0.08974358974358974,5.915360813993682,0,,0.717948717948718,0.28205128205128205,-9.9500961692703,78,0.21794871794871795,0.9358974358974359,0.16666666666666666,-3.184213400094039,0.6410256410256411,0.19230769230769232,3.2429169665637896
701852,"Cavanaugh, Drew",2026,"FF","Giants","L","0.626469296",0.01282051282051282,0.16666666666666666,0.07692307692307693,-4.982836135587618,0.8717948717948718,0.05128205128205128,5.476837239864917,0.01282051282051282,10.063640221821922,0.7564102564102564,0.23076923076923078,-8.942633237234682,78,0.23076923076923078,0.9230769230769231,0.01282051282051282,-2.070297952938613,0.34615384615384615,0.6410256410256411,3.02012844052222
543877,"Vázquez, Christian",2026,"SI","Astros","R","0.450895934",0,0.358974358974359,0.19230769230769232,-6.141127183226374,0.7051282051282052,0.10256410256410256,6.56881315420112,0,,0.7435897435897436,0.2564102564102564,-10.089944549235438,78,0.038461538461538464,0.8974358974358975,0.038461538461538464,-2.8140129590539833,0.8205128205128205,0.14102564102564102,2.5210922696759512
691777,"Muncy, Max",2026,"SL","Athletics","R","3.383951293",0.16666666666666666,0.15384615384615385,0.08974358974358974,-7.665000265425347,0.5,0.41025641025641024,9.728510094192696,0.4230769230769231,13.352523438251442,0.5128205128205128,0.0641025641025641,-17.135373309907845,78,0.47435897435897434,0.9102564102564102,0.32051282051282054,-3.694666922386151,0.5384615384615384,0.14102564102564102,3.154002509601847
694192,"Chourio, Jackson",2026,"FC","Brewers","R","2.276140991",0.07692307692307693,0.2564102564102564,0.0641025641025641,-7.5767109615916475,0.5641025641025641,0.3717948717948718,8.72527271678524,0.11538461538461539,9.534871047066337,0.717948717948718,0.16666666666666666,-12.210109277075231,78,0.32051282051282054,0.8846153846153846,0.11538461538461539,-3.55146919537673,0.6538461538461539,0.23076923076923078,3.1221325037396435
666023,"Fermin, Freddy",2026,"SI","Padres","R","1.570365797",0.02564102564102564,0.3076923076923077,0.15384615384615385,-6.981589996665608,0.7564102564102564,0.08974358974358974,9.697434419894144,0.01282051282051282,7.73033375094552,0.8205128205128205,0.16666666666666666,-9.495792904683224,78,0.08974358974358974,0.9487179487179487,0.1794871794871795,-2.7715526134982245,0.7435897435897436,0.07692307692307693,2.602345794189537
608324,"Bregman, Alex",2026,"ST","Cubs","R","4.014653152",0.0641025641025641,0.24358974358974358,0.0641025641025641,-4.982343028721294,0.5384615384615384,0.3974358974358974,8.275163174152297,0.4358974358974359,12.680250759972234,0.5512820512820513,0.01282051282051282,-16.331493286590966,78,0.21794871794871795,0.8076923076923077,0.1282051282051282,-4.578102946707343,0.8333333333333334,0.038461538461538464,2.2392989842028506
543309,"Higashioka, Kyle",2026,"FF","Rangers","R","0.531064187",0.01282051282051282,0.28205128205128205,0.14102564102564102,-6.184300495083398,0.8205128205128205,0.038461538461538464,4.642886775459072,0,,0.7564102564102564,0.24358974358974358,-9.775361142890715,78,0.1282051282051282,0.9358974358974359,0.02564102564102564,-2.1658025323518766,0.6666666666666666,0.3076923076923077,2.700057665434144
608324,"Bregman, Alex",2026,"CH","Cubs","R","2.940681072",0.10256410256410256,0.2692307692307692,0.02564102564102564,-5.2724793575116085,0.5641025641025641,0.41025641025641024,7.99023459602319,0.4230769230769231,12.52234492408823,0.5512820512820513,0.02564102564102564,-7.733936828435622,78,0.2564102564102564,0.9230769230769231,0.21794871794871795,-3.0638396684770823,0.7564102564102564,0.02564102564102564,2.645713643923351
687263,"Neto, Zach",2026,"CU","Angels","R","5.141439844",0.2564102564102564,0.1282051282051282,0.038461538461538464,-4.439411404352114,0.44871794871794873,0.5128205128205128,9.005628021618183,0.5128205128205128,13.591282717695591,0.44871794871794873,0.038461538461538464,-14.313170817857308,78,0.5256410256410257,0.8461538461538461,0.48717948717948717,-4.326641233355516,0.5128205128205128,0,
670623,"Paredes, Isaac",2026,"FC","Astros","R","2.984582529",0.0641025641025641,0.19230769230769232,0.15384615384615385,-5.469030874010005,0.5769230769230769,0.2692307692307692,7.4727386395721584,0.16666666666666666,10.054937108901816,0.6923076923076923,0.14102564102564102,-10.639045482146456,78,0.14102564102564102,0.9358974358974359,0.038461538461538464,-2.5026867386947793,0.6538461538461539,0.3076923076923077,2.848470929469751
605141,"Betts, Mookie",2026,"SL","Dodgers","R","4.042294519",0.07692307692307693,0.32051282051282054,0,,0.6025641025641025,0.3974358974358974,9.240265004579129,0.32051282051282054,10.833176202416176,0.5769230769230769,0.10256410256410256,-9.867016445554246,78,0.28205128205128205,0.8461538461538461,0.16666666666666666,-3.3477429747297154,0.7564102564102564,0.07692307692307693,2.4270891284315264
805811,"Eldridge, Bryce",2026,"CH","Giants","L","5.041212767",0.1794871794871795,0.16666666666666666,0.02564102564102564,-6.864075262064995,0.2948717948717949,0.6794871794871795,9.171768576675307,0.4230769230769231,12.92863095675682,0.5641025641025641,0.01282051282051282,-13.1483253433871,78,0.3974358974358974,0.9487179487179487,0.23076923076923078,-3.359879406731323,0.7051282051282052,0.0641025641025641,3.161275001665888
624428,"Frazier, Adam",2026,"FF","Angels","L","1.503653697",0.0641025641025641,0.1794871794871795,0.05128205128205128,-6.235926328352308,0.8205128205128205,0.1282051282051282,7.711724287872156,0.038461538461538464,10.715090212859817,0.6282051282051282,0.3333333333333333,-11.030568033267311,78,0.23076923076923078,0.8589743589743589,0.02564102564102564,-2.5822610460110793,0.6025641025641025,0.3717948717948718,3.319065544037632
624641,"Sosa, Edmundo",2026,"SI","Phillies","R","1.478327718",0.02564102564102564,0.19230769230769232,0.32051282051282054,-7.266289159596067,0.6025641025641025,0.07692307692307693,7.7448120741540905,0,,0.7564102564102564,0.24358974358974358,-11.32559951065358,78,0.14102564102564102,0.9102564102564102,0.1282051282051282,-3.005488825061752,0.7435897435897436,0.1282051282051282,3.278533516398973
691788,"Mack, Joe",2026,"CH","Marlins","L","4.782369506",0.3076923076923077,0.1282051282051282,0,,0.32051282051282054,0.6794871794871795,9.92057708017373,0.5384615384615384,13.976249497165185,0.4230769230769231,0.038461538461538464,-10.09498384686434,78,0.5256410256410257,0.9230769230769231,0.5128205128205128,-3.2776885920649574,0.4358974358974359,0.05128205128205128,2.328870062434422
641680,"Heim, Jonah",2026,"CH","zMLB","S","3.604107846",0.19230769230769232,0.20512820512820512,0,,0.5256410256410257,0.47435897435897434,7.175637247878762,0.5641025641025641,11.841411229059656,0.4230769230769231,0.01282051282051282,-8.047586098507088,78,0.2692307692307692,0.9615384615384616,0.2692307692307692,-3.5066770410537935,0.6538461538461539,0.07692307692307693,2.4389408069741276
593428,"Bogaerts, Xander",2026,"SL","Padres","R","5.114484111",0.15584415584415584,0.12987012987012986,0.06493506493506493,-5.746701682819258,0.5324675324675324,0.4025974025974026,10.870823850857239,0.5584415584415584,11.834092838757051,0.38961038961038963,0.05194805194805195,-8.173950542414289,77,0.36363636363636365,0.8571428571428571,0.3116883116883117,-3.658010623480906,0.6233766233766234,0.06493506493506493,2.4542686206900837
687401,"Ortiz, Joey",2026,"SL","Brewers","R","3.530158715",0.05194805194805195,0.2987012987012987,0.07792207792207792,-6.079868366493832,0.6623376623376623,0.2597402597402597,9.371094974389573,0.36363636363636365,12.646091505031428,0.5844155844155844,0.05194805194805195,-8.593160516605382,77,0.22077922077922077,0.8961038961038961,0.15584415584415584,-3.324156222685181,0.7142857142857143,0.12987012987012986,2.727239354876286
689414,"Hicks, Liam",2026,"SL","zMLB","L","3.559910964",0.012987012987012988,0.2857142857142857,0.16883116883116883,-5.696915474024097,0.5974025974025974,0.23376623376623376,9.21915188031492,0.2857142857142857,11.160297047704693,0.6753246753246753,0.03896103896103896,-8.183489689667075,77,0.24675324675324675,0.9090909090909091,0.18181818181818182,-4.1504497955280195,0.7012987012987013,0.11688311688311688,2.407258654860631
662139,"Varsho, Daulton",2026,"CH","zMLB","L","1.885740124",0.05194805194805195,0.16883116883116883,0.025974025974025976,-5.938681544536628,0.5584415584415584,0.4155844155844156,7.157742267070545,0.33766233766233766,10.9033897170248,0.6363636363636364,0.025974025974025976,-10.843618083295542,77,0.19480519480519481,0.922077922077922,0.18181818181818182,-2.7786025440708837,0.7792207792207793,0.03896103896103896,2.535622171603546
571448,"Arenado, Nolan",2026,"CH","Diamondbacks","R","5.689236363",0.15584415584415584,0.2077922077922078,0.03896103896103896,-5.55648970112605,0.6233766233766234,0.33766233766233766,11.276264652919739,0.4805194805194805,13.072522183929186,0.4805194805194805,0.03896103896103896,-12.535563381007183,77,0.3116883116883117,0.8961038961038961,0.2727272727272727,-3.6845850091064323,0.6623376623376623,0.06493506493506493,2.301638621676055
680700,"Palacios, Richie",2026,"SI","Rays","L","1.972703529",0.012987012987012988,0.33766233766233766,0.11688311688311688,-5.640592832262892,0.7402597402597403,0.14285714285714285,6.355114706977854,0.06493506493506493,10.121304929950908,0.7662337662337663,0.16883116883116883,-10.880627872789578,77,0.06493506493506493,0.935064935064935,0.03896103896103896,-2.574605001394922,0.8441558441558441,0.11688311688311688,2.460260569384299
624641,"Sosa, Edmundo",2026,"CH","Phillies","R","4.445233441",0.12987012987012986,0.06493506493506493,0.012987012987012988,-5.240096461708447,0.45454545454545453,0.5324675324675324,9.893371010842616,0.7012987012987013,14.670369856141168,0.2987012987012987,0,,77,0.37662337662337664,0.8961038961038961,0.2727272727272727,-3.076531121362186,0.6363636363636364,0.09090909090909091,2.6780608475280294
695734,"Lile, Daylen",2026,"ST","Nationals","L","4.456436874",0.025974025974025976,0.19480519480519481,0.07792207792207792,-5.1695664298725,0.5714285714285714,0.35064935064935066,10.55232414650382,0.4155844155844156,11.696201699647608,0.5584415584415584,0.025974025974025976,-11.312136602403468,77,0.2727272727272727,0.8701298701298701,0.07792207792207792,-4.345056708205104,0.7142857142857143,0.2077922077922078,2.7312825099885845
641487,"Crawford, J.P.",2026,"SL","Mariners","L","1.624665893",0.06493506493506493,0.23376623376623376,0.11688311688311688,-5.737619224849302,0.6883116883116883,0.19480519480519481,6.778517943076332,0.2597402597402597,11.22471044096307,0.6363636363636364,0.1038961038961039,-10.15428590014337,77,0.24675324675324675,0.9090909090909091,0.19480519480519481,-3.0176672167799192,0.5714285714285714,0.23376623376623376,2.654107941259719
571970,"Muncy, Max",2026,"CU","Dodgers","L","4.081599708",0.16883116883116883,0.15584415584415584,0.06493506493506493,-5.181743868174844,0.5844155844155844,0.35064935064935066,8.539077977589006,0.5454545454545454,12.923448169086516,0.45454545454545453,0,,77,0.33766233766233766,0.948051948051948,0.42857142857142855,-3.3120332647291937,0.5454545454545454,0.025974025974025976,2.1665495713198872
666152,"Hamilton, David",2026,"SI","Brewers","L","0.948895371",0.025974025974025976,0.23376623376623376,0.1038961038961039,-6.880006399547498,0.7012987012987013,0.19480519480519481,6.808455808344825,0,,0.7142857142857143,0.2857142857142857,-11.403787943184469,77,0.16883116883116883,0.9090909090909091,0.09090909090909091,-2.6633775966295015,0.5974025974025974,0.3116883116883117,2.666810030388256
683953,"Bazzana, Travis",2026,"CH","Guardians","L","3.843324692",0.18181818181818182,0.18181818181818182,0,,0.4155844155844156,0.5844155844155844,8.123174291901837,0.37662337662337664,12.177034482171928,0.5974025974025974,0.025974025974025976,-11.747787330836578,77,0.4155844155844156,0.8311688311688312,0.36363636363636365,-3.691154041620052,0.5844155844155844,0.05194805194805195,2.9489461768212397
672640,"Lopez, Otto",2026,"CU","Marlins","R","4.668414624",0.09090909090909091,0.16883116883116883,0,,0.4675324675324675,0.5324675324675324,8.374096807983783,0.5714285714285714,14.256689411694078,0.4155844155844156,0.012987012987012988,-11.192617336925927,77,0.2857142857142857,0.8961038961038961,0.24675324675324675,-3.420045919422363,0.7012987012987013,0.05194805194805195,2.3987296526725608
608070,"Ramírez, José",2026,"SI","Guardians","S","0.829887933",0.025974025974025976,0.33766233766233766,0.06493506493506493,-5.2393534485628965,0.7662337662337663,0.16883116883116883,6.424456129707605,0.025974025974025976,7.880994661626373,0.7662337662337663,0.2077922077922078,-10.73250034825549,77,0.12987012987012986,0.9090909090909091,0.025974025974025976,-2.714255157386168,0.7012987012987013,0.2727272727272727,2.7567786927882474
664774,"Wade Jr., LaMonte",2026,"FF","Astros","L","0.664930731",0.03896103896103896,0.2597402597402597,0.05194805194805195,-5.649600414250742,0.8311688311688312,0.11688311688311688,5.394299089648038,0,,0.7922077922077922,0.2077922077922078,-9.544237974132727,77,0.2597402597402597,0.922077922077922,0.012987012987012988,-2.7622048436628344,0.4675324675324675,0.5194805194805194,2.8909248352825805
683002,"Henderson, Gunnar",2026,"ST","Orioles","L","6.048076659",0.09090909090909091,0.12987012987012986,0.1038961038961039,-7.019723032116057,0.5064935064935064,0.38961038961038963,9.589676338130586,0.6493506493506493,13.148568311556131,0.35064935064935066,0,,77,0.2987012987012987,0.8181818181818182,0.2077922077922078,-5.427370516878176,0.6493506493506493,0.14285714285714285,2.7886842026431258
700932,"Manzardo, Kyle",2026,"CH","Guardians","L","3.773400326",0.2077922077922078,0.2077922077922078,0,,0.44155844155844154,0.5584415584415584,7.747880538779381,0.5454545454545454,12.718384208764054,0.45454545454545453,0,,77,0.33766233766233766,0.974025974025974,0.24675324675324675,-3.105036047848984,0.6753246753246753,0.07792207792207792,3.0146153987353914
650489,"Castro, Willi",2026,"SL","Rockies","S","3.520330918",0.11688311688311688,0.16883116883116883,0.16883116883116883,-5.965153368444294,0.5974025974025974,0.23376623376623376,9.393312249222376,0.2987012987012987,12.212275745724208,0.5714285714285714,0.12987012987012986,-10.693925367293007,77,0.37662337662337664,0.8441558441558441,0.2987012987012987,-4.1907764159283705,0.6103896103896104,0.09090909090909091,3.426429234488414
666969,"García, Adolis",2026,"SI","Phillies","R","1.506450116",0.05194805194805195,0.36363636363636365,0.1038961038961039,-5.426951183994291,0.8051948051948052,0.09090909090909091,10.15101512093095,0.012987012987012988,7.193545412046668,0.7272727272727273,0.2597402597402597,-11.83774508780958,77,0.19480519480519481,0.8961038961038961,0.05194805194805195,-2.74848106366533,0.6883116883116883,0.2597402597402597,3.3984579839989593
701675,"Church, Nathan",2026,"SI","Cardinals","L","1.187546628",0,0.2597402597402597,0.12987012987012986,-5.664984563570371,0.7142857142857143,0.15584415584415584,5.357812842996184,0,,0.7792207792207793,0.22077922077922077,-9.532979574790177,77,0.09090909090909091,0.9090909090909091,0.03896103896103896,-3.467001770373254,0.7402597402597403,0.22077922077922077,2.844799851611333
641933,"O'Neill, Tyler",2026,"SL","Orioles","R","6.075347115",0.19480519480519481,0.14285714285714285,0.03896103896103896,-7.134813133817195,0.4025974025974026,0.5584415584415584,10.84448566550294,0.4155844155844156,13.252787245749522,0.5194805194805194,0.06493506493506493,-11.750500985447971,77,0.44155844155844154,0.8441558441558441,0.2857142857142857,-3.493281754703004,0.6103896103896104,0.1038961038961039,3.206122042196221
691026,"Winn, Masyn",2026,"ST","Cardinals","R","3.120823021",0.03896103896103896,0.2077922077922078,0.06493506493506493,-5.117141567229458,0.5844155844155844,0.35064935064935066,8.37518150413074,0.37662337662337664,11.38813401862264,0.6103896103896104,0.012987012987012988,-16.982575646208527,77,0.2597402597402597,0.8441558441558441,0.09090909090909091,-3.162877798340087,0.7662337662337663,0.14285714285714285,2.7075381278471493
681351,"O'Hoppe, Logan",2026,"SI","Angels","R","2.533790969",0.06493506493506493,0.2987012987012987,0.15584415584415584,-7.347800740550149,0.7532467532467533,0.09090909090909091,7.095000716325648,0,,0.6623376623376623,0.33766233766233766,-11.2466009142619,77,0.16883116883116883,0.8831168831168831,0.24675324675324675,-3.603205501249915,0.6493506493506493,0.1038961038961039,2.780581122755324
693307,"Dingler, Dillon",2026,"ST","Tigers","R","6.035938984",0.03896103896103896,0.24675324675324675,0.06493506493506493,-4.871481036680332,0.6493506493506493,0.2857142857142857,10.780448205745325,0.4155844155844156,12.691908191278248,0.5194805194805194,0.06493506493506493,-9.82805430927952,77,0.19480519480519481,0.8441558441558441,0.07792207792207792,-4.184030375455218,0.7402597402597403,0.18181818181818182,2.8066722503119417
686555,"Collins, Isaac",2026,"SI","Royals","S","1.394388675",0.012987012987012988,0.36363636363636365,0.06493506493506493,-4.94892743867697,0.6883116883116883,0.24675324675324675,7.025377448365487,0.012987012987012988,8.444335200692857,0.8961038961038961,0.09090909090909091,-11.26073426228765,77,0.07792207792207792,0.948051948051948,0.1038961038961039,-2.35635495654945,0.6883116883116883,0.2077922077922078,2.5689642241415314
670623,"Paredes, Isaac",2026,"ST","Astros","R","4.276174249",0.06493506493506493,0.2597402597402597,0.025974025974025976,-4.490417221730949,0.6103896103896104,0.36363636363636365,10.043993328275716,0.4025974025974026,12.622669801943863,0.5454545454545454,0.05194805194805195,-12.634364231213315,77,0.24675324675324675,0.8831168831168831,0.07792207792207792,-3.364879806607203,0.7532467532467533,0.16883116883116883,2.8501729192674716
667472,"Myers, Dane",2026,"SI","Reds","R","0.772814381",0.013157894736842105,0.27631578947368424,0.10526315789473684,-5.650119873462257,0.75,0.14473684210526316,5.104745802055743,0,,0.6842105263157895,0.3157894736842105,-10.353844131262601,76,0.10526315789473684,0.9078947368421053,0.039473684210526314,-2.5133679260836086,0.6842105263157895,0.27631578947368424,2.836792341384408
695506,"Caglianone, Jac",2026,"FC","Royals","L","2.428026662",0.07894736842105263,0.18421052631578946,0.34210526315789475,-5.794468224327684,0.4868421052631579,0.17105263157894737,7.580795493908777,0.11842105263157894,12.190423230378773,0.7368421052631579,0.14473684210526316,-12.05965165534713,76,0.19736842105263158,0.9078947368421053,0.09210526315789473,-3.6867409280390144,0.6447368421052632,0.2631578947368421,2.9954660984949464
691176,"Domínguez, Jasson",2026,"CH","Yankees","S","4.218944188",0.13157894736842105,0.25,0.013157894736842105,-5.535973257586761,0.4342105263157895,0.5526315789473685,9.582487566876269,0.3684210526315789,11.806937129538616,0.6052631578947368,0.02631578947368421,-15.701039067730589,76,0.34210526315789475,0.868421052631579,0.21052631578947367,-2.9927774126985405,0.7763157894736842,0.013157894736842105,2.8258105957066366
650490,"Díaz, Yandy",2026,"CH","Rays","R","2.754884149",0.013157894736842105,0.2631578947368421,0.09210526315789473,-6.030744550867445,0.6578947368421053,0.25,6.904044029946501,0.2894736842105263,12.175354493761494,0.6973684210526315,0.013157894736842105,-9.269015502943006,76,0.14473684210526316,0.9210526315789473,0.14473684210526316,-3.6053745156368473,0.8026315789473685,0.05263157894736842,2.527149857955349
680977,"Donovan, Brendan",2026,"FF","Mariners","L","0.576397762",0.013157894736842105,0.27631578947368424,0.09210526315789473,-6.750089099190007,0.8157894736842105,0.09210526315789473,6.25275520258323,0.013157894736842105,7.35923687531679,0.631578947368421,0.35526315789473684,-10.12932923171174,76,0.15789473684210525,0.8289473684210527,0,,0.7368421052631579,0.2631578947368421,2.6154056381403707
803011,"Antonacci, Sam",2026,"CH","White Sox","L","2.259876543",0.02631578947368421,0.2631578947368421,0.02631578947368421,-9.496857533376234,0.631578947368421,0.34210526315789475,6.5714606548115295,0.21052631578947367,11.585120961570679,0.7368421052631579,0.05263157894736842,-10.765760883490676,76,0.14473684210526316,0.8947368421052632,0.17105263157894737,-2.8414365036074556,0.8026315789473685,0.02631578947368421,3.3168078926990425
694249,"Carrigg, Cole",2026,"CH","Rockies","S","2.553548334",0.11842105263157894,0.2631578947368421,0,,0.618421052631579,0.3815789473684211,7.323022768996726,0.39473684210526316,11.436443568998872,0.5789473684210527,0.02631578947368421,-16.488006462452898,76,0.25,0.9078947368421053,0.2236842105263158,-3.139994321556939,0.6710526315789473,0.10526315789473684,3.0688381584198767
672275,"Bailey, Patrick",2026,"CH","zMLB","S","5.313449149",0.11842105263157894,0.23684210526315788,0,,0.47368421052631576,0.5263157894736842,8.923572400253743,0.5131578947368421,13.228166585009921,0.4342105263157895,0.05263157894736842,-12.394906992648451,76,0.2631578947368421,0.881578947368421,0.18421052631578946,-3.138942051958631,0.7368421052631579,0.07894736842105263,2.395438347317287
624413,"Alonso, Pete",2026,"CU","Orioles","R","4.313226925",0.14473684210526316,0.18421052631578946,0.06578947368421052,-6.752367288688538,0.631578947368421,0.3026315789473684,9.12892346501287,0.4868421052631579,12.300385914449171,0.42105263157894735,0.09210526315789473,-10.978657567821887,76,0.35526315789473684,0.8947368421052632,0.3157894736842105,-4.968260629165324,0.631578947368421,0.05263157894736842,2.660073674835445
671976,"Peters, Tristan",2026,"CU","White Sox","L","2.665490321",0.06578947368421052,0.18421052631578946,0.14473684210526316,-5.265628570854085,0.7763157894736842,0.07894736842105263,8.152469800193884,0.4473684210526316,11.802706586373464,0.5,0.05263157894736842,-14.112654861839339,76,0.23684210526315788,0.8947368421052632,0.23684210526315788,-4.269076123314333,0.6578947368421053,0.10526315789473684,2.6528276491130605
676356,"DeLuca, Jonny",2026,"SI","Rays","R","1.023128647",0.013157894736842105,0.2894736842105263,0.21052631578947367,-5.920671305977611,0.6710526315789473,0.11842105263157894,7.681400028595077,0,,0.7236842105263158,0.27631578947368424,-10.517187752237279,76,0.14473684210526316,0.9605263157894737,0.06578947368421052,-3.3312916562329002,0.75,0.18421052631578946,2.7087044515218146
630105,"Cronenworth, Jake",2026,"SI","Padres","L","1.390244685",0.013157894736842105,0.32894736842105265,0.11842105263157894,-5.848313745570004,0.7105263157894737,0.17105263157894737,11.860269961556222,0.02631578947368421,9.845560023606055,0.7763157894736842,0.19736842105263158,-14.23591349644946,76,0.19736842105263158,0.8947368421052632,0.13157894736842105,-2.883454413009374,0.7105263157894737,0.15789473684210525,2.7546125213539763
679845,"Loftin, Nick",2026,"SL","Royals","R","6.159163607",0.10526315789473684,0.23684210526315788,0.06578947368421052,-5.943316087622234,0.5394736842105263,0.39473684210526316,11.506877341366868,0.42105263157894735,12.617320280514484,0.5263157894736842,0.05263157894736842,-9.458958054418924,76,0.3026315789473684,0.868421052631579,0.18421052631578946,-3.391093769421345,0.75,0.06578947368421052,2.908251695929207
808959,"Murakami, Munetaka",2026,"ST","White Sox","L","5.599699593",0.25,0.13157894736842105,0.06578947368421052,-5.454420456850513,0.5526315789473685,0.3815789473684211,8.607554770246965,0.5131578947368421,13.732563283895507,0.4342105263157895,0.05263157894736842,-9.358916482651903,76,0.4605263157894737,0.8552631578947368,0.4605263157894737,-5.316323279341908,0.4605263157894737,0.07894736842105263,2.8759454458907747
572233,"Walker, Christian",2026,"CH","Astros","R","4.185350659",0.11842105263157894,0.15789473684210525,0.07894736842105263,-6.2471162063985535,0.4868421052631579,0.4342105263157895,10.333113640801185,0.5263157894736842,12.903265764556862,0.4473684210526316,0.02631578947368421,-9.716724462205375,76,0.35526315789473684,0.9605263157894737,0.17105263157894737,-3.2432143772361677,0.7631578947368421,0.06578947368421052,2.334880584083025
691785,"Mayer, Marcelo",2026,"CH","Red Sox","L","5.228097586",0.14473684210526316,0.11842105263157894,0,,0.2894736842105263,0.7105263157894737,9.96951757998293,0.6052631578947368,13.833200974050047,0.35526315789473684,0.039473684210526314,-7.563541739248308,76,0.4605263157894737,0.9210526315789473,0.21052631578947367,-3.8840820949695316,0.7368421052631579,0.05263157894736842,2.7787272340424716
666139,"Lowe, Josh",2026,"SL","Angels","L","2.596935879",0.10526315789473684,0.10526315789473684,0.039473684210526314,-9.687881277239585,0.631578947368421,0.32894736842105265,7.518423071884002,0.5,11.838008066668346,0.4868421052631579,0.013157894736842105,-7.022321522181242,76,0.40789473684210525,0.881578947368421,0.3026315789473684,-3.8514514410615392,0.5,0.19736842105263158,2.921801953254901
642715,"Adames, Willy",2026,"FC","Giants","R","2.956598402",0.013157894736842105,0.2894736842105263,0.09210526315789473,-5.750986212799652,0.6578947368421053,0.25,7.95250258264644,0.15789473684210525,8.950157741565782,0.75,0.09210526315789473,-12.146873712572281,76,0.17105263157894737,0.9342105263157895,0.02631578947368421,-6.991692336545455,0.7368421052631579,0.23684210526315788,3.3408475428319253
621439,"Buxton, Byron",2026,"ST","Twins","R","6.632450414",0.14473684210526316,0.10526315789473684,0.02631578947368421,-4.0761211705324385,0.3684210526315789,0.6052631578947368,12.612289775251092,0.5657894736842105,14.409442248578534,0.3815789473684211,0.05263157894736842,-10.154149940895607,76,0.4605263157894737,0.8552631578947368,0.23684210526315788,-3.0869729095269403,0.6710526315789473,0.09210526315789473,2.860406814462162
668904,"Lewis, Royce",2026,"FC","Twins","R","2.587723457",0.06578947368421052,0.18421052631578946,0.07894736842105263,-5.67327060076076,0.5526315789473685,0.3684210526315789,9.42572766351212,0.3815789473684211,10.642532853887607,0.5131578947368421,0.10526315789473684,-10.372789383519372,76,0.35526315789473684,0.9473684210526315,0.039473684210526314,-3.2097327250744048,0.75,0.21052631578947367,2.9523492917734986
668904,"Lewis, Royce",2026,"ST","Twins","R","3.558121855",0.17333333333333334,0.14666666666666667,0.02666666666666667,-6.653375128038466,0.5333333333333333,0.44,9.217153686312818,0.68,12.673812808904424,0.29333333333333333,0.02666666666666667,-7.8574818607770744,75,0.36,0.84,0.22666666666666666,-3.3831149779063283,0.7066666666666667,0.06666666666666667,2.7729031085595355
665161,"Peña, Jeremy",2026,"ST","Astros","R","6.188123241",0.17333333333333334,0.13333333333333333,0.013333333333333334,-6.804889342599587,0.44,0.5466666666666666,11.573323398176214,0.7333333333333333,15.307073730787929,0.25333333333333335,0.013333333333333334,-7.735472904941397,75,0.38666666666666666,0.96,0.18666666666666668,-3.102330649056156,0.7466666666666667,0.06666666666666667,2.4135843714130116
621020,"Swanson, Dansby",2026,"ST","Cubs","R","4.883501084",0.08,0.16,0.04,-6.019743152856982,0.4533333333333333,0.5066666666666667,8.374997689227369,0.44,13.0212192323305,0.5066666666666667,0.05333333333333334,-9.314402882251033,75,0.26666666666666666,0.8533333333333334,0.17333333333333334,-3.9138273005402366,0.7333333333333333,0.09333333333333334,4.010369144825547
691406,"Caminero, Junior",2026,"FC","Rays","R","1.861858672",0.05333333333333334,0.22666666666666666,0.16,-5.590388181970891,0.6133333333333333,0.22666666666666666,7.314317448133931,0.2,8.97717330665773,0.7066666666666667,0.09333333333333334,-12.660105348077083,75,0.13333333333333333,0.92,0.08,-3.4449441426906424,0.6933333333333334,0.22666666666666666,2.924466584372315
682663,"Ramírez, Agustín",2026,"FF","Marlins","R","1.13249415",0,0.13333333333333333,0.08,-5.273158704050779,0.8266666666666667,0.09333333333333334,5.991007286396511,0.04,8.637169937606284,0.8266666666666667,0.13333333333333333,-12.247955263585265,75,0.24,0.8666666666666667,0.013333333333333334,-2.8827579821402667,0.38666666666666666,0.6,3.178565893336351
695720,"White, Tommy",2026,"FF","Athletics","R","1.142774954",0.02666666666666667,0.32,0.013333333333333334,-4.162542145604238,0.88,0.10666666666666667,5.184339739216332,0,,0.6266666666666667,0.37333333333333335,-10.635454824723604,75,0.14666666666666667,0.92,0,,0.6266666666666667,0.37333333333333335,3.1251139839389626
681481,"Carpenter, Kerry",2026,"CH","Tigers","L","3.220114128",0.10666666666666667,0.16,0.02666666666666667,-4.300123141147525,0.6266666666666667,0.3466666666666667,6.647044867542288,0.38666666666666666,12.160677159465278,0.6,0.013333333333333334,-7.875170621553015,75,0.25333333333333335,0.8933333333333333,0.3466666666666667,-3.315034044225571,0.6533333333333333,0,
678554,"Mead, Curtis",2026,"SL","Nationals","R","4.001830049",0.06666666666666667,0.26666666666666666,0.05333333333333334,-6.140268349482111,0.6533333333333333,0.29333333333333333,11.09810322290189,0.4,12.5265752096156,0.52,0.08,-8.932880208772554,75,0.22666666666666666,0.9066666666666666,0.10666666666666667,-3.4977568767782508,0.7733333333333333,0.12,2.527198689472239
669003,"Mitchell, Garrett",2026,"FC","Brewers","L","2.073197113",0.16,0.21333333333333335,0.17333333333333334,-6.076946554560047,0.64,0.18666666666666668,8.007891364934627,0.13333333333333333,11.429092119233562,0.6133333333333333,0.25333333333333335,-11.216761670907767,75,0.38666666666666666,0.9066666666666666,0.25333333333333335,-3.481006070064491,0.5333333333333333,0.21333333333333335,3.451338320850617
682622,"Marte, Noelvi",2026,"SL","Reds","R","5.720496397",0.08,0.25333333333333335,0.06666666666666667,-6.211734032891818,0.5333333333333333,0.4,11.112102315963885,0.48,13.561370580804333,0.48,0.04,-13.875940680712867,75,0.29333333333333333,0.84,0.14666666666666667,-3.50959940151944,0.7333333333333333,0.12,3.0218541840210724
681624,"Pages, Andy",2026,"CH","Dodgers","R","3.761484099",0.04,0.17333333333333334,0.05333333333333334,-8.600690446779945,0.4266666666666667,0.52,7.884201597558962,0.36,12.097676025320258,0.5333333333333333,0.10666666666666667,-11.643001322584762,75,0.26666666666666666,0.92,0.10666666666666667,-3.7906374848443587,0.7066666666666667,0.18666666666666668,2.897736740182489
687221,"Rushing, Dalton",2026,"CH","Dodgers","L","2.716587759",0.13333333333333333,0.17333333333333334,0.04,-8.431118519040522,0.4266666666666667,0.5333333333333333,6.807147729701965,0.38666666666666666,10.178669811450069,0.6133333333333333,0,,75,0.32,0.9466666666666667,0.3333333333333333,-3.2698705057783073,0.5866666666666667,0.08,2.5421579729787225
695578,"Wood, James",2026,"FC","Nationals","L","1.672287925",0.09333333333333334,0.22666666666666666,0.14666666666666667,-5.2423551302323,0.68,0.17333333333333334,7.961665490085551,0.18666666666666668,11.197850951816406,0.6933333333333334,0.12,-11.698758789813247,75,0.28,0.96,0.12,-3.713011363904318,0.5466666666666666,0.3333333333333333,3.072626281622499
682928,"Abrams, CJ",2026,"FC","Nationals","L","1.817780774",0.013333333333333334,0.2,0.21333333333333335,-6.4798664739763545,0.6266666666666667,0.16,8.485780644504162,0.22666666666666666,11.753969409507745,0.6666666666666666,0.10666666666666667,-8.954177584541934,75,0.25333333333333335,0.92,0.13333333333333333,-3.3627368188945117,0.6666666666666666,0.2,3.2096847598707936
695657,"Montgomery, Colson",2026,"ST","White Sox","L","7.837986211",0.25333333333333335,0.06666666666666667,0.17333333333333334,-8.386130871588374,0.5066666666666667,0.32,14.17411589342375,0.56,14.894409280460621,0.4266666666666667,0.013333333333333334,-12.514490442216875,75,0.48,0.88,0.5466666666666666,-5.203832978059599,0.4266666666666667,0.02666666666666667,2.9865580219818284
680777,"Jeffers, Ryan",2026,"SI","Twins","R","2.226267186",0,0.25333333333333335,0.29333333333333333,-6.076062095089792,0.5866666666666667,0.12,5.607690348522663,0.02666666666666667,7.651902376206259,0.7733333333333333,0.2,-10.750477897761273,75,0.06666666666666667,0.9066666666666666,0.13333333333333333,-3.3994063247408244,0.7466666666666667,0.12,2.248143229181148
647304,"Naylor, Josh",2026,"CU","Mariners","L","5.485029802",0.12,0.13333333333333333,0.08,-6.07668285103707,0.6133333333333333,0.30666666666666664,16.707263893045024,0.6266666666666667,14.497037314196385,0.3333333333333333,0.04,-10.792823655151569,75,0.36,0.8266666666666667,0.29333333333333333,-4.537845938499501,0.64,0.06666666666666667,2.5417614884889392
678246,"Vargas, Miguel",2026,"FC","White Sox","R","1.846917863",0.06666666666666667,0.2,0.14666666666666667,-5.911420155224887,0.5733333333333334,0.28,7.5744047710939055,0.12,12.524770477975766,0.7466666666666667,0.13333333333333333,-10.339835020971687,75,0.3333333333333333,0.9066666666666666,0.06666666666666667,-4.002927231778236,0.6,0.3333333333333333,2.6639005979433783
695578,"Wood, James",2026,"CU","Nationals","L","4.971896624",0.24324324324324326,0.10810810810810811,0.06756756756756757,-10.591867243998056,0.6216216216216216,0.3108108108108108,9.037994927539447,0.6621621621621622,12.618015365663899,0.2972972972972973,0.04054054054054054,-12.022847136479667,74,0.4864864864864865,0.8648648648648649,0.4189189189189189,-5.5441534809406345,0.5405405405405406,0.04054054054054054,2.928500424602715
666182,"Bichette, Bo",2026,"CU","Mets","R","5.645128997",0.05405405405405406,0.1891891891891892,0.02702702702702703,-5.932208668351292,0.4864864864864865,0.4864864864864865,9.102787390405904,0.6216216216216216,15.71676445553983,0.35135135135135137,0.02702702702702703,-11.941172037399951,74,0.24324324324324326,0.9594594594594594,0.08108108108108109,-5.457059883851237,0.7702702702702703,0.14864864864864866,2.577208002151013
683083,"Nuñez, Nasim",2026,"SL","Nationals","S","4.062060095",0.08108108108108109,0.20270270270270271,0.12162162162162163,-7.274483338563975,0.7567567567567568,0.12162162162162163,8.16984142347362,0.17567567567567569,11.248468889903766,0.6891891891891891,0.13513513513513514,-12.473919006894418,74,0.2702702702702703,0.8243243243243243,0.17567567567567569,-7.303271239314111,0.6216216216216216,0.20270270270270271,2.8230403226590757
680700,"Palacios, Richie",2026,"CH","Rays","L","5.006306474",0.10810810810810811,0.21621621621621623,0.013513513513513514,-5.1366798491913315,0.43243243243243246,0.5540540540540541,10.065997326904728,0.4189189189189189,13.688921346554416,0.527027027027027,0.05405405405405406,-9.525400661762237,74,0.3783783783783784,0.9594594594594594,0.16216216216216217,-3.447008683659334,0.7297297297297297,0.10810810810810811,2.472212093995006
643289,"Dubón, Mauricio",2026,"FC","Braves","R","2.585043025",0,0.3918918918918919,0.05405405405405406,-5.650585641689742,0.7567567567567568,0.1891891891891892,9.076239253499496,0.12162162162162163,10.06944391378552,0.7027027027027027,0.17567567567567569,-8.84769451886676,74,0.13513513513513514,0.9324324324324325,0.013513513513513514,-2.160744449383565,0.7162162162162162,0.2702702702702703,2.836890823969485
593428,"Bogaerts, Xander",2026,"CH","Padres","R","3.926236942",0.21621621621621623,0.12162162162162163,0.02702702702702703,-6.518438630531005,0.43243243243243246,0.5405405405405406,9.826712863606948,0.5,12.964889174453937,0.4594594594594595,0.04054054054054054,-11.774522970893262,74,0.40540540540540543,0.918918918918919,0.43243243243243246,-3.078485547879203,0.47297297297297297,0.0945945945945946,3.5516085347385475
666152,"Hamilton, David",2026,"SL","Brewers","L","4.105123543",0.16216216216216217,0.20270270270270271,0.05405405405405406,-5.407003566064612,0.5405405405405406,0.40540540540540543,9.430711311504286,0.36486486486486486,11.68689031628633,0.527027027027027,0.10810810810810811,-10.78011930797657,74,0.44594594594594594,0.8513513513513513,0.32432432432432434,-4.6264158364725265,0.6081081081081081,0.06756756756756757,2.5160339630935584
681481,"Carpenter, Kerry",2026,"SL","Tigers","L","2.421941954",0.10810810810810811,0.16216216216216217,0.04054054054054054,-5.606325718572286,0.7162162162162162,0.24324324324324326,7.700874848808548,0.40540540540540543,11.76020828828765,0.5540540540540541,0.04054054054054054,-11.65206984633717,74,0.35135135135135137,0.8918918918918919,0.24324324324324326,-4.084493615122462,0.6351351351351351,0.12162162162162163,3.331454825656001
695600,"Jensen, Carter",2026,"CU","Royals","L","6.169434529",0.14864864864864866,0.20270270270270271,0.04054054054054054,-5.414785092282543,0.6081081081081081,0.35135135135135137,7.992376649080547,0.527027027027027,11.537975276314263,0.4189189189189189,0.05405405405405406,-8.600689911916623,74,0.2702702702702703,0.8648648648648649,0.24324324324324326,-6.596225189220406,0.7297297297297297,0.02702702702702703,2.3128925936460023
663647,"Hayes, Ke'Bryan",2026,"SI","Reds","R","1.034817039",0.013513513513513514,0.4594594594594595,0.12162162162162163,-6.982620328758901,0.8108108108108109,0.06756756756756757,6.279767227033874,0,,0.9054054054054054,0.0945945945945946,-10.493648727099341,74,0.14864864864864866,0.9054054054054054,0.12162162162162163,-2.7935964581447696,0.7162162162162162,0.16216216216216217,2.722585524290871
666126,"Cortes, Carlos",2026,"CH","Athletics","L","3.742830809",0.05405405405405406,0.1891891891891892,0,,0.4864864864864865,0.5135135135135135,7.952435763492206,0.47297297297297297,12.423183740911494,0.5135135135135135,0.013513513513513514,-11.765553996335461,74,0.21621621621621623,0.918918918918919,0.08108108108108109,-3.3017408411566835,0.8108108108108109,0.10810810810810811,2.5232359191827927
606466,"Marte, Ketel",2026,"CU","Diamondbacks","S","5.747366391",0.02702702702702703,0.28378378378378377,0.12162162162162163,-6.196541217301587,0.6756756756756757,0.20270270270270271,12.260715585982032,0.43243243243243246,12.80885036974855,0.5540540540540541,0.013513513513513514,-8.598974557642462,74,0.21621621621621623,0.8918918918918919,0.12162162162162163,-5.113143882290742,0.7837837837837838,0.0945945945945946,2.8694881878016423
593428,"Bogaerts, Xander",2026,"ST","Padres","R","4.597664988",0.08108108108108109,0.1891891891891892,0.04054054054054054,-6.851861831135693,0.5405405405405406,0.4189189189189189,9.088233529814133,0.4864864864864865,12.10623066642745,0.47297297297297297,0.04054054054054054,-12.724675546722224,74,0.25675675675675674,0.8918918918918919,0.14864864864864866,-2.870824283639439,0.7702702702702703,0.08108108108108109,2.4694852767736912
641343,"Bauers, Jake",2026,"CU","Brewers","L","4.135656327",0.16216216216216217,0.17567567567567569,0.13513513513513514,-7.620702127868718,0.581081081081081,0.28378378378378377,8.052082180095868,0.43243243243243246,13.598127024144684,0.5,0.06756756756756757,-11.223217934298042,74,0.43243243243243246,0.8783783783783784,0.4189189189189189,-4.448912932477198,0.5135135135135135,0.06756756756756757,2.630832961595076
681715,"Hernández, Heriberto",2026,"ST","Marlins","R","4.288344944",0.13513513513513514,0.16216216216216217,0.06756756756756757,-6.839443877173215,0.5540540540540541,0.3783783783783784,9.012636259105781,0.40540540540540543,13.037911883436873,0.5405405405405406,0.05405405405405406,-9.353082076687036,74,0.32432432432432434,0.8108108108108109,0.3108108108108108,-4.119612052402326,0.581081081081081,0.10810810810810811,2.575138360227597
702332,"Durbin, Caleb",2026,"CH","Red Sox","R","3.404296029",0.13513513513513514,0.17567567567567569,0.10810810810810811,-5.870325782554926,0.5135135135135135,0.3783783783783784,7.762448808033126,0.5,11.709190243616739,0.4864864864864865,0.013513513513513514,-16.478959756205672,74,0.2972972972972973,0.9054054054054054,0.28378378378378377,-3.4850727615718347,0.6756756756756757,0.04054054054054054,2.5252962992988968
694374,"Tawa, Tim",2026,"SL","Diamondbacks","R","6.735959144",0.13513513513513514,0.22972972972972974,0,,0.5,0.5,10.648599946350135,0.2972972972972973,13.453669683281747,0.5945945945945946,0.10810810810810811,-11.23057976165357,74,0.33783783783783783,0.8513513513513513,0.3108108108108108,-3.7551451297516363,0.6621621621621622,0.02702702702702703,2.5823618056452777
547180,"Harper, Bryce",2026,"FC","Phillies","L","2.028756589",0.0410958904109589,0.2328767123287671,0.136986301369863,-6.638501640796382,0.6986301369863014,0.1643835616438356,7.272049709209063,0.1643835616438356,11.571860209721448,0.7534246575342466,0.0821917808219178,-12.439941690023204,73,0.2876712328767123,0.958904109589041,0.1506849315068493,-3.868746727683225,0.6575342465753424,0.1917808219178082,3.1961943759405846
687462,"Horwitz, Spencer",2026,"SI","Pirates","L","1.761882017",0,0.3287671232876712,0.1780821917808219,-5.068679723007602,0.6712328767123288,0.1506849315068493,6.119814194931897,0,,0.8082191780821918,0.1917808219178082,-10.53473605498325,73,0.1095890410958904,0.9041095890410958,0.0958904109589041,-2.66249586624151,0.7808219178082192,0.1232876712328767,2.7437559697471086
678246,"Vargas, Miguel",2026,"CH","White Sox","R","5.521615992",0.0821917808219178,0.3150684931506849,0,,0.7808219178082192,0.2191780821917808,9.58439247586661,0.3561643835616438,12.151779323292853,0.5753424657534246,0.0684931506849315,-10.827681488701826,73,0.136986301369863,0.8904109589041096,0.1643835616438356,-3.014909191047981,0.7534246575342466,0.0821917808219178,2.273594898407712
672695,"Perdomo, Geraldo",2026,"FC","Diamondbacks","S","1.385320286",0.0273972602739726,0.2191780821917808,0.2054794520547945,-5.61464136845671,0.7397260273972602,0.0547945205479452,5.702387205562431,0.0547945205479452,7.751110839035568,0.821917808219178,0.1232876712328767,-10.251943026535578,73,0.136986301369863,0.8767123287671232,0.0410958904109589,-3.7599309692837974,0.7808219178082192,0.1780821917808219,3.4852899783913993
681393,"Norby, Connor",2026,"SL","zMLB","R","3.27357942",0.1917808219178082,0.1917808219178082,0.0821917808219178,-4.513546016197095,0.5616438356164384,0.3561643835616438,9.110950624751899,0.2876712328767123,12.282250672914644,0.6027397260273972,0.1095890410958904,-10.275709666652213,73,0.4657534246575342,0.9178082191780822,0.3150684931506849,-3.993179656154716,0.5753424657534246,0.1095890410958904,3.1246936409188146
687859,"Johnston, Troy",2026,"SI","Rockies","L","0.998674063",0.0821917808219178,0.3424657534246575,0.0958904109589041,-5.066541224406215,0.6575342465753424,0.2465753424657534,7.085879211307885,0.0136986301369863,8.766837157815655,0.6986301369863014,0.2876712328767123,-11.065190587415591,73,0.1780821917808219,0.9041095890410958,0.0684931506849315,-2.8931719033042262,0.6986301369863014,0.2328767123287671,2.9261019291546972
673548,"Suzuki, Seiya",2026,"CU","Cubs","R","4.423298685",0.0273972602739726,0.1506849315068493,0.0273972602739726,-6.403179895050593,0.6575342465753424,0.3150684931506849,11.178247880690408,0.5205479452054794,11.954660347823012,0.4657534246575342,0.0136986301369863,-10.018854547379552,73,0.3013698630136986,0.821917808219178,0.1643835616438356,-4.270637199744735,0.726027397260274,0.1095890410958904,2.270440993199532
518692,"Freeman, Freddie",2026,"CU","Dodgers","L","4.869542619",0.0410958904109589,0.2876712328767123,0.0410958904109589,-4.3345165564814545,0.6301369863013698,0.3287671232876712,7.500088433381696,0.3287671232876712,11.320168467597838,0.6438356164383562,0.0273972602739726,-9.328003721237836,73,0.1917808219178082,0.8904109589041096,0.1780821917808219,-4.984999844841245,0.7671232876712328,0.0547945205479452,2.424447898516691
701358,"Smith, Cam",2026,"CH","Astros","R","5.880991183",0.1780821917808219,0.1232876712328767,0.0547945205479452,-5.609401203188807,0.3150684931506849,0.6301369863013698,11.639605861025832,0.6712328767123288,16.91017818475738,0.3287671232876712,0,,73,0.4931506849315068,0.9315068493150684,0.2465753424657534,-3.3613978389224686,0.726027397260274,0.0273972602739726,2.7135166592034787
663757,"Grisham, Trent",2026,"CH","Yankees","L","3.048923781",0.136986301369863,0.1506849315068493,0.0136986301369863,-4.2882962239998115,0.5068493150684932,0.4794520547945205,7.2298888496674625,0.547945205479452,11.71924128236095,0.4520547945205479,0,,73,0.273972602739726,0.958904109589041,0.3013698630136986,-3.119212962384594,0.6438356164383562,0.0547945205479452,2.6325770163533506
669236,"Jackson, Jeremiah",2026,"SI","Orioles","R","0.945623223",0.0136986301369863,0.2602739726027397,0.0547945205479452,-6.5292131332692875,0.7397260273972602,0.2054794520547945,5.968666686511303,0.0136986301369863,7.407858542976031,0.6301369863013698,0.3561643835616438,-9.632388238394311,73,0.0684931506849315,0.9041095890410958,0.1095890410958904,-2.6046605726535574,0.7808219178082192,0.1095890410958904,2.736608619275392
665804,"Amaya, Miguel",2026,"SL","Cubs","R","3.640669999",0.0821917808219178,0.2054794520547945,0.0273972602739726,-4.759385280161155,0.6164383561643836,0.3561643835616438,9.642821466301406,0.3835616438356164,11.710412152318302,0.5205479452054794,0.0958904109589041,-10.683781200273796,73,0.3698630136986301,0.863013698630137,0.2191780821917808,-3.4107832878668924,0.6575342465753424,0.1232876712328767,2.559560124311803
670623,"Paredes, Isaac",2026,"CU","Astros","R","6.787848086",0.1095890410958904,0.1780821917808219,0.0273972602739726,-6.076745139047047,0.6986301369863014,0.273972602739726,13.141565158542981,0.3561643835616438,14.5442384362089,0.6027397260273972,0.0410958904109589,-11.39148359037545,73,0.2328767123287671,0.9315068493150684,0.2191780821917808,-3.3304852979181945,0.6986301369863014,0.0821917808219178,2.946527387771967
669477,"Schmitt, Casey",2026,"FC","Giants","R","2.629509223",0.0410958904109589,0.2054794520547945,0.0958904109589041,-6.20564670976247,0.6575342465753424,0.2465753424657534,8.395032969204657,0.1232876712328767,11.279771086190186,0.7671232876712328,0.1095890410958904,-10.272409222304827,73,0.1780821917808219,0.958904109589041,0.0684931506849315,-2.9291404607717113,0.4383561643835616,0.4931506849315068,2.7755560913077053
694384,"Schanuel, Nolan",2026,"FC","Angels","L","1.417225308",0.0136986301369863,0.3424657534246575,0.0821917808219178,-7.127452305310782,0.821917808219178,0.0958904109589041,4.966450548408339,0.1643835616438356,8.903555218728313,0.726027397260274,0.1095890410958904,-12.428363504555232,73,0.0547945205479452,0.9178082191780822,0.0410958904109589,-3.28981214174384,0.7808219178082192,0.1780821917808219,2.5704457060922503
681082,"Stott, Bryson",2026,"CU","Phillies","L","2.437507887",0.0136986301369863,0.2876712328767123,0.0136986301369863,-4.168582405067646,0.7397260273972602,0.2465753424657534,7.345136031014723,0.4931506849315068,11.478556491536725,0.4657534246575342,0.0410958904109589,-12.164789515575684,73,0.1095890410958904,0.9452054794520548,0.2054794520547945,-3.057488751425912,0.7945205479452054,0,
663837,"Vierling, Matt",2026,"SL","Tigers","R","3.12121444",0.0410958904109589,0.3561643835616438,0,,0.7123287671232876,0.2876712328767123,8.911142477534515,0.273972602739726,12.206756854964746,0.7123287671232876,0.0136986301369863,-12.434545945312962,73,0.2328767123287671,0.958904109589041,0.136986301369863,-2.923239920959489,0.7534246575342466,0.1095890410958904,2.8041937514660074
665833,"Cruz, Oneil",2026,"SL","Pirates","L","3.354715804",0.0684931506849315,0.136986301369863,0.0684931506849315,-6.584964380260763,0.6027397260273972,0.3287671232876712,10.098644712411561,0.4657534246575342,12.979363385271789,0.4383561643835616,0.0958904109589041,-12.093010521334929,73,0.4246575342465753,0.8493150684931506,0.273972602739726,-4.188152410296091,0.6438356164383562,0.0821917808219178,2.9988903327921923
687282,"Rincones Jr., Gabriel",2026,"FF","Phillies","L","1.268646313",0.0684931506849315,0.136986301369863,0.0273972602739726,-5.142424905828628,0.6575342465753424,0.3150684931506849,8.432011754228444,0.0136986301369863,7.437061064985231,0.5616438356164384,0.4246575342465753,-12.656195961017945,73,0.2602739726027397,0.8493150684931506,0.0273972602739726,-2.514364938684211,0.3698630136986301,0.6027397260273972,2.842345392871079
664034,"France, Ty",2026,"FC","Padres","R","2.071735899",0.0547945205479452,0.1780821917808219,0.1232876712328767,-6.229794715503249,0.6164383561643836,0.2602739726027397,9.954134743516404,0.0821917808219178,12.026519618537264,0.684931506849315,0.2328767123287671,-11.300728402405039,73,0.3150684931506849,0.8904109589041096,0.0547945205479452,-2.433371108958154,0.6986301369863014,0.2465753424657534,3.7144281797273386
665833,"Cruz, Oneil",2026,"CH","Pirates","L","5.144841866",0.1095890410958904,0.0821917808219178,0,,0.2328767123287671,0.7671232876712328,10.356549037305072,0.6712328767123288,14.385536595130429,0.3150684931506849,0.0136986301369863,-7.121027604253293,73,0.5068493150684932,0.9178082191780822,0.1917808219178082,-4.0188276614636695,0.6986301369863014,0.1095890410958904,2.5906327499447426
701538,"Merrill, Jackson",2026,"ST","Padres","L","3.256954414",0.0821917808219178,0.1780821917808219,0.1917808219178082,-6.271725960890382,0.5616438356164384,0.2465753424657534,8.715313919008668,0.410958904109589,13.119593725804044,0.5616438356164384,0.0273972602739726,-7.868882979774362,73,0.2602739726027397,0.9452054794520548,0.1643835616438356,-4.319779268834167,0.6986301369863014,0.136986301369863,2.6780022141640885
694374,"Tawa, Tim",2026,"SI","Diamondbacks","R","1.028106248",0,0.3561643835616438,0.1917808219178082,-5.370818350508218,0.7123287671232876,0.0958904109589041,5.134744786396382,0.0273972602739726,7.826373052079035,0.7945205479452054,0.1780821917808219,-9.41202468349165,73,0.0958904109589041,0.9452054794520548,0.1780821917808219,-2.8053637875479387,0.7534246575342466,0.0684931506849315,2.6392649309668292
624641,"Sosa, Edmundo",2026,"SL","Phillies","R","4.243549702",0.2054794520547945,0.136986301369863,0.0958904109589041,-5.87598882027253,0.4657534246575342,0.4383561643835616,9.62730271163799,0.5068493150684932,12.988262868536973,0.4520547945205479,0.0410958904109589,-13.341416744026805,73,0.3972602739726027,0.8767123287671232,0.3287671232876712,-3.197995045782293,0.5753424657534246,0.0958904109589041,3.2080286930318453
686948,"Baldwin, Drake",2026,"FC","Braves","L","1.377785775",0.0684931506849315,0.2602739726027397,0.2465753424657534,-5.742477947127735,0.6027397260273972,0.1506849315068493,8.40870827219054,0.0958904109589041,10.342177791420092,0.7945205479452054,0.1095890410958904,-13.129227658834093,73,0.2191780821917808,0.9315068493150684,0.0958904109589041,-3.091794393027053,0.726027397260274,0.1780821917808219,3.8293650234722585
673962,"Jung, Josh",2026,"ST","Rangers","R","6.949102418",0.0547945205479452,0.2602739726027397,0.0136986301369863,-4.5200185432723,0.5753424657534246,0.410958904109589,9.047804570618965,0.3287671232876712,12.46256747987894,0.6027397260273972,0.0684931506849315,-12.008059803656154,73,0.1643835616438356,0.8493150684931506,0.1643835616438356,-3.3260333968013773,0.7671232876712328,0.0684931506849315,2.4608061169653044
666181,"Benson, Will",2026,"FF","Reds","L","0.880312386",0.0136986301369863,0.2876712328767123,0.0684931506849315,-4.8242712036703805,0.863013698630137,0.0684931506849315,4.556777493019582,0.0136986301369863,7.518617400785252,0.8493150684931506,0.136986301369863,-10.526648813006942,73,0.2191780821917808,0.8767123287671232,0.0136986301369863,-2.9331480695820535,0.4520547945205479,0.5342465753424658,2.8528511521019824
671739,"Harris II, Michael",2026,"FC","Braves","L","2.682972872",0.0136986301369863,0.1780821917808219,0.273972602739726,-6.3576664448505795,0.6027397260273972,0.1232876712328767,10.066378988901299,0.0958904109589041,8.939990812769853,0.684931506849315,0.2191780821917808,-9.680028204053134,73,0.1917808219178082,0.9315068493150684,0.0821917808219178,-2.57715004348531,0.684931506849315,0.2328767123287671,2.850877554481672
660844,"Rivas, Leo",2026,"FF","Mariners","S","1.412597955",0.0136986301369863,0.3424657534246575,0.0547945205479452,-6.037858861687879,0.8493150684931506,0.0958904109589041,5.832775449921234,0.0136986301369863,7.69761908573971,0.863013698630137,0.1232876712328767,-11.980774077910555,73,0.1095890410958904,0.9452054794520548,0.0684931506849315,-3.200733462260075,0.6164383561643836,0.3150684931506849,2.6638324703953664
656484,"Gray, Tristan",2026,"SL","Twins","L","5.636948474",0.1527777777777778,0.1388888888888889,0.041666666666666664,-4.460005596366295,0.4305555555555556,0.5277777777777778,12.816413198866961,0.5555555555555556,13.652330759085782,0.4027777777777778,0.041666666666666664,-8.660987513162029,72,0.5,0.9305555555555556,0.25,-3.5373158830068734,0.6666666666666666,0.08333333333333333,2.650580290305969
802139,"Wetherholt, JJ",2026,"FC","Cardinals","L","1.885579064",0.05555555555555555,0.2916666666666667,0.1388888888888889,-6.348702478818487,0.7361111111111112,0.125,6.559926169159393,0.05555555555555555,10.626675538076851,0.7777777777777778,0.16666666666666666,-8.544028974697618,72,0.20833333333333334,0.9305555555555556,0.1111111111111111,-4.465046757541798,0.75,0.1388888888888889,2.662407801204458
682668,"Acuña, Luisangel",2026,"SL","White Sox","R","5.432801831",0.19444444444444445,0.20833333333333334,0.05555555555555555,-6.462979890165636,0.5555555555555556,0.3888888888888889,10.257389910655876,0.3055555555555556,12.178087657395011,0.6805555555555556,0.013888888888888888,-9.432255137303985,72,0.3888888888888889,0.8472222222222222,0.4305555555555556,-4.160910598192919,0.5277777777777778,0.041666666666666664,2.9401489916740724
543760,"Semien, Marcus",2026,"FC","Mets","R","2.502198045",0.027777777777777776,0.2777777777777778,0.013888888888888888,-4.325057184550058,0.6944444444444444,0.2916666666666667,8.543045244077142,0.06944444444444445,11.007665788091124,0.7916666666666666,0.1388888888888889,-9.29060056730108,72,0.2361111111111111,0.9166666666666666,0.09722222222222222,-3.392717566588847,0.6388888888888888,0.2638888888888889,2.900044892579532
691720,"Karros, Kyle",2026,"CH","Rockies","R","4.659019991",0.05555555555555555,0.1527777777777778,0.013888888888888888,-5.266127958212419,0.3888888888888889,0.5972222222222222,10.12455921689888,0.4861111111111111,12.509071150016567,0.4444444444444444,0.06944444444444445,-8.502096785844337,72,0.3194444444444444,0.9305555555555556,0.09722222222222222,-3.200534398352346,0.7916666666666666,0.1111111111111111,2.7498714309491272
668952,"Kreidler, Ryan",2026,"SI","Twins","R","1.500414171",0.027777777777777776,0.3333333333333333,0.1527777777777778,-7.3674282558358195,0.7222222222222222,0.125,8.634218332729287,0.013888888888888888,7.31845567224498,0.8472222222222222,0.1388888888888889,-13.367014992758321,72,0.2361111111111111,0.9166666666666666,0.20833333333333334,-3.464602520389765,0.6944444444444444,0.09722222222222222,2.8102244050893654
677587,"Rocchio, Brayan",2026,"FC","Guardians","S","1.974995806",0.027777777777777776,0.2361111111111111,0.2222222222222222,-5.36543497207512,0.6805555555555556,0.09722222222222222,9.469614996206877,0.1388888888888889,11.1224328396658,0.6388888888888888,0.2222222222222222,-10.5702598920019,72,0.18055555555555555,0.9166666666666666,0.1111111111111111,-2.9672496692182433,0.625,0.2638888888888889,2.8486843780349593
624413,"Alonso, Pete",2026,"FC","Orioles","R","1.477710183",0.041666666666666664,0.3055555555555556,0.05555555555555555,-5.330094031208011,0.6666666666666666,0.2777777777777778,7.079867885517649,0.125,11.108744103461394,0.7083333333333334,0.16666666666666666,-9.556804388711557,72,0.3194444444444444,0.9444444444444444,0.09722222222222222,-3.0619084914749224,0.7083333333333334,0.19444444444444445,2.995409869669622
678391,"Vivas, Jorbit",2026,"SI","Nationals","L","0.699141886",0.027777777777777776,0.2638888888888889,0.19444444444444445,-5.550631812657944,0.6388888888888888,0.16666666666666666,7.610731699861624,0.013888888888888888,8.747527963906355,0.8194444444444444,0.16666666666666666,-10.076436029059611,72,0.08333333333333333,0.9166666666666666,0.041666666666666664,-2.653317419890216,0.7777777777777778,0.18055555555555555,2.5391973529804197
606192,"Hernández, Teoscar",2026,"FC","Dodgers","R","3.826887697",0.1111111111111111,0.19444444444444445,0.027777777777777776,-6.646995311147361,0.5,0.4722222222222222,9.92808760806989,0.2222222222222222,11.68056752234082,0.6388888888888888,0.1388888888888889,-12.445733652160017,72,0.3611111111111111,0.8888888888888888,0.125,-3.689828087263198,0.6666666666666666,0.20833333333333334,3.3355379429221585
701305,"Dezenzo, Zach",2026,"FF","Astros","R","1.006097966",0.06944444444444445,0.16666666666666666,0.1388888888888889,-7.387515773956382,0.7222222222222222,0.1388888888888889,5.919303746937189,0.041666666666666664,10.327433597005003,0.7361111111111112,0.2222222222222222,-10.718285647307656,72,0.4305555555555556,0.9305555555555556,0.041666666666666664,-3.880421200936939,0.4722222222222222,0.4861111111111111,3.2632941387410033
688363,"Pauley, Graham",2026,"FF","Marlins","L","1.111909381",0.013888888888888888,0.2361111111111111,0.125,-5.046453013806244,0.8055555555555556,0.06944444444444445,5.267794639534957,0.05555555555555555,8.087184252393662,0.7916666666666666,0.1527777777777778,-9.957426371774162,72,0.1527777777777778,0.9027777777777778,0.027777777777777776,-2.2810210777228708,0.5416666666666666,0.4305555555555556,3.014325569318946
814439,"Waldschmidt, Ryan",2026,"SI","Diamondbacks","R","0.931227679",0,0.2361111111111111,0.1527777777777778,-5.466932510940784,0.6111111111111112,0.2361111111111111,6.172835585514979,0,,0.9027777777777778,0.09722222222222222,-9.82568464175446,72,0.16666666666666666,0.8888888888888888,0.09722222222222222,-2.9532420676725684,0.6944444444444444,0.20833333333333334,2.937544011905729
663698,"Bart, Joey",2026,"FF","zMLB","R","1.133494207",0.041666666666666664,0.1388888888888889,0.2361111111111111,-6.247310697935659,0.6944444444444444,0.06944444444444445,5.403622816900081,0.013888888888888888,8.966923905590152,0.7777777777777778,0.20833333333333334,-10.113968189645863,72,0.2638888888888889,0.9444444444444444,0,,0.5138888888888888,0.4861111111111111,3.2094593065272985
664983,"McCarthy, Jake",2026,"FC","Rockies","L","1.639931254",0.041666666666666664,0.20833333333333334,0.375,-6.212800297782451,0.5277777777777778,0.09722222222222222,8.233063452097523,0.1111111111111111,10.2542268069362,0.7222222222222222,0.16666666666666666,-10.792148120674028,72,0.18055555555555555,0.9027777777777778,0.18055555555555555,-2.9525767197445636,0.6666666666666666,0.1527777777777778,2.6272603569585886
686948,"Baldwin, Drake",2026,"ST","Braves","L","3.491603358",0.08333333333333333,0.2222222222222222,0.125,-5.850160757031878,0.5833333333333334,0.2916666666666667,7.87905256687758,0.375,14.82420345711256,0.5972222222222222,0.027777777777777776,-8.687754289987744,72,0.2222222222222222,0.875,0.20833333333333334,-3.0558293433561867,0.6805555555555556,0.1111111111111111,2.8667624939002536
668715,"Steer, Spencer",2026,"CH","Reds","R","3.581555729",0.16666666666666666,0.19444444444444445,0.06944444444444445,-5.168291312175442,0.5,0.4305555555555556,7.784204877827481,0.3333333333333333,11.809832330277818,0.6388888888888888,0.027777777777777776,-8.297732111101734,72,0.3333333333333333,0.9305555555555556,0.3055555555555556,-3.9595954091847507,0.625,0.06944444444444445,2.606769175349744
660162,"Moncada, Yoán",2026,"FF","Angels","S","1.809920475",0.027777777777777776,0.19444444444444445,0.027777777777777776,-4.924683502114304,0.8333333333333334,0.1388888888888889,9.019244480452057,0,,0.6944444444444444,0.3055555555555556,-10.684481300606267,72,0.19444444444444445,0.9027777777777778,0,,0.4444444444444444,0.5555555555555556,3.0650469303108894
702222,"Crawford, Justin",2026,"SL","Phillies","L","2.02274943",0.013888888888888888,0.2361111111111111,0.06944444444444445,-6.293831919449484,0.7222222222222222,0.20833333333333334,6.203373156946306,0.3611111111111111,10.610986015154321,0.6388888888888888,0,,72,0.08333333333333333,0.9444444444444444,0.1527777777777778,-2.8800041574921407,0.7361111111111112,0.1111111111111111,2.521269098449964
664761,"Bohm, Alec",2026,"FC","Phillies","R","1.916810723",0.027777777777777776,0.3472222222222222,0.06944444444444445,-4.982975358311249,0.7361111111111112,0.19444444444444445,6.910872271791258,0.05555555555555555,7.956073886053299,0.7638888888888888,0.18055555555555555,-9.939471270698538,72,0.1527777777777778,0.9166666666666666,0.013888888888888888,-2.073757242966875,0.7222222222222222,0.2638888888888889,3.0976379680765893
666139,"Lowe, Josh",2026,"CH","Angels","L","4.054818043",0.16666666666666666,0.125,0,,0.3611111111111111,0.6388888888888888,7.994791525789756,0.5555555555555556,11.844278987727266,0.4166666666666667,0.027777777777777776,-18.393253121078725,72,0.2638888888888889,0.8611111111111112,0.18055555555555555,-2.667761475374564,0.5972222222222222,0.2222222222222222,2.9593950131187436
808982,"Lee, Jung Hoo",2026,"FC","Giants","L","1.333630724",0,0.20833333333333334,0.2222222222222222,-7.723047587504322,0.7222222222222222,0.05555555555555555,5.412994480797539,0.08333333333333333,8.513317277567287,0.625,0.2916666666666667,-10.955000978728389,72,0.19444444444444445,0.875,0.09722222222222222,-3.697337690823939,0.5972222222222222,0.3055555555555556,2.841776472079952
657757,"Sheets, Gavin",2026,"SL","Padres","L","5.499903027",0.09722222222222222,0.09722222222222222,0.1111111111111111,-6.828003798028211,0.5555555555555556,0.3333333333333333,9.349128482176456,0.5833333333333334,13.070010200840677,0.4027777777777778,0.013888888888888888,-8.01665249067453,72,0.3055555555555556,0.8888888888888888,0.20833333333333334,-5.471977756523482,0.7222222222222222,0.06944444444444445,2.63579613135127
691023,"Walker, Jordan",2026,"FC","Cardinals","R","2.40537174",0.041666666666666664,0.1527777777777778,0.08333333333333333,-5.664102931966258,0.5694444444444444,0.3472222222222222,9.051023669462284,0.2916666666666667,10.004774116923224,0.5555555555555556,0.1527777777777778,-12.633782661394669,72,0.2777777777777778,0.9583333333333334,0.08333333333333333,-2.3982790672810186,0.6388888888888888,0.2777777777777778,3.032109109138116
670764,"Walls, Taylor",2026,"CH","Rays","S","2.655019127",0.2361111111111111,0.1388888888888889,0.013888888888888888,-5.031710873263066,0.375,0.6111111111111112,6.866816373591382,0.4166666666666667,10.732470501102533,0.5138888888888888,0.06944444444444445,-11.274843458531064,72,0.3611111111111111,0.8194444444444444,0.375,-3.2019808193848394,0.5416666666666666,0.08333333333333333,3.0419626156845765
630105,"Cronenworth, Jake",2026,"CH","Padres","L","4.010005938",0.2916666666666667,0.1111111111111111,0.027777777777777776,-4.7298727546658395,0.4166666666666667,0.5555555555555556,8.679955879246691,0.6111111111111112,13.540601708725589,0.3611111111111111,0.027777777777777776,-8.23099175276773,72,0.4861111111111111,0.9722222222222222,0.4722222222222222,-3.052618672325234,0.4861111111111111,0.041666666666666664,2.5325242570499458
665750,"Taveras, Leody",2026,"SI","Orioles","S","1.160449966",0.028169014084507043,0.30985915492957744,0,,0.647887323943662,0.352112676056338,6.612499288373309,0.014084507042253521,7.558278130528523,0.8591549295774648,0.1267605633802817,-10.254924671733335,71,0.18309859154929578,0.9859154929577465,0,,0.6338028169014085,0.36619718309859156,2.908353782149367
701807,"Benge, Carson",2026,"CU","Mets","L","3.685491911",0.07042253521126761,0.29577464788732394,0.04225352112676056,-4.81068069966166,0.7746478873239436,0.18309859154929578,8.791824786174711,0.4225352112676056,13.052626850458468,0.5492957746478874,0.028169014084507043,-8.1834398718903,71,0.2676056338028169,0.9577464788732394,0.352112676056338,-3.58646028188425,0.6197183098591549,0.028169014084507043,2.949372625666815
592626,"Pederson, Joc",2026,"SI","Rangers","L","1.907792924",0.11267605633802817,0.323943661971831,0.08450704225352113,-7.914850895289959,0.704225352112676,0.2112676056338028,7.078127609015206,0.014084507042253521,9.162332785551614,0.647887323943662,0.3380281690140845,-11.743579855584724,71,0.2676056338028169,0.8591549295774648,0.056338028169014086,-5.143488685802495,0.5915492957746479,0.352112676056338,3.101804887610032
669016,"Marsh, Brandon",2026,"FC","Phillies","L","1.880627809",0.07042253521126761,0.2112676056338028,0.15492957746478872,-6.477563295453515,0.647887323943662,0.19718309859154928,7.130074118455516,0.08450704225352113,12.491467550364703,0.7323943661971831,0.18309859154929578,-11.052374531346912,71,0.2676056338028169,0.9295774647887324,0.14084507042253522,-3.0025210504346322,0.5915492957746479,0.2676056338028169,2.9208678557102212
650490,"Díaz, Yandy",2026,"CU","Rays","R","3.8612073",0.056338028169014086,0.323943661971831,0.014084507042253521,-6.188250735712977,0.6338028169014085,0.352112676056338,6.839874646530353,0.36619718309859156,15.229303301379051,0.5915492957746479,0.04225352112676056,-11.382427352972524,71,0.1267605633802817,0.8873239436619719,0.22535211267605634,-3.201067064841104,0.7605633802816901,0.014084507042253521,2.4536251632798143
808982,"Lee, Jung Hoo",2026,"CH","Giants","L","2.049147779",0.028169014084507043,0.23943661971830985,0.056338028169014086,-4.70564265506842,0.6056338028169014,0.3380281690140845,7.3605628843286475,0.2535211267605634,9.59694442072591,0.704225352112676,0.04225352112676056,-13.51383492816407,71,0.1267605633802817,0.971830985915493,0.07042253521126761,-2.2842853409595514,0.7887323943661971,0.14084507042253522,2.5694164452658703
668939,"Rutschman, Adley",2026,"SI","zMLB","S","1.366573955",0.014084507042253521,0.2535211267605634,0.056338028169014086,-6.370901483977884,0.676056338028169,0.2676056338028169,6.567325084650242,0,,0.8309859154929577,0.16901408450704225,-9.279998990949773,71,0.1267605633802817,0.9436619718309859,0.04225352112676056,-3.122224905652861,0.6338028169014085,0.323943661971831,2.9301785230083435
681198,"Rumfield, TJ",2026,"CU","Rockies","L","3.714491597",0.09859154929577464,0.2676056338028169,0.056338028169014086,-6.00446719985783,0.6901408450704225,0.2535211267605634,6.433599680038292,0.38028169014084506,12.827304755045429,0.5352112676056338,0.08450704225352113,-11.50905992497002,71,0.29577464788732394,0.8732394366197183,0.352112676056338,-4.2159493845362475,0.5915492957746479,0.056338028169014086,2.4576240044256985
691406,"Caminero, Junior",2026,"CU","Rays","R","4.089344365",0.2112676056338028,0.1267605633802817,0.09859154929577464,-6.313650400675146,0.5211267605633803,0.38028169014084506,9.378277258171877,0.7183098591549296,15.09220577898771,0.2535211267605634,0.028169014084507043,-10.763907691725349,71,0.38028169014084506,0.8309859154929577,0.39436619718309857,-3.8119976960365203,0.5633802816901409,0.04225352112676056,2.3369195139571266
605137,"Bell, Josh",2026,"FC","Twins","S","1.058307643",0.04225352112676056,0.2676056338028169,0.29577464788732394,-6.156777153088369,0.647887323943662,0.056338028169014086,7.449883291918459,0.08450704225352113,11.20564652897797,0.8309859154929577,0.08450704225352113,-11.193540222984385,71,0.18309859154929578,0.9436619718309859,0.09859154929577464,-3.235365135231978,0.7323943661971831,0.16901408450704225,3.181022478297211
660688,"Ruiz, Keibert",2026,"CH","Nationals","S","3.274476246",0.056338028169014086,0.29577464788732394,0,,0.5492957746478874,0.4507042253521127,9.496696639846766,0.5352112676056338,11.442916743434767,0.4507042253521127,0.014084507042253521,-19.94076838421208,71,0.29577464788732394,0.9154929577464789,0.07042253521126761,-2.5909371135429837,0.9014084507042254,0.028169014084507043,2.5388698985388527
596019,"Lindor, Francisco",2026,"FC","Mets","S","1.191038914",0.04225352112676056,0.2535211267605634,0.08450704225352113,-5.972378062517462,0.8028169014084507,0.11267605633802817,7.138933223837666,0.16901408450704225,10.617955777337716,0.704225352112676,0.1267605633802817,-11.746097634924734,71,0.28169014084507044,0.971830985915493,0.18309859154929578,-3.089201907521406,0.647887323943662,0.16901408450704225,3.086958768775791
678246,"Vargas, Miguel",2026,"CU","White Sox","R","2.962836332",0.028169014084507043,0.2112676056338028,0.07042253521126761,-6.017081261355109,0.7323943661971831,0.19718309859154928,7.16827019684451,0.4084507042253521,11.028404553313132,0.5352112676056338,0.056338028169014086,-9.959852667954841,71,0.16901408450704225,0.8309859154929577,0.18309859154929578,-3.91814543720419,0.7746478873239436,0.04225352112676056,3.437186989515106
679845,"Loftin, Nick",2026,"SI","Royals","R","1.731768624",0.014084507042253521,0.30985915492957744,0.2535211267605634,-6.140837611848607,0.5774647887323944,0.16901408450704225,5.749977861396857,0.014084507042253521,12.771325123348882,0.8169014084507042,0.16901408450704225,-11.4452556021813,71,0.056338028169014086,0.9577464788732394,0.056338028169014086,-3.3624332226149782,0.7605633802816901,0.18309859154929578,2.8116973494230324
665489,"Guerrero Jr., Vladimir",2026,"ST","Blue Jays","R","3.526754016",0.056338028169014086,0.22535211267605634,0.11267605633802817,-5.12154254114655,0.5211267605633803,0.36619718309859156,8.308054950585008,0.5492957746478874,12.258478298477373,0.4225352112676056,0.028169014084507043,-8.516112302568317,71,0.2112676056338028,0.9014084507042254,0.04225352112676056,-2.3311072886278525,0.7323943661971831,0.22535211267605634,2.7031529007833393
543309,"Higashioka, Kyle",2026,"SL","Rangers","R","3.889468074",0.07042253521126761,0.2112676056338028,0,,0.5633802816901409,0.43661971830985913,10.888748319610619,0.4507042253521127,11.27889357408791,0.5352112676056338,0.014084507042253521,-7.3676922556343305,71,0.4225352112676056,0.8169014084507042,0.14084507042253522,-4.115065970544439,0.7605633802816901,0.09859154929577464,3.2341376879397457
702332,"Durbin, Caleb",2026,"FC","Red Sox","R","1.582330845",0.04225352112676056,0.2535211267605634,0.08450704225352113,-5.1648634577327135,0.6901408450704225,0.22535211267605634,6.589143075006706,0.19718309859154928,9.432953195424053,0.7464788732394366,0.056338028169014086,-8.594135755160204,71,0.15492957746478872,0.9859154929577465,0.11267605633802817,-2.8678486756007566,0.7464788732394366,0.14084507042253522,2.438036514550386
686797,"Lee, Brooks",2026,"FC","Twins","S","1.307734334",0.028169014084507043,0.29577464788732394,0.15492957746478872,-5.710378369766874,0.7887323943661971,0.056338028169014086,6.646798928394386,0.09859154929577464,9.616724335747783,0.8169014084507042,0.08450704225352113,-9.625755760209758,71,0.1267605633802817,0.9577464788732394,0.15492957746478872,-2.8917284400510477,0.7183098591549296,0.1267605633802817,2.5032647244711566
668904,"Lewis, Royce",2026,"CH","Twins","R","3.767224054",0.15492957746478872,0.11267605633802817,0.04225352112676056,-5.089936516042408,0.4788732394366197,0.4788732394366197,9.192614272529939,0.647887323943662,13.201628313595224,0.323943661971831,0.028169014084507043,-7.487368871961246,71,0.4084507042253521,0.8450704225352113,0.2676056338028169,-3.660421095356935,0.6619718309859155,0.07042253521126761,2.3916267571286935
662139,"Varsho, Daulton",2026,"CU","zMLB","L","4.203312478",0.056338028169014086,0.2676056338028169,0.1267605633802817,-6.368405012972804,0.6619718309859155,0.2112676056338028,8.949835981145204,0.39436619718309857,13.125562086665457,0.5492957746478874,0.056338028169014086,-11.865253894647129,71,0.2535211267605634,0.8450704225352113,0.3380281690140845,-4.432715728642751,0.6197183098591549,0.04225352112676056,2.3677390015220436
682177,"Schneemann, Daniel",2026,"SI","Guardians","L","1.063647053",0.04225352112676056,0.2676056338028169,0.056338028169014086,-4.592620412154947,0.704225352112676,0.23943661971830985,6.3664519443718435,0.014084507042253521,11.463158529645913,0.676056338028169,0.30985915492957744,-11.103523214670478,71,0.22535211267605634,0.9014084507042254,0.07042253521126761,-3.2773278435353075,0.6901408450704225,0.23943661971830985,3.0197284654026477
690993,"Keith, Colt",2026,"SI","Tigers","L","2.623322835",0,0.29577464788732394,0.08450704225352113,-5.908331834574349,0.5915492957746479,0.323943661971831,6.786727058248867,0.014084507042253521,9.925655889165899,0.8309859154929577,0.15492957746478872,-8.359413527323195,71,0.11267605633802817,0.9295774647887324,0.028169014084507043,-3.1207621864197934,0.7887323943661971,0.18309859154929578,3.0766174118982024
807712,"Keaschall, Luke",2026,"FC","Twins","R","3.726377402",0,0.28169014084507044,0.11267605633802817,-5.555074868641828,0.676056338028169,0.2112676056338028,10.28502588269783,0.09859154929577464,9.956246297375825,0.8591549295774648,0.04225352112676056,-10.306092229813858,71,0.11267605633802817,0.9295774647887324,0.056338028169014086,-3.1240360376895584,0.676056338028169,0.2676056338028169,2.6619459687801084
660670,"Acuña Jr., Ronald",2026,"SL","Braves","R","3.163403588",0.11267605633802817,0.18309859154929578,0.19718309859154928,-5.911746626510203,0.4788732394366197,0.323943661971831,8.848569872222216,0.14084507042253522,13.604811253107776,0.7464788732394366,0.11267605633802817,-11.840044964633934,71,0.30985915492957744,0.8591549295774648,0.28169014084507044,-3.077649725953092,0.5633802816901409,0.15492957746478872,3.3532183189828233
608324,"Bregman, Alex",2026,"FC","Cubs","R","2.744808379",0.04225352112676056,0.323943661971831,0.04225352112676056,-5.340934033706739,0.704225352112676,0.2535211267605634,8.142237528476231,0.22535211267605634,11.536584252044943,0.7323943661971831,0.04225352112676056,-8.504448302463928,71,0.19718309859154928,0.9577464788732394,0.08450704225352113,-2.6851781415333797,0.8169014084507042,0.09859154929577464,2.6132825718517623
694497,"Carter, Evan",2026,"SI","Rangers","L","2.371655104",0.04225352112676056,0.22535211267605634,0.1267605633802817,-6.661829727324436,0.5492957746478874,0.323943661971831,7.6471966797926525,0.04225352112676056,9.016569954292489,0.7323943661971831,0.22535211267605634,-12.02119380195155,71,0.18309859154929578,0.8873239436619719,0.056338028169014086,-2.5746465448235485,0.6197183098591549,0.323943661971831,2.8072598375476447
665926,"Giménez, Andrés",2026,"CU","Blue Jays","L","4.845125067",0.09859154929577464,0.18309859154929578,0.11267605633802817,-5.912875565673456,0.647887323943662,0.23943661971830985,8.676363673636239,0.4084507042253521,14.169986937077502,0.5070422535211268,0.08450704225352113,-9.055949164306577,71,0.2676056338028169,0.8591549295774648,0.39436619718309857,-4.28247455101307,0.6056338028169014,0,
669134,"Campusano, Luis",2026,"FF","Padres","R","1.037931184",0.014084507042253521,0.323943661971831,0.07042253521126761,-5.620918076118601,0.8169014084507042,0.11267605633802817,5.615187544776614,0.028169014084507043,7.970106359937155,0.8028169014084507,0.16901408450704225,-10.277475722606596,71,0.23943661971830985,0.9577464788732394,0.04225352112676056,-2.277201555578901,0.5915492957746479,0.36619718309859156,3.1415004625575706
695731,"Montgomery, Braden",2026,"SI","White Sox","S","1.882920276",0.1267605633802817,0.04225352112676056,0,,0.30985915492957744,0.6901408450704225,8.516769539946026,0.028169014084507043,7.922247211890047,0.6056338028169014,0.36619718309859156,-11.19877893128157,71,0.28169014084507044,0.9295774647887324,0.14084507042253522,-2.6189474192106563,0.49295774647887325,0.36619718309859156,3.276022101416467
671976,"Peters, Tristan",2026,"FC","White Sox","L","1.103527841",0.014285714285714285,0.2,0.21428571428571427,-5.6934597490637335,0.7571428571428571,0.02857142857142857,6.696785738726939,0.1,9.25857074103686,0.7857142857142857,0.11428571428571428,-12.117900205627018,70,0.15714285714285714,0.9428571428571428,0.05714285714285714,-2.8095838929682397,0.6,0.34285714285714286,3.312182657218682
701807,"Benge, Carson",2026,"ST","Mets","L","3.949253282",0.07142857142857142,0.17142857142857143,0.08571428571428572,-7.02807760277554,0.5285714285714286,0.38571428571428573,9.244682484488735,0.38571428571428573,11.823969379466549,0.5714285714285714,0.04285714285714286,-12.75630199144119,70,0.37142857142857144,0.9,0.22857142857142856,-4.342349246640828,0.6,0.17142857142857143,2.5858730295564363
678391,"Vivas, Jorbit",2026,"SL","Nationals","L","3.134257048",0.04285714285714286,0.18571428571428572,0.15714285714285714,-5.6080552180635035,0.5857142857142857,0.2571428571428571,7.679887440457959,0.22857142857142856,10.795824539653154,0.7142857142857143,0.05714285714285714,-18.46210764413457,70,0.18571428571428572,0.8714285714285714,0.15714285714285714,-4.863688500752975,0.6857142857142857,0.15714285714285714,3.0952274726443365
691458,"Jordan, Blaze",2026,"SI","Cardinals","R","1.727075756",0,0.2714285714285714,0.11428571428571428,-6.690775222534753,0.6857142857142857,0.2,7.112705960155412,0.014285714285714285,7.277226316617875,0.7714285714285715,0.21428571428571427,-9.440920810630233,70,0.15714285714285714,0.9714285714285714,0.12857142857142856,-3.112912246468198,0.7285714285714285,0.14285714285714285,2.5975628477939257
607043,"Nimmo, Brandon",2026,"ST","Rangers","L","2.318299781",0.08571428571428572,0.14285714285714285,0.05714285714285714,-7.14668445833594,0.6714285714285714,0.2714285714285714,8.310207525877914,0.4142857142857143,14.45785753678147,0.5,0.08571428571428572,-12.763233334255084,70,0.3142857142857143,0.9285714285714286,0.18571428571428572,-3.4735044520187297,0.6142857142857143,0.2,2.868596503133912
668901,"Vientos, Mark",2026,"SL","Mets","R","4.834272224",0.2571428571428571,0.12857142857142856,0.08571428571428572,-4.88489557381336,0.4142857142857143,0.5,8.958412148543104,0.42857142857142855,12.682993943029274,0.5142857142857142,0.05714285714285714,-8.451019420897875,70,0.5,0.8285714285714286,0.42857142857142855,-5.015548502027475,0.5142857142857142,0.05714285714285714,2.9933329985873005
668227,"Arozarena, Randy",2026,"FC","Mariners","R","1.479732639",0.07142857142857142,0.24285714285714285,0.1,-4.8809131172858375,0.6,0.3,6.2371672589693405,0.1,10.680822795239976,0.6857142857142857,0.21428571428571427,-11.98892446519536,70,0.22857142857142856,0.9285714285714286,0.21428571428571427,-2.8781996659065827,0.6142857142857143,0.17142857142857143,3.223315942852271
661388,"Contreras, William",2026,"CH","Brewers","R","2.422090013",0.11428571428571428,0.22857142857142856,0.05714285714285714,-5.231671506432014,0.5571428571428572,0.38571428571428573,7.086535896544865,0.44285714285714284,11.346554255695947,0.5142857142857142,0.04285714285714286,-10.15522081661618,70,0.2714285714285714,1,0.22857142857142856,-3.236083370625559,0.7428571428571429,0.02857142857142857,2.4843312860497004
671732,"Butler, Lawrence",2026,"SL","Athletics","L","3.98803103",0.05714285714285714,0.17142857142857143,0.05714285714285714,-10.087154453730932,0.6285714285714286,0.3142857142857143,8.798779660321195,0.35714285714285715,10.953001045495755,0.6142857142857143,0.02857142857142857,-9.072942073021661,70,0.34285714285714286,0.8714285714285714,0.2571428571428571,-5.373186870034763,0.6571428571428571,0.08571428571428572,2.7598732231079786
543309,"Higashioka, Kyle",2026,"SI","Rangers","R","1.093887787",0.014285714285714285,0.2,0.24285714285714285,-6.460791273648596,0.6714285714285714,0.08571428571428572,5.079596573519197,0.014285714285714285,9.37195365060211,0.7142857142857143,0.2714285714285714,-10.195040661519185,70,0.14285714285714285,0.9142857142857143,0.12857142857142856,-3.344555705017896,0.7428571428571429,0.12857142857142856,2.4493039576532616
621493,"Ward, Taylor",2026,"CH","zMLB","R","2.600833425",0.05714285714285714,0.3,0,,0.6428571428571429,0.35714285714285715,7.133817100374296,0.34285714285714286,11.222020725262958,0.6285714285714286,0.02857142857142857,-10.594191326717208,70,0.15714285714285714,0.9714285714285714,0.11428571428571428,-2.9499682131230176,0.7285714285714285,0.15714285714285714,2.5410923654664472
545121,"Vargas, Ildemaro",2026,"SI","Diamondbacks","S","1.880845245",0.04285714285714286,0.5571428571428572,0.05714285714285714,-6.101675658231675,0.7571428571428571,0.18571428571428572,6.5328374948293595,0.07142857142857142,10.76311329817955,0.8285714285714286,0.1,-8.996075549267417,70,0.07142857142857142,0.9714285714285714,0.04285714285714286,-2.545645047946398,0.8571428571428571,0.1,2.9778562331614564
694249,"Carrigg, Cole",2026,"SI","Rockies","S","0.9915422",0.04285714285714286,0.2571428571428571,0.1,-5.613126598594756,0.6,0.3,7.965766423519503,0,,0.7428571428571429,0.2571428571428571,-11.197266270633222,70,0.14285714285714285,0.9428571428571428,0,,0.6571428571428571,0.34285714285714286,2.643935303830189
670541,"Alvarez, Yordan",2026,"CU","Astros","L","5.521804299",0.02857142857142857,0.24285714285714285,0.02857142857142857,-7.74340137484123,0.6142857142857143,0.35714285714285715,10.34394544380619,0.5428571428571428,14.69472839571745,0.44285714285714284,0.014285714285714285,-13.195829654937056,70,0.2714285714285714,0.8571428571428571,0.14285714285714285,-3.810087704799697,0.7857142857142857,0.07142857142857142,2.633125772829404
694203,"Guzman, Denzer",2026,"SI","Angels","R","0.876782804",0.02857142857142857,0.2571428571428571,0.34285714285714286,-6.552367788714321,0.6,0.05714285714285714,6.739557409332623,0,,0.7428571428571429,0.2571428571428571,-10.823136755533636,70,0.14285714285714285,0.9142857142857143,0.12857142857142856,-2.5851773023710503,0.7428571428571429,0.12857142857142856,2.941218087380178
666160,"Moniak, Mickey",2026,"SI","Rockies","L","0.975634647",0.014285714285714285,0.35714285714285715,0.24285714285714285,-6.017759106618212,0.6857142857142857,0.07142857142857142,5.736641019351617,0.014285714285714285,8.236374974822398,0.7857142857142857,0.2,-9.747066179665076,70,0.08571428571428572,0.9571428571428572,0.04285714285714286,-2.828524367442954,0.8285714285714286,0.12857142857142856,3.0564265269483872
800325,"Lara, Luis",2026,"FF","Brewers","S","0.817212075",0,0.3142857142857143,0.014285714285714285,-8.649145196246977,0.8428571428571429,0.14285714285714285,6.3897628489383616,0.014285714285714285,10.63286311264248,0.6571428571428571,0.32857142857142857,-9.589925155624169,70,0.12857142857142856,0.8857142857142857,0,,0.6571428571428571,0.34285714285714286,3.0270526571984093
702222,"Crawford, Justin",2026,"CH","Phillies","L","1.688594608",0.1,0.15714285714285714,0.014285714285714285,-4.060632344102807,0.5285714285714286,0.45714285714285713,7.150590779569613,0.44285714285714284,12.315278909746441,0.5428571428571428,0.014285714285714285,-9.853767485986069,70,0.21428571428571427,0.9428571428571428,0.2571428571428571,-2.755131663940115,0.6571428571428571,0.08571428571428572,2.3454084116826905
665966,"Narváez, Carlos",2026,"SI","zMLB","R","0.657769797",0.014285714285714285,0.37142857142857144,0.14285714285714285,-5.643953003776789,0.7428571428571429,0.11428571428571428,6.28765095217181,0,,0.8285714285714286,0.17142857142857143,-9.838313602891036,70,0.07142857142857142,0.8714285714285714,0.014285714285714285,-2.222808178745685,0.7857142857142857,0.2,2.827657073812037
701398,"Stewart, Sal",2026,"CU","Reds","R","3.36957069",0.08571428571428572,0.14285714285714285,0.05714285714285714,-6.106500072077507,0.6428571428571429,0.3,7.137428170068922,0.5,13.353618030294223,0.4857142857142857,0.014285714285714285,-9.014364067532162,70,0.2571428571428571,0.8428571428571429,0.42857142857142855,-3.315357479212137,0.5285714285714286,0.04285714285714286,2.4328144711769437
545341,"Grichuk, Randal",2026,"CH","zMLB","R","5.855427933",0.08571428571428572,0.18571428571428572,0.05714285714285714,-5.171514975191469,0.44285714285714284,0.5,11.024170785557352,0.5571428571428572,14.293289125604343,0.44285714285714284,0,,70,0.32857142857142857,0.9571428571428572,0.18571428571428572,-3.078527750290556,0.8,0.014285714285714285,2.6424852724576118
624585,"Soler, Jorge",2026,"CH","Angels","R","3.996042951",0.2,0.1,0.05714285714285714,-6.466722854477859,0.44285714285714284,0.5,9.701773629846105,0.6428571428571429,13.232445038847201,0.3142857142857143,0.04285714285714286,-7.877907819042936,70,0.44285714285714284,0.9,0.24285714285714285,-3.338941362985634,0.6571428571428571,0.1,2.498529848773589
665487,"Tatis Jr., Fernando",2026,"FC","Padres","R","1.950039447",0.05714285714285714,0.2571428571428571,0.08571428571428572,-44.14261378113406,0.5714285714285714,0.34285714285714286,9.252107562568707,0.15714285714285714,11.125153852369246,0.6714285714285714,0.17142857142857143,-12.258364662200025,70,0.3142857142857143,0.8571428571428571,0.17142857142857143,-3.721140675366005,0.6285714285714286,0.2,3.3530354565555553
669257,"Smith, Will",2026,"SI","Dodgers","R","1.255507812",0,0.4,0.07142857142857142,-4.8714828734667,0.7428571428571429,0.18571428571428572,5.4481343022477295,0,,0.8571428571428571,0.14285714285714285,-8.887294946844221,70,0.08571428571428572,0.9714285714285714,0.05714285714285714,-2.4452665943852923,0.7,0.24285714285714285,2.820267388318828
657041,"Thomas, Lane",2026,"SL","zMLB","R","4.48288701",0.15714285714285714,0.15714285714285714,0.08571428571428572,-6.217294756921302,0.5714285714285714,0.34285714285714286,9.73569261537259,0.22857142857142856,15.272469009132207,0.6285714285714286,0.14285714285714285,-10.242364646551707,70,0.42857142857142855,0.8142857142857143,0.37142857142857144,-4.73522504935226,0.5285714285714286,0.1,2.5679785568280704
682668,"Acuña, Luisangel",2026,"SI","White Sox","R","2.726949734",0.028985507246376812,0.3333333333333333,0.08695652173913043,-5.668421836050022,0.782608695652174,0.13043478260869565,9.481066090635103,0,,0.7536231884057971,0.2463768115942029,-9.935280124051541,69,0.13043478260869565,0.9130434782608695,0.08695652173913043,-2.9154510328887238,0.7681159420289855,0.14492753623188406,2.623482317928738
666160,"Moniak, Mickey",2026,"FC","Rockies","L","1.640301064",0.043478260869565216,0.18840579710144928,0.3333333333333333,-6.668726663254393,0.5797101449275363,0.08695652173913043,8.767462568154425,0.07246376811594203,10.980200426209066,0.7391304347826086,0.18840579710144928,-11.148256283287157,69,0.2318840579710145,0.8840579710144928,0.057971014492753624,-3.609976318254837,0.6666666666666666,0.2753623188405797,2.906687935591414
680574,"McLain, Matt",2026,"ST","Reds","R","5.781512933",0.07246376811594203,0.21739130434782608,0.028985507246376812,-6.994448681138994,0.5507246376811594,0.42028985507246375,12.09479481228017,0.4492753623188406,12.314695792249946,0.5217391304347826,0.028985507246376812,-8.106938440206665,69,0.3333333333333333,0.8985507246376812,0.07246376811594203,-2.677327938098523,0.782608695652174,0.14492753623188406,3.057218538919619
596019,"Lindor, Francisco",2026,"SL","Mets","S","2.474878776",0.10144927536231885,0.2608695652173913,0.10144927536231885,-5.322880852443295,0.7536231884057971,0.14492753623188406,6.171333484402616,0.2028985507246377,11.858109842028616,0.6811594202898551,0.11594202898550725,-9.770634015556402,69,0.3188405797101449,0.8695652173913043,0.3333333333333333,-3.650211438185407,0.5652173913043478,0.10144927536231885,3.087119937279988
694212,"Basallo, Samuel",2026,"CU","Orioles","L","3.343258548",0.18840579710144928,0.17391304347826086,0.057971014492753624,-4.916264902531808,0.6521739130434783,0.2898550724637681,8.306216047810082,0.5797101449275363,11.985768617514216,0.37681159420289856,0.043478260869565216,-10.339075910650658,69,0.4492753623188406,0.855072463768116,0.391304347826087,-4.0948385511954415,0.5217391304347826,0.08695652173913043,2.867606517253496
668901,"Vientos, Mark",2026,"CH","Mets","R","3.826915506",0.08695652173913043,0.2028985507246377,0.08695652173913043,-8.859399993994272,0.5507246376811594,0.36231884057971014,6.803792189856304,0.34782608695652173,12.225775703984247,0.6376811594202898,0.014492753623188406,-8.043231332884172,69,0.30434782608695654,0.8840579710144928,0.391304347826087,-4.448780712071733,0.5797101449275363,0.028985507246376812,2.696244776122723
656811,"O'Hearn, Ryan",2026,"CH","Pirates","L","2.624683106",0.07246376811594203,0.18840579710144928,0.028985507246376812,-5.057903136668756,0.5652173913043478,0.4057971014492754,7.0066014708166335,0.5507246376811594,11.77669737582514,0.4057971014492754,0.043478260869565216,-13.921386763104369,69,0.2898550724637681,0.9130434782608695,0.2463768115942029,-3.153537615326812,0.7391304347826086,0.014492753623188406,3.0710485983496345
673357,"Robert Jr., Luis",2026,"SI","Mets","R","0.983028997",0.028985507246376812,0.3188405797101449,0.3188405797101449,-7.848532719058769,0.6231884057971014,0.057971014492753624,5.965808575498103,0,,0.7971014492753623,0.2028985507246377,-9.98495664600498,69,0.08695652173913043,0.927536231884058,0.11594202898550725,-2.7254432693794475,0.8115942028985508,0.07246376811594203,2.4227946311057056
696100,"Goodman, Hunter",2026,"CU","Rockies","R","4.252482059",0.2898550724637681,0.08695652173913043,0.043478260869565216,-9.068729156793976,0.4927536231884058,0.463768115942029,9.043916283940096,0.6956521739130435,14.352819129816334,0.2898550724637681,0.014492753623188406,-7.999763004009805,69,0.463768115942029,0.8405797101449275,0.5362318840579711,-3.9083006715292608,0.4057971014492754,0.057971014492753624,2.7083116361855923
701807,"Benge, Carson",2026,"FC","Mets","L","2.327905112",0.043478260869565216,0.3188405797101449,0.10144927536231885,-6.120224749633043,0.7391304347826086,0.15942028985507245,9.962239708385793,0.07246376811594203,9.766119662251661,0.6376811594202898,0.2898550724637681,-11.22339273345123,69,0.08695652173913043,0.9130434782608695,0.07246376811594203,-2.4922072869213885,0.7681159420289855,0.15942028985507245,3.359177569141403
699912,"Fernandez, Jose",2026,"FF","Diamondbacks","R","0.96380156",0.014492753623188406,0.2463768115942029,0.11594202898550725,-5.316798809102731,0.782608695652174,0.10144927536231885,8.54899993728289,0.057971014492753624,9.07861006623813,0.6666666666666666,0.2753623188405797,-10.070283317100648,69,0.18840579710144928,0.9130434782608695,0,,0.6231884057971014,0.37681159420289856,2.74778606371863
686780,"Pagés, Pedro",2026,"SI","Cardinals","R","1.147582824",0,0.2318840579710145,0.15942028985507245,-6.373872689069673,0.6521739130434783,0.18840579710144928,7.540119459430306,0.014492753623188406,9.07142364920527,0.8260869565217391,0.15942028985507245,-9.204283648477054,69,0.15942028985507245,0.9565217391304348,0.10144927536231885,-2.670882208250444,0.7391304347826086,0.15942028985507245,2.5488554598523243
667670,"Rooker, Brent",2026,"SL","Athletics","R","5.640493843",0.3188405797101449,0.17391304347826086,0.10144927536231885,-5.329716141938745,0.4492753623188406,0.4492753623188406,11.97293370723762,0.43478260869565216,13.114908810294718,0.463768115942029,0.10144927536231885,-8.717417380776546,69,0.5507246376811594,0.9130434782608695,0.43478260869565216,-3.6428043967266532,0.4782608695652174,0.08695652173913043,2.938749347240932
663457,"Nootbaar, Lars",2026,"SI","zMLB","L","0.939681885",0.014492753623188406,0.3333333333333333,0.08695652173913043,-6.024145126816875,0.6666666666666666,0.2463768115942029,5.843985372525385,0.028985507246376812,8.375857229718683,0.8840579710144928,0.08695652173913043,-9.243370867319403,69,0.057971014492753624,0.9855072463768116,0.07246376811594203,-2.562328609268674,0.782608695652174,0.14492753623188406,2.543260026154726
682177,"Schneemann, Daniel",2026,"CH","Guardians","L","2.996028752",0.18840579710144928,0.18840579710144928,0.014492753623188406,-5.6716506949821515,0.36231884057971014,0.6231884057971014,7.979685005999591,0.34782608695652173,11.043466119993703,0.6376811594202898,0.014492753623188406,-11.903349926374405,69,0.391304347826087,0.8695652173913043,0.34782608695652173,-3.1765497082117298,0.5797101449275363,0.07246376811594203,3.171977331197706
695734,"Lile, Daylen",2026,"CU","Nationals","L","6.765256838",0.10144927536231885,0.30434782608695654,0.057971014492753624,-5.266722085669043,0.6666666666666666,0.2753623188405797,10.993651545766163,0.4927536231884058,12.370945493496865,0.4927536231884058,0.014492753623188406,-14.216224959995877,69,0.2608695652173913,0.8840579710144928,0.2318840579710145,-4.277647240115636,0.7101449275362319,0.057971014492753624,2.7575988173336308
663368,"Perkins, Blake",2026,"FF","Brewers","S","0.797609163",0.029411764705882353,0.35294117647058826,0.07352941176470588,-5.470870786955742,0.8676470588235294,0.058823529411764705,6.826758877544733,0,,0.8529411764705882,0.14705882352941177,-10.473284008438855,68,0.2647058823529412,0.9117647058823529,0,,0.5882352941176471,0.4117647058823529,3.0529894814363416
700337,"Quero, Edgar",2026,"SI","White Sox","S","0.508052738",0.029411764705882353,0.3382352941176471,0,,0.75,0.25,6.190357889438881,0.014705882352941176,9.76824945858982,0.8235294117647058,0.16176470588235295,-10.114577480240717,68,0.07352941176470588,0.9558823529411765,0.07352941176470588,-2.5694259970350446,0.8235294117647058,0.10294117647058823,2.71833250624059
691594,"Sanoja, Javier",2026,"ST","Marlins","R","3.73160151",0.058823529411764705,0.22058823529411764,0.04411764705882353,-8.702250649878527,0.6764705882352942,0.27941176470588236,9.21353611221255,0.5588235294117647,12.886705857403651,0.4117647058823529,0.029411764705882353,-18.23022781763073,68,0.20588235294117646,0.8235294117647058,0.10294117647058823,-5.6533363637121745,0.7647058823529411,0.1323529411764706,2.7038216643076383
691594,"Sanoja, Javier",2026,"CH","Marlins","R","5.127574534",0.04411764705882353,0.17647058823529413,0,,0.6323529411764706,0.36764705882352944,10.027159466868293,0.5441176470588235,12.972998744902027,0.4264705882352941,0.029411764705882353,-18.544369845915647,68,0.16176470588235295,0.8970588235294118,0.029411764705882353,-2.903918103592889,0.7941176470588235,0.17647058823529413,2.8990131366525382
664983,"McCarthy, Jake",2026,"ST","Rockies","L","3.372622007",0.10294117647058823,0.11764705882352941,0.04411764705882353,-5.034528152850306,0.5441176470588235,0.4117647058823529,7.942563161337159,0.47058823529411764,11.17760791842179,0.45588235294117646,0.07352941176470588,-11.666803559542164,68,0.3088235294117647,0.8382352941176471,0.25,-3.8186841842654236,0.6617647058823529,0.08823529411764706,3.3708003989960087
687551,"Gilbert, Drew",2026,"CH","Giants","L","5.253347044",0.04411764705882353,0.11764705882352941,0.014705882352941176,-5.574522572781909,0.4117647058823529,0.5735294117647058,10.001705028688166,0.38235294117647056,13.278174095853494,0.5735294117647058,0.04411764705882353,-14.125256778356267,68,0.27941176470588236,0.9264705882352942,0.04411764705882353,-3.5881849372820795,0.8382352941176471,0.11764705882352941,3.338079050915518
621493,"Ward, Taylor",2026,"FC","zMLB","R","1.332609836",0.029411764705882353,0.25,0.04411764705882353,-6.041999374259366,0.7058823529411765,0.25,7.339880426766,0.08823529411764706,8.7111822983657,0.7352941176470589,0.17647058823529413,-10.61238738392777,68,0.22058823529411764,0.8970588235294118,0.014705882352941176,-2.10140791938058,0.5441176470588235,0.4411764705882353,2.9574255965354315
641487,"Crawford, J.P.",2026,"FC","Mariners","L","0.392892628",0,0.22058823529411764,0.35294117647058826,-6.314314342017421,0.5882352941176471,0.058823529411764705,6.672384251647039,0.029411764705882353,8.327398670032691,0.8823529411764706,0.08823529411764706,-8.735779911952081,68,0.19117647058823528,0.9558823529411765,0.058823529411764705,-2.591979912722004,0.7058823529411765,0.23529411764705882,2.7968634965527586
701398,"Stewart, Sal",2026,"FC","Reds","R","1.667708829",0.04411764705882353,0.19117647058823528,0.04411764705882353,-4.579767227260277,0.6764705882352942,0.27941176470588236,8.39856576635386,0.10294117647058823,9.403800466352866,0.75,0.14705882352941177,-10.825194265901828,68,0.27941176470588236,0.9705882352941176,0.058823529411764705,-2.638544531796869,0.75,0.19117647058823528,3.5457177417717203
664770,"Lukes, Nathan",2026,"FC","Blue Jays","L","0.861727149",0.014705882352941176,0.20588235294117646,0.14705882352941177,-5.450341141280822,0.7058823529411765,0.14705882352941177,6.344119178233557,0.07352941176470588,9.071012299512654,0.8235294117647058,0.10294117647058823,-10.019596456273897,68,0.17647058823529413,0.9852941176470589,0.04411764705882353,-2.387390239209228,0.5882352941176471,0.36764705882352944,3.0777868127794408
641933,"O'Neill, Tyler",2026,"CH","Orioles","R","4.18922972",0.11764705882352941,0.20588235294117646,0.014705882352941176,-15.481862601099202,0.4852941176470588,0.5,8.32123068609452,0.38235294117647056,10.885876092108152,0.5882352941176471,0.029411764705882353,-8.348391266771586,68,0.35294117647058826,0.9411764705882353,0.22058823529411764,-3.7999598357456272,0.6764705882352942,0.10294117647058823,2.730305460253367
694671,"Langford, Wyatt",2026,"ST","Rangers","R","5.084189499",0.07352941176470588,0.16176470588235295,0.10294117647058823,-5.33772765897687,0.5147058823529411,0.38235294117647056,11.660912217398389,0.3382352941176471,14.213451848456762,0.5588235294117647,0.10294117647058823,-11.822090216264359,68,0.29411764705882354,0.8235294117647058,0.07352941176470588,-3.1673529485722822,0.7794117647058824,0.14705882352941177,2.7350657956821816
669899,"Ward, Ryan",2026,"FF","Dodgers","L","1.258822893",0.014705882352941176,0.10294117647058823,0.014705882352941176,-5.704146855721543,0.9117647058823529,0.07352941176470588,5.063223173773134,0,,0.6617647058823529,0.3382352941176471,-9.988522843286248,68,0.4117647058823529,0.9705882352941176,0,,0.20588235294117646,0.7941176470588235,3.358305906554197
664056,"Bader, Harrison",2026,"FF","Giants","R","0.68748278",0.04411764705882353,0.2647058823529412,0.08823529411764706,-4.852413213534614,0.7794117647058824,0.1323529411764706,6.336933550670757,0,,0.75,0.25,-11.889503627952442,68,0.23529411764705882,0.8970588235294118,0,,0.6176470588235294,0.38235294117647056,2.931081398677068
592450,"Judge, Aaron",2026,"CH","Yankees","R","3.875057816",0.14705882352941177,0.1323529411764706,0.014705882352941176,-4.42122005855807,0.47058823529411764,0.5147058823529411,9.063258672141473,0.6029411764705882,12.321437478011779,0.38235294117647056,0.014705882352941176,-8.05783112470007,68,0.39705882352941174,0.9705882352941176,0.25,-3.3233891640760143,0.6617647058823529,0.08823529411764706,2.6893024017586775
605141,"Betts, Mookie",2026,"FC","Dodgers","R","1.842467598",0,0.4117647058823529,0,,0.6617647058823529,0.3382352941176471,7.0025275327803636,0.14705882352941177,10.066006648123828,0.6764705882352942,0.17647058823529413,-11.46708559236704,68,0.08823529411764706,0.8529411764705882,0.029411764705882353,-2.695557966918441,0.8088235294117647,0.16176470588235295,2.8047699747882913
669224,"Wells, Austin",2026,"SI","Yankees","L","0.85231709",0.014705882352941176,0.3235294117647059,0.16176470588235295,-7.0257600192756975,0.7205882352941176,0.11764705882352941,6.532160655706854,0,,0.6764705882352942,0.3235294117647059,-10.282012003819137,68,0.10294117647058823,0.9411764705882353,0.10294117647058823,-2.513021628962767,0.8088235294117647,0.08823529411764706,3.1219378697471716
671056,"Herrera, Iván",2026,"CU","Cardinals","R","4.127830855",0.07352941176470588,0.17647058823529413,0.10294117647058823,-5.570196836700494,0.5735294117647058,0.3235294117647059,9.777245395147643,0.4411764705882353,13.666417378642048,0.47058823529411764,0.08823529411764706,-8.420383094590855,68,0.23529411764705882,0.9264705882352942,0.20588235294117646,-2.925908934051802,0.75,0.04411764705882353,2.27263896935678
683002,"Henderson, Gunnar",2026,"FC","Orioles","L","1.56409063",0.08823529411764706,0.23529411764705882,0.14705882352941177,-5.07479561614755,0.7205882352941176,0.1323529411764706,8.733479745189712,0.11764705882352941,12.295073560329074,0.7352941176470589,0.14705882352941177,-11.833478826884427,68,0.36764705882352944,0.9705882352941176,0.16176470588235295,-2.987941305956185,0.5294117647058824,0.3088235294117647,3.016477403041321
641355,"Bellinger, Cody",2026,"FC","Yankees","L","2.175505558",0.058823529411764705,0.35294117647058826,0.16176470588235295,-7.141995085145156,0.7941176470588235,0.04411764705882353,5.623363043499643,0.029411764705882353,8.685560176671247,0.7647058823529411,0.20588235294117646,-9.20948177719548,68,0.16176470588235295,0.9264705882352942,0.16176470588235295,-3.5143482430601636,0.6911764705882353,0.14705882352941177,2.8657591081602654
695657,"Montgomery, Colson",2026,"CU","White Sox","L","6.160549069",0.25,0.14705882352941177,0.058823529411764705,-6.3294035778014734,0.6176470588235294,0.3235294117647059,12.1587471743558,0.5588235294117647,13.831201298471672,0.4117647058823529,0.029411764705882353,-10.004920516899835,68,0.4411764705882353,0.8823529411764706,0.5441176470588235,-4.033806013004536,0.45588235294117646,0,
691011,"Romo, Drew",2026,"CH","White Sox","S","3.990953306",0.11764705882352941,0.16176470588235295,0.014705882352941176,-5.051327219275972,0.3382352941176471,0.6470588235294118,9.693304403071549,0.5735294117647058,10.757546148809883,0.4117647058823529,0.014705882352941176,-8.142572119816968,68,0.4117647058823529,0.9852941176470589,0.16176470588235295,-3.5102771292997033,0.7941176470588235,0.04411764705882353,2.964290189547362
694192,"Chourio, Jackson",2026,"CH","Brewers","R","2.526243984",0.08823529411764706,0.19117647058823528,0.029411764705882353,-6.610006198306628,0.6617647058823529,0.3088235294117647,7.527141463088158,0.3235294117647059,11.382431435199175,0.6470588235294118,0.029411764705882353,-9.28347328145561,68,0.22058823529411764,0.9411764705882353,0.3382352941176471,-3.064239249703384,0.6323529411764706,0.029411764705882353,2.368632333774034
680700,"Palacios, Richie",2026,"SL","Rays","L","2.886858424",0.08955223880597014,0.1791044776119403,0.08955223880597014,-6.348083561859588,0.6119402985074627,0.29850746268656714,8.861278803718129,0.3880597014925373,12.164314426754526,0.5522388059701493,0.05970149253731343,-12.283310261002633,67,0.2835820895522388,0.9104477611940298,0.22388059701492538,-3.6059231514811603,0.6417910447761194,0.13432835820895522,2.9116743836923895
695336,"Saggese, Thomas",2026,"FF","Cardinals","R","0.83497548",0.05970149253731343,0.07462686567164178,0.08955223880597014,-5.259011812936916,0.835820895522388,0.07462686567164178,5.1763842315341515,0,,0.6268656716417911,0.373134328358209,-9.346458995332553,67,0.3880597014925373,0.9552238805970149,0,,0.2835820895522388,0.7164179104477612,3.1216752349744534
691026,"Winn, Masyn",2026,"FC","Cardinals","R","3.054658783",0.08955223880597014,0.3880597014925373,0.05970149253731343,-5.123502407099649,0.6567164179104478,0.2835820895522388,8.832071113026181,0.07462686567164178,13.261725744085775,0.8208955223880597,0.1044776119402985,-13.551084338555716,67,0.23880597014925373,0.9104477611940298,0.04477611940298507,-3.9418500515968584,0.7014925373134329,0.2537313432835821,2.8525883576416944
687093,"Grissom, Vaughn",2026,"CH","Angels","R","3.740092085",0.13432835820895522,0.22388059701492538,0.029850746268656716,-6.210294037302026,0.5074626865671642,0.4626865671641791,7.3324493819226895,0.43283582089552236,12.283264168106705,0.5074626865671642,0.05970149253731343,-10.697751938751484,67,0.22388059701492538,0.9253731343283582,0.23880597014925373,-2.6907264083406592,0.6417910447761194,0.11940298507462686,3.0664386561265617
664761,"Bohm, Alec",2026,"ST","Phillies","R","3.989813585",0.029850746268656716,0.3582089552238806,0.029850746268656716,-6.297273559042429,0.7014925373134329,0.26865671641791045,9.200067058955216,0.31343283582089554,10.654100772541303,0.6716417910447762,0.014925373134328358,-10.867146496845466,67,0.1791044776119403,0.9104477611940298,0.05970149253731343,-3.872044331469822,0.7611940298507462,0.1791044776119403,3.028562730639649
665926,"Giménez, Andrés",2026,"FC","Blue Jays","L","1.835960523",0.05970149253731343,0.19402985074626866,0.22388059701492538,-7.065509727848291,0.6417910447761194,0.13432835820895522,9.019008920912123,0.11940298507462686,9.938532807662234,0.7611940298507462,0.11940298507462686,-10.673468663293981,67,0.19402985074626866,0.9253731343283582,0.1791044776119403,-3.6124707206783193,0.7014925373134329,0.11940298507462686,3.171784454495708
656555,"Hoskins, Rhys",2026,"SL","Guardians","R","3.791912617",0.13432835820895522,0.16417910447761194,0.04477611940298507,-8.654902919921602,0.6268656716417911,0.3283582089552239,9.022613803064464,0.31343283582089554,11.298655313677054,0.5671641791044776,0.11940298507462686,-11.594409441261764,67,0.3582089552238806,0.8208955223880597,0.2835820895522388,-4.255049793674575,0.5970149253731343,0.11940298507462686,3.350406548405955
542303,"Ozuna, Marcell",2026,"CH","Pirates","R","3.949907239",0.22388059701492538,0.07462686567164178,0.029850746268656716,-4.780937237575646,0.373134328358209,0.5970149253731343,9.152560779998925,0.582089552238806,12.016915976058156,0.417910447761194,0,,67,0.47761194029850745,1,0.3880597014925373,-3.072375774710726,0.6119402985074627,0,
665161,"Peña, Jeremy",2026,"CH","Astros","R","5.222744738",0.22388059701492538,0.13432835820895522,0.04477611940298507,-6.2973619076737855,0.417910447761194,0.5373134328358209,11.003692782373149,0.6119402985074627,15.27729635336175,0.3880597014925373,0,,67,0.417910447761194,0.9552238805970149,0.40298507462686567,-3.0929349759664473,0.5970149253731343,0,
621438,"Taylor, Tyrone",2026,"SL","zMLB","R","5.93888897",0.05970149253731343,0.22388059701492538,0.08955223880597014,-7.419940627596896,0.582089552238806,0.3283582089552239,10.263691129509159,0.29850746268656714,11.08549227154307,0.5671641791044776,0.13432835820895522,-11.618529117348979,67,0.23880597014925373,0.8208955223880597,0.1791044776119403,-3.919835203160983,0.7014925373134329,0.11940298507462686,2.7809076125992767
668723,"Vilade, Ryan",2026,"SI","Rays","R","1.12241315",0,0.208955223880597,0.208955223880597,-6.552108378571013,0.6865671641791045,0.1044776119402985,7.772114014956576,0.014925373134328358,7.137051510659871,0.8059701492537313,0.1791044776119403,-9.05044455454667,67,0.07462686567164178,0.9552238805970149,0.04477611940298507,-2.6468156027859897,0.6417910447761194,0.31343283582089554,2.7594524951476243
592626,"Pederson, Joc",2026,"FC","Rangers","L","1.657452702",0.029850746268656716,0.16417910447761194,0.208955223880597,-5.741828225628405,0.7313432835820896,0.05970149253731343,11.121471056349867,0.08955223880597014,9.191222045350193,0.6567164179104478,0.2537313432835821,-12.898262171498846,67,0.31343283582089554,0.8656716417910447,0.11940298507462686,-3.35967514336904,0.5223880597014925,0.3582089552238806,3.261322482100255
681508,"Gasper, Mickey",2026,"FF","Red Sox","S","1.085983484",0.014925373134328358,0.44776119402985076,0.04477611940298507,-5.463158841574992,0.8656716417910447,0.08955223880597014,8.433414300252247,0.014925373134328358,13.555938121233869,0.9253731343283582,0.05970149253731343,-15.155017727822225,67,0.07462686567164178,0.9253731343283582,0.04477611940298507,-2.4437252335280673,0.7313432835820896,0.22388059701492538,2.758105246613082
650859,"Rengifo, Luis",2026,"SL","zMLB","S","3.153131573",0.11940298507462686,0.1791044776119403,0.1044776119402985,-6.167177517499968,0.7313432835820896,0.16417910447761194,10.11252906491032,0.43283582089552236,12.632291279922748,0.40298507462686567,0.16417910447761194,-11.394861165625084,67,0.29850746268656714,0.8805970149253731,0.26865671641791045,-3.8064653115262717,0.6716417910447762,0.05970149253731343,5.179463879979448
666160,"Moniak, Mickey",2026,"ST","Rockies","L","5.585651732",0.1791044776119403,0.1791044776119403,0.11940298507462686,-6.315305802547088,0.5223880597014925,0.3582089552238806,11.656922802513646,0.5970149253731343,13.671472153340067,0.40298507462686567,0,,67,0.373134328358209,0.7761194029850746,0.2835820895522388,-3.770480650161351,0.7014925373134329,0.014925373134328358,4.372569959794634
682998,"Carroll, Corbin",2026,"FC","Diamondbacks","L","1.877724828",0.04477611940298507,0.22388059701492538,0.14925373134328357,-6.337398235712631,0.7611940298507462,0.08955223880597014,7.872093273287474,0.04477611940298507,10.83017938540651,0.7761194029850746,0.1791044776119403,-11.498568420243211,67,0.22388059701492538,0.8955223880597015,0.029850746268656716,-5.9317167513630995,0.6268656716417911,0.34328358208955223,3.265781590947849
665862,"Chisholm Jr., Jazz",2026,"ST","Yankees","L","4.269691977",0.14925373134328357,0.208955223880597,0.04477611940298507,-5.50051083143951,0.6119402985074627,0.34328358208955223,9.929026659908285,0.47761194029850745,14.22907969840552,0.5074626865671642,0.014925373134328358,-23.26990701072011,67,0.31343283582089554,0.8656716417910447,0.2835820895522388,-3.414863036686122,0.6268656716417911,0.08955223880597014,2.857886050852814
680757,"Kwan, Steven",2026,"CH","Guardians","L","1.292218729",0.029850746268656716,0.3582089552238806,0,,0.5522388059701493,0.44776119402985076,6.075369131043312,0.208955223880597,9.724376092612182,0.7313432835820896,0.05970149253731343,-9.553063033590542,67,0.13432835820895522,0.9552238805970149,0.04477611940298507,-3.3620407418971694,0.8507462686567164,0.1044776119402985,2.659865880225699
663538,"Hoerner, Nico",2026,"ST","Cubs","R","3.996585274",0,0.23880597014925373,0.04477611940298507,-5.4970220695408765,0.582089552238806,0.373134328358209,7.482287642726547,0.29850746268656714,10.420451488431699,0.6865671641791045,0.014925373134328358,-9.055951206468036,67,0.11940298507462686,0.8059701492537313,0,,0.8955223880597015,0.1044776119402985,2.4119222342464504
802139,"Wetherholt, JJ",2026,"ST","Cardinals","L","1.787107503",0.030303030303030304,0.21212121212121213,0.09090909090909091,-5.520738025130523,0.803030303030303,0.10606060606060606,7.803743987005645,0.30303030303030304,10.648558534787007,0.6212121212121212,0.07575757575757576,-12.149859776757708,66,0.2727272727272727,0.8181818181818182,0.13636363636363635,-4.436754483590842,0.7575757575757576,0.10606060606060606,2.7075632534962866
810938,"Williamson, Ben",2026,"SL","Rays","R","2.523647239",0.09090909090909091,0.16666666666666666,0.030303030303030304,-5.2943590437495445,0.6666666666666666,0.30303030303030304,7.005211856710625,0.4090909090909091,10.650309318772221,0.5454545454545454,0.045454545454545456,-9.213292083860019,66,0.24242424242424243,0.8939393939393939,0.3181818181818182,-3.1985097777108162,0.6515151515151515,0.030303030303030304,3.2727760220652566
502671,"Goldschmidt, Paul",2026,"CH","Yankees","R","3.982144734",0.15151515151515152,0.24242424242424243,0.045454545454545456,-4.416151617326523,0.5606060606060606,0.3939393939393939,7.496044872506671,0.2878787878787879,13.854134690399768,0.6060606060606061,0.10606060606060606,-10.988101903796164,66,0.2727272727272727,0.8787878787878788,0.3181818181818182,-4.053809668746098,0.6212121212121212,0.06060606060606061,2.6712515145731466
642708,"Rosario, Amed",2026,"CH","Yankees","R","2.581887943",0.045454545454545456,0.19696969696969696,0.015151515151515152,-7.2527494977726406,0.42424242424242425,0.5606060606060606,7.968576646726481,0.4393939393939394,12.140057124313023,0.5454545454545454,0.015151515151515152,-8.551404570170224,66,0.3333333333333333,1,0.12121212121212122,-2.682833330247392,0.7878787878787878,0.09090909090909091,2.5078329443011396
660821,"Sánchez, Jesús",2026,"SI","Blue Jays","L","0.940626278",0.045454545454545456,0.21212121212121213,0.09090909090909091,-7.253752749959357,0.6363636363636364,0.2727272727272727,6.490219584088233,0.015151515151515152,11.09719089715666,0.7121212121212122,0.2727272727272727,-12.488846581248382,66,0.22727272727272727,0.8484848484848485,0.15151515151515152,-2.633468681922715,0.5909090909090909,0.25757575757575757,2.748795382467987
691781,"House, Brady",2026,"SL","Nationals","R","4.958316023",0.19696969696969696,0.16666666666666666,0,,0.45454545454545453,0.5454545454545454,10.761497172588054,0.5303030303030303,12.910086436506264,0.4393939393939394,0.030303030303030304,-14.330611580619303,66,0.4090909090909091,0.9545454545454546,0.19696969696969696,-3.4658532411008434,0.6515151515151515,0.15151515151515152,3.1938037176286067
650402,"Torres, Gleyber",2026,"FC","Tigers","R","2.010611154",0.06060606060606061,0.25757575757575757,0.015151515151515152,-4.251995889740343,0.5151515151515151,0.4696969696969697,9.513698754416785,0.10606060606060606,10.051536504411438,0.7424242424242424,0.15151515151515152,-10.954975147272208,66,0.3333333333333333,0.9242424242424242,0.045454545454545456,-2.5252589320998955,0.7575757575757576,0.19696969696969696,2.938377152055246
691723,"Mayo, Coby",2026,"CH","Orioles","R","3.871692685",0.030303030303030304,0.19696969696969696,0.07575757575757576,-8.040165874222971,0.4393939393939394,0.48484848484848486,10.857926366595464,0.48484848484848486,13.08174182432569,0.4393939393939394,0.07575757575757576,-10.526132932239943,66,0.3787878787878788,0.9545454545454546,0.06060606060606061,-2.7795343092158227,0.8181818181818182,0.12121212121212122,2.958012931120568
621493,"Ward, Taylor",2026,"ST","zMLB","R","5.152457618",0.015151515151515152,0.21212121212121213,0.030303030303030304,-4.424656500792983,0.5909090909090909,0.3787878787878788,9.273753534883932,0.36363636363636365,12.927522382411386,0.6060606060606061,0.030303030303030304,-10.633146511123822,66,0.25757575757575757,0.8333333333333334,0.045454545454545456,-4.542952005680657,0.6060606060606061,0.3484848484848485,2.9195650329984764
696285,"Young, Jacob",2026,"CH","Nationals","R","3.296163123",0.15151515151515152,0.21212121212121213,0.030303030303030304,-6.362490349100932,0.5454545454545454,0.42424242424242425,8.037698855061873,0.42424242424242425,11.294373003045658,0.5454545454545454,0.030303030303030304,-7.836456397181281,66,0.30303030303030304,0.9545454545454546,0.3484848484848485,-3.7368970185060073,0.6212121212121212,0.030303030303030304,2.3093000864715476
663728,"Raleigh, Cal",2026,"CU","Mariners","S","6.025119849",0.19696969696969696,0.13636363636363635,0.13636363636363635,-5.2587929789680015,0.5909090909090909,0.2727272727272727,9.340718430633807,0.45454545454545453,13.607686126221722,0.4696969696969697,0.07575757575757576,-11.674601102570156,66,0.3787878787878788,0.8181818181818182,0.4393939393939394,-5.23812893490504,0.5303030303030303,0.030303030303030304,2.4347311843779544
802415,"Simpson, Chandler",2026,"SL","Rays","L","3.808545961",0.06060606060606061,0.24242424242424243,0.015151515151515152,-4.324576272617424,0.5757575757575758,0.4090909090909091,8.405435945433421,0.4090909090909091,10.86296819706541,0.5757575757575758,0.015151515151515152,-14.77373925995364,66,0.22727272727272727,0.7878787878787878,0.16666666666666666,-2.864323961012001,0.803030303030303,0.030303030303030304,2.9956808222689006
677587,"Rocchio, Brayan",2026,"CU","Guardians","S","6.105528454",0.10606060606060606,0.10606060606060606,0.16666666666666666,-8.053697836433036,0.45454545454545453,0.3787878787878788,10.897699181713834,0.48484848484848486,14.13171859502856,0.4393939393939394,0.07575757575757576,-13.45009282539361,66,0.3787878787878788,0.7727272727272727,0.3484848484848485,-5.2381695747399135,0.5909090909090909,0.06060606060606061,2.8002823439290383
700932,"Manzardo, Kyle",2026,"FC","Guardians","L","1.860515987",0.045454545454545456,0.21212121212121213,0.06060606060606061,-6.375643894147629,0.8181818181818182,0.12121212121212122,6.6770960265913955,0.18181818181818182,9.163985544558058,0.7272727272727273,0.09090909090909091,-10.31846431082832,66,0.2878787878787879,0.9242424242424242,0.13636363636363635,-3.9466541907204,0.5757575757575758,0.2878787878787879,3.4328197649573915
643217,"Benintendi, Andrew",2026,"FC","White Sox","L","2.23648389",0.10606060606060606,0.25757575757575757,0.06060606060606061,-4.997166015487667,0.7121212121212122,0.22727272727272727,8.290441427628826,0.13636363636363635,12.499426985522318,0.7272727272727273,0.13636363636363635,-11.251222868209995,66,0.3333333333333333,0.9242424242424242,0.10606060606060606,-3.578312529446008,0.6363636363636364,0.25757575757575757,3.509177138803268
694212,"Basallo, Samuel",2026,"SI","Orioles","L","1.219802471",0.045454545454545456,0.18181818181818182,0.2878787878787879,-6.86270462705766,0.5,0.21212121212121213,5.812709859409996,0.030303030303030304,9.16467329442649,0.6818181818181818,0.2878787878787879,-10.567300303087547,66,0.19696969696969696,0.9393939393939394,0.16666666666666666,-3.1692300131631495,0.6212121212121212,0.21212121212121213,3.0069597969337294
662139,"Varsho, Daulton",2026,"FC","zMLB","L","1.325034927",0.015151515151515152,0.19696969696969696,0.25757575757575757,-5.6120797704474565,0.6212121212121212,0.12121212121212122,6.486209656930599,0.07575757575757576,10.276366975777663,0.8181818181818182,0.10606060606060606,-10.568133927609892,66,0.16666666666666666,1,0.045454545454545456,-2.4274574463149667,0.6818181818181818,0.2727272727272727,3.0628536095114494
571970,"Muncy, Max",2026,"FC","Dodgers","L","2.246712626",0,0.2727272727272727,0.19696969696969696,-5.853879018369765,0.7424242424242424,0.06060606060606061,12.331180197439556,0.12121212121212122,9.963979850479161,0.7575757575757576,0.12121212121212122,-10.686641300528184,66,0.21212121212121213,0.8939393939393939,0.09090909090909091,-3.0797423320429766,0.7121212121212122,0.19696969696969696,2.763186611000252
694671,"Langford, Wyatt",2026,"CH","Rangers","R","5.019576222",0.09090909090909091,0.18181818181818182,0.015151515151515152,-5.781393424433507,0.5757575757575758,0.4090909090909091,11.969178252100265,0.45454545454545453,12.743050811904375,0.5303030303030303,0.015151515151515152,-12.225385662930856,66,0.3787878787878788,0.9545454545454546,0.2878787878787879,-3.0766864368590165,0.696969696969697,0.015151515151515152,2.2195917891690167
686681,"Massey, Michael",2026,"SI","Royals","L","1.05682563",0.030303030303030304,0.3484848484848485,0.21212121212121213,-6.474801712042032,0.6363636363636364,0.15151515151515152,6.63246177634106,0,,0.8636363636363636,0.13636363636363635,-10.547432288377605,66,0.07575757575757576,0.8787878787878788,0.12121212121212122,-2.605226685681143,0.6818181818181818,0.19696969696969696,2.38970042065075
605170,"Caratini, Victor",2026,"SL","Twins","S","3.847925962",0.10606060606060606,0.22727272727272727,0.10606060606060606,-7.7852917121791,0.6818181818181818,0.21212121212121213,8.260722354370486,0.4696969696969697,11.18783326577606,0.5,0.030303030303030304,-10.525753826168513,66,0.4090909090909091,0.9242424242424242,0.4090909090909091,-4.99745652352604,0.5303030303030303,0.06060606060606061,3.2907758835945717
663616,"Larnach, Trevor",2026,"CU","Twins","L","5.960977811",0.07575757575757576,0.19696969696969696,0,,0.6363636363636364,0.36363636363636365,11.888137657402819,0.6060606060606061,14.535698300606251,0.3787878787878788,0.015151515151515152,-11.362649339285815,66,0.3484848484848485,0.8787878787878788,0.21212121212121213,-4.350028704569528,0.7121212121212122,0.07575757575757576,2.327993951965147
669743,"Call, Alex",2026,"SI","Dodgers","R","0.927259256",0.015151515151515152,0.3181818181818182,0.25757575757575757,-6.20919808872922,0.7121212121212122,0.030303030303030304,5.46828695919335,0.06060606060606061,7.9232033125617125,0.7575757575757576,0.18181818181818182,-9.628458286027833,66,0.06060606060606061,0.9848484848484849,0.09090909090909091,-2.6842514443179404,0.8484848484848485,0.06060606060606061,2.576983713019431
683766,"Koss, Christian",2026,"FF","Giants","R","1.383024744",0.030303030303030304,0.19696969696969696,0.10606060606060606,-5.527955098885598,0.7575757575757576,0.13636363636363635,7.162216459214354,0,,0.8333333333333334,0.16666666666666666,-10.3274384124792,66,0.3181818181818182,0.9393939393939394,0.015151515151515152,-2.1734503338874225,0.45454545454545453,0.5303030303030303,3.4267005841132288
686469,"Pasquantino, Vinnie",2026,"SL","Royals","L","3.050483275",0.045454545454545456,0.25757575757575757,0.045454545454545456,-5.545168954379551,0.6666666666666666,0.2878787878787879,7.018826771761511,0.42424242424242425,11.33915171939604,0.5454545454545454,0.030303030303030304,-14.42195608855011,66,0.19696969696969696,0.9393939393939394,0.13636363636363635,-4.435823369510795,0.7424242424242424,0.12121212121212122,2.723361330739439
694362,"Dunn, Blake",2026,"FF","Reds","R","0.714366282",0.045454545454545456,0.19696969696969696,0.06060606060606061,-4.711342062573555,0.6818181818181818,0.25757575757575757,5.496680694077871,0,,0.8484848484848485,0.15151515151515152,-9.662518681645516,66,0.21212121212121213,0.9545454545454546,0.015151515151515152,-2.13337919271105,0.4090909090909091,0.5757575757575758,2.8907358003065355
677594,"Rodríguez, Julio",2026,"CU","Mariners","R","5.915915979",0.24242424242424243,0.09090909090909091,0.09090909090909091,-6.354727596233322,0.5151515151515151,0.3939393939393939,12.617651479673997,0.696969696969697,15.898561750616548,0.2878787878787879,0.015151515151515152,-9.626047282661824,66,0.4393939393939394,0.9393939393939394,0.3787878787878788,-3.980913379915638,0.5909090909090909,0.030303030303030304,3.8956279506277376
672640,"Lopez, Otto",2026,"FC","Marlins","R","2.182929719",0.045454545454545456,0.3939393939393939,0.030303030303030304,-5.6774973636074915,0.6515151515151515,0.3181818181818182,7.3010900977540745,0.15151515151515152,9.806794365373893,0.7575757575757576,0.09090909090909091,-10.777366023205767,66,0.15151515151515152,0.8939393939393939,0.045454545454545456,-2.8164953307784018,0.8333333333333334,0.12121212121212122,3.32614966171366
664983,"McCarthy, Jake",2026,"CU","Rockies","L","3.32473786",0.09230769230769231,0.24615384615384617,0.16923076923076924,-5.838370284303624,0.5692307692307692,0.26153846153846155,7.777408423264847,0.46153846153846156,12.0019766583395,0.5076923076923077,0.03076923076923077,-8.54394064870192,65,0.27692307692307694,0.9230769230769231,0.35384615384615387,-3.482358106262075,0.6153846153846154,0.03076923076923077,2.270480724719082
695657,"Montgomery, Colson",2026,"FC","White Sox","L","3.017966835",0.03076923076923077,0.24615384615384617,0.27692307692307694,-7.346976153757266,0.5846153846153846,0.13846153846153847,7.755370534006714,0.12307692307692308,10.867685081306067,0.7846153846153846,0.09230769230769231,-11.384578249606655,65,0.3230769230769231,0.9538461538461539,0.24615384615384617,-4.199810814190933,0.676923076923077,0.07692307692307693,3.4370286212946395
665019,"Clemens, Kody",2026,"CU","Twins","L","2.448384767",0.12307692307692308,0.18461538461538463,0.03076923076923077,-8.164240035510868,0.7538461538461538,0.2153846153846154,7.055900780949868,0.4153846153846154,11.324170822996459,0.5384615384615384,0.046153846153846156,-10.008529626537296,65,0.2923076923076923,0.9384615384615385,0.4307692307692308,-3.238510147725315,0.5384615384615384,0.03076923076923077,2.797556426994671
686948,"Baldwin, Drake",2026,"CU","Braves","L","3.973125131",0.16923076923076924,0.2,0.046153846153846156,-7.125532997329492,0.676923076923077,0.27692307692307694,7.610508758274792,0.5384615384615384,13.423310926311673,0.38461538461538464,0.07692307692307693,-9.395098388914734,65,0.3384615384615385,0.9076923076923077,0.4153846153846154,-4.129106173199053,0.5076923076923077,0.07692307692307693,2.5185545165419136
678218,"Valenzuela, Brandon",2026,"CH","Blue Jays","S","4.423358837",0.09230769230769231,0.13846153846153847,0,,0.3384615384615385,0.6615384615384615,9.49728628941199,0.5076923076923077,13.360547848189965,0.47692307692307695,0.015384615384615385,-9.64715750664557,65,0.35384615384615387,0.9230769230769231,0.13846153846153847,-4.23284277536999,0.7538461538461538,0.1076923076923077,2.7930239256350453
641584,"Fraley, Jake",2026,"FF","Rays","L","0.574068217",0.015384615384615385,0.12307692307692308,0.18461538461538463,-5.518159299179518,0.7692307692307693,0.046153846153846156,8.385526191729449,0,,0.676923076923077,0.3230769230769231,-10.19782668671146,65,0.2153846153846154,0.9538461538461539,0,,0.35384615384615387,0.6461538461538462,2.8499260253974747
694208,"Ballesteros, Moisés",2026,"CH","zMLB","L","3.617296493",0.07692307692307693,0.3076923076923077,0.015384615384615385,-5.690030833529214,0.49230769230769234,0.49230769230769234,8.160364812341701,0.4461538461538462,11.301874116496299,0.5384615384615384,0.015384615384615385,-11.074394855243234,65,0.26153846153846155,0.9538461538461539,0.16923076923076924,-3.522763578803409,0.7846153846153846,0.046153846153846156,2.333972185044093
668715,"Steer, Spencer",2026,"ST","Reds","R","5.846183489",0.07692307692307693,0.26153846153846155,0.015384615384615385,-4.110411238920765,0.6461538461538462,0.3384615384615385,9.201621453763744,0.3384615384615385,11.542382840086955,0.6153846153846154,0.046153846153846156,-10.446958232831843,65,0.2,0.8923076923076924,0.13846153846153847,-3.971228123834284,0.7692307692307693,0.09230769230769231,3.3394480167272937
808982,"Lee, Jung Hoo",2026,"ST","Giants","L","3.424158156",0.03076923076923077,0.23076923076923078,0.1076923076923077,-5.422456609657903,0.6153846153846154,0.27692307692307694,6.670312938066038,0.3230769230769231,11.482359147289573,0.6153846153846154,0.06153846153846154,-12.729902383931883,65,0.07692307692307693,0.9076923076923077,0.03076923076923077,-2.6243572035307388,0.8,0.16923076923076924,2.783252923903928
668885,"Martin, Austin",2026,"SL","Twins","R","7.06912364",0.16923076923076924,0.26153846153846155,0.12307692307692308,-6.286710076210439,0.5384615384615384,0.3384615384615385,12.015075687143215,0.36923076923076925,13.52648734431879,0.5692307692307692,0.06153846153846154,-9.058724293445154,65,0.38461538461538464,0.8307692307692308,0.35384615384615387,-4.573296608696941,0.6461538461538462,0,
693307,"Dingler, Dillon",2026,"CU","Tigers","R","3.378482779",0.09230769230769231,0.23076923076923078,0.03076923076923077,-4.784395807182964,0.6307692307692307,0.3384615384615385,9.11843148190188,0.47692307692307695,13.779770826461412,0.5230769230769231,0,,65,0.36923076923076925,0.8615384615384616,0.35384615384615387,-3.2279833114717316,0.6307692307692307,0.015384615384615385,2.039869862451776
596142,"Sánchez, Gary",2026,"SL","Brewers","R","5.732533247",0.16923076923076924,0.23076923076923078,0.1076923076923077,-6.126491225800867,0.5538461538461539,0.3384615384615385,11.140060671641114,0.2923076923076923,12.021204404558834,0.5538461538461539,0.15384615384615385,-11.861154689146082,65,0.38461538461538464,0.7384615384615385,0.26153846153846155,-5.450600070392395,0.5692307692307692,0.16923076923076924,3.1034267633058703
681715,"Hernández, Heriberto",2026,"CH","Marlins","R","4.132074422",0.3076923076923077,0.1076923076923077,0.06153846153846154,-6.224479829470412,0.4461538461538462,0.49230769230769234,8.725461996416097,0.5846153846153846,13.12478934317034,0.36923076923076925,0.046153846153846156,-8.72798918174189,65,0.46153846153846156,0.9538461538461539,0.5230769230769231,-3.7246562276737456,0.46153846153846156,0.015384615384615385,3.9987586206121604
802415,"Simpson, Chandler",2026,"CH","Rays","L","2.422205016",0.015384615384615385,0.2,0,,0.4,0.6,7.256813682733738,0.5384615384615384,11.776787724046326,0.4461538461538462,0.015384615384615385,-10.584628455837784,65,0.2,0.9384615384615385,0.06153846153846154,-3.594285896502682,0.9230769230769231,0.015384615384615385,2.304213207602701
624585,"Soler, Jorge",2026,"FC","Angels","R","3.938242694",0.07692307692307693,0.13846153846153847,0.046153846153846156,-7.042240657253792,0.49230769230769234,0.46153846153846156,8.727476411922177,0.36923076923076925,11.122398826168858,0.5230769230769231,0.1076923076923077,-13.390109701275405,65,0.2923076923076923,0.9538461538461539,0.06153846153846154,-2.2168959819377476,0.6307692307692307,0.3076923076923077,3.18752530999785
805808,"McGonigle, Kevin",2026,"CU","Tigers","L","3.197117534",0.07692307692307693,0.3230769230769231,0.046153846153846156,-4.846735465728947,0.8769230769230769,0.07692307692307693,8.593900005340014,0.36923076923076925,11.110445874640305,0.5846153846153846,0.046153846153846156,-10.066032440674956,65,0.15384615384615385,0.9076923076923077,0.27692307692307694,-3.0668947727039515,0.6923076923076923,0.03076923076923077,2.7887104985957167
671732,"Butler, Lawrence",2026,"FC","Athletics","L","2.620541452",0.07692307692307693,0.2153846153846154,0.13846153846153847,-5.826047843253765,0.6461538461538462,0.2153846153846154,8.750070791830721,0.06153846153846154,13.42342433485589,0.7538461538461538,0.18461538461538463,-11.91856118114128,65,0.2,0.9538461538461539,0.12307692307692308,-3.9222666219674136,0.6,0.27692307692307694,2.8795518816516927
656811,"O'Hearn, Ryan",2026,"FC","Pirates","L","1.923611795",0.07692307692307693,0.2,0.18461538461538463,-6.106926566327951,0.6923076923076923,0.12307692307692308,8.060667698579094,0.12307692307692308,10.243788380460112,0.8461538461538461,0.03076923076923077,-13.054574122455806,65,0.16923076923076924,0.9538461538461539,0.16923076923076924,-2.5258374390448055,0.6615384615384615,0.16923076923076924,2.7122421583995053
808982,"Lee, Jung Hoo",2026,"CU","Giants","L","0.658248848",0.015384615384615385,0.24615384615384617,0.13846153846153847,-5.356088272189126,0.7846153846153846,0.07692307692307693,5.5168142231009,0.2923076923076923,10.299221892534062,0.6461538461538462,0.06153846153846154,-7.394673334754808,65,0.12307692307692308,0.9692307692307692,0.09230769230769231,-2.6676773498970894,0.8,0.1076923076923077,2.7120726065640657
573262,"Yastrzemski, Mike",2026,"SI","Braves","L","0.807605447",0.015384615384615385,0.35384615384615387,0.046153846153846156,-5.742884665217041,0.8153846153846154,0.13846153846153847,6.096758904784027,0,,0.8615384615384616,0.13846153846153847,-9.525064604544802,65,0.16923076923076924,0.9384615384615385,0.03076923076923077,-2.244169601396364,0.6615384615384615,0.3076923076923077,3.033379458369927
606466,"Marte, Ketel",2026,"ST","Diamondbacks","S","4.776112984",0.1076923076923077,0.15384615384615385,0.16923076923076924,-6.232934538378918,0.6,0.23076923076923078,13.797761448789963,0.4,15.792632662009183,0.47692307692307695,0.12307692307692308,-9.992431324105596,65,0.38461538461538464,0.8615384615384616,0.26153846153846155,-4.28131343341396,0.6461538461538462,0.09230769230769231,2.827658758574883
672275,"Bailey, Patrick",2026,"SL","zMLB","S","3.006758137",0.15384615384615385,0.2,0.07692307692307693,-5.761045549453273,0.6153846153846154,0.3076923076923077,9.377125358776723,0.4,12.354012977946196,0.49230769230769234,0.1076923076923077,-11.881810718581523,65,0.35384615384615387,0.9230769230769231,0.3076923076923077,-3.6935203452974648,0.6153846153846154,0.07692307692307693,3.797331744320589
665052,"Conine, Griffin",2026,"SL","Marlins","L","2.460625364",0.1076923076923077,0.24615384615384617,0.03076923076923077,-10.206705500763135,0.676923076923077,0.2923076923076923,6.931227163988458,0.36923076923076925,10.613443092214295,0.5692307692307692,0.06153846153846154,-10.758369336900133,65,0.47692307692307695,0.8615384615384616,0.38461538461538464,-4.345085460640721,0.47692307692307695,0.13846153846153847,3.1915356447775114